player_id,season_name,element_code,start_cost,end_cost,total_points,minutes,goals_scored,assists,clean_sheets,goals_conceded,own_goals,penalties_saved,penalties_missed,yellow_cards,red_cards,saves,bonus,bps,influence,creativity,threat,ict_index,clearances_blocks_interceptions,recoveries,tackles,defensive_contribution,starts,expected_goals,expected_assists,expected_goal_involvements,expected_goals_conceded,start_cost_millions,end_cost_millions
1,2021/22,154561,45,44,95,2160,0,0,8,27,0,0,0,1,0,78,5,496,593.4,10.0,0.0,60.1,0,0,0,0,0,0.00,0.00,0.00,0.00,4.5,4.4
1,2022/23,154561,45,48,166,3420,0,0,12,46,1,0,0,1,0,154,20,822,1146.0,20.1,4.0,117.3,0,0,0,0,38,0.11,0.12,0.23,50.12,4.5,4.8
1,2023/24,154561,50,53,135,2880,0,0,16,24,0,1,0,2,0,46,6,569,413.0,0.0,0.0,41.1,0,0,0,0,32,0.00,0.04,0.04,22.51,5.0,5.3
1,2024/25,154561,55,56,142,3420,0,0,13,34,0,0,0,3,0,86,10,555,755.4,10.7,0.0,76.7,0,0,0,0,38,0.00,0.03,0.03,35.03,5.5,5.6
2,2018/19,109745,55,54,142,3240,0,0,14,39,0,1,0,2,0,82,7,685,681.0,0.1,0.0,68.0,0,0,0,0,0,0.00,0.00,0.00,0.00,5.5,5.4
2,2019/20,109745,55,54,90,2970,0,0,8,47,0,0,0,0,0,55,0,507,503.6,0.0,0.0,50.2,0,0,0,0,0,0.00,0.00,0.00,0.00,5.5,5.4
2,2020/21,109745,50,47,26,585,0,0,2,8,0,0,0,1,0,16,5,117,113.6,0.0,0.0,11.3,0,0,0,0,0,0.00,0.00,0.00,0.00,5.0,4.7
2,2021/22,109745,50,45,19,360,0,0,2,2,0,0,0,0,0,11,1,89,95.6,0.0,0.0,9.6,0,0,0,0,0,0.00,0.00,0.00,0.00,5.0,4.5
2,2022/23,109745,45,45,118,2565,0,0,9,33,0,0,0,1,0,91,15,575,733.4,0.1,0.0,73.3,0,0,0,0,29,0.00,0.00,0.00,38.34,4.5,4.5
2,2023/24,109745,50,50,0,0,0,0,0,0,0,0,0,0,0,0,0,0,0.0,0.0,0.0,0.0,0,0,0,0,0,0.00,0.00,0.00,0.00,5.0,5.0
2,2024/25,109745,45,46,106,2790,0,0,8,39,0,0,0,3,0,97,7,406,744.4,10.4,4.0,75.8,0,0,0,0,31,0.06,0.03,0.09,38.83,4.5,4.6
3,2021/22,463748,40,40,0,0,0,0,0,0,0,0,0,0,0,0,0,0,0.0,0.0,0.0,0.0,0,0,0,0,0,0.00,0.00,0.00,0.00,4.0,4.0
3,2022/23,463748,40,39,0,0,0,0,0,0,0,0,0,0,0,0,0,0,0.0,0.0,0.0,0.0,0,0,0,0,0,0.00,0.00,0.00,0.00,4.0,3.9
3,2023/24,463748,40,40,0,0,0,0,0,0,0,0,0,0,0,0,0,0,0.0,0.0,0.0,0.0,0,0,0,0,0,0.00,0.00,0.00,0.00,4.0,4.0
3,2024/25,463748,40,40,0,0,0,0,0,0,0,0,0,0,0,0,0,0,0.0,0.0,0.0,0.0,0,0,0,0,0,0.00,0.00,0.00,0.00,4.0,4.0
4,2024/25,551221,45,45,0,0,0,0,0,0,0,0,0,0,0,0,0,0,0.0,0.0,0.0,0.0,0,0,0,0,0,0.00,0.00,0.00,0.00,4.5,4.5
5,2020/21,226597,50,49,78,1996,2,0,6,24,0,0,0,2,1,0,7,385,464.8,51.0,233.0,74.9,0,0,0,0,0,0.00,0.00,0.00,0.00,5.0,4.9
5,2021/22,226597,50,53,146,3063,5,0,13,38,0,0,0,6,1,0,16,682,746.8,131.6,470.0,134.7,0,0,0,0,0,0.00,0.00,0.00,0.00,5.0,5.3
5,2022/23,226597,50,52,146,3409,3,0,14,43,0,0,0,5,0,0,15,723,743.8,131.4,401.0,127.7,0,0,0,0,38,5.04,0.66,5.70,41.84,5.0,5.2
5,2023/24,226597,50,54,149,3042,3,1,16,26,1,0,0,4,0,0,8,676,675.8,121.9,379.0,117.9,0,0,0,0,34,4.48,0.65,5.13,26.18,5.0,5.4
5,2024/25,226597,60,61,117,2363,3,2,10,22,0,0,0,4,0,0,9,459,584.6,208.8,287.0,108.2,0,0,0,159,28,2.70,1.21,3.91,23.09,6.0,6.1
6,2020/21,462424,45,40,0,0,0,0,0,0,0,0,0,0,0,0,0,0,0.0,0.0,0.0,0.0,0,0,0,0,0,0.00,0.00,0.00,0.00,4.5,4.0
6,2021/22,462424,45,45,0,0,0,0,0,0,0,0,0,0,0,0,0,0,0.0,0.0,0.0,0.0,0,0,0,0,0,0.00,0.00,0.00,0.00,4.5,4.5
6,2022/23,462424,45,49,117,2415,2,1,12,25,1,0,0,4,0,0,14,571,529.0,100.8,114.0,74.5,0,0,0,0,27,0.91,0.32,1.23,26.86,4.5,4.9
6,2023/24,462424,50,59,164,3420,2,1,18,29,0,0,0,4,0,0,13,781,697.2,152.1,140.0,99.1,0,0,0,0,38,1.70,0.90,2.60,28.32,5.0,5.9
6,2024/25,462424,60,64,130,3039,2,0,12,29,0,0,0,2,1,0,14,564,672.6,150.1,116.0,94.2,0,0,0,216,35,2.42,1.28,3.70,30.32,6.0,6.4
7,2024/25,466075,60,58,39,978,2,1,1,12,0,0,0,4,0,0,1,142,252.6,118.2,176.0,54.6,0,0,0,66,11,0.86,0.69,1.55,10.28,6.0,5.8
8,2023/24,445122,50,46,0,70,0,0,0,0,0,0,0,2,0,0,0,4,5.8,4.7,2.0,1.3,0,0,0,0,1,0.00,0.02,0.02,0.28,5.0,4.6
8,2024/25,445122,55,55,114,2415,1,3,11,21,0,0,0,7,0,0,9,426,393.0,296.8,254.0,94.2,0,0,0,125,27,1.23,1.30,2.53,21.09,5.5,5.5
9,2022/23,440854,40,40,26,425,1,0,2,6,0,0,0,0,0,0,1,111,98.6,17.9,21.0,13.9,0,0,0,0,5,0.10,0.01,0.11,6.46,4.0,4.0
9,2023/24,440854,45,40,67,942,1,3,6,8,0,0,0,1,0,0,1,260,228.8,106.9,90.0,42.7,0,0,0,0,11,0.74,0.60,1.34,5.15,4.5,4.0
9,2024/25,440854,50,49,43,1117,1,0,3,15,0,0,0,1,0,0,2,178,267.2,91.3,32.0,39.2,0,0,0,93,10,0.17,0.29,0.46,14.71,5.0,4.9
10,2023/24,499169,45,45,0,0,0,0,0,0,0,0,0,0,0,0,0,0,0.0,0.0,0.0,0.0,0,0,0,0,0,0.00,0.00,0.00,0.00,4.5,4.5
10,2024/25,499169,45,45,37,1362,1,0,5,16,0,0,0,3,2,0,0,237,176.0,170.7,57.0,40.0,0,0,0,54,15,0.16,0.51,0.67,16.65,4.5,4.5
11,2018/19,198869,40,40,0,0,0,0,0,0,0,0,0,0,0,0,0,0,0.0,0.0,0.0,0.0,0,0,0,0,0,0.00,0.00,0.00,0.00,4.0,4.0
11,2020/21,198869,45,45,104,3192,0,0,12,44,0,0,0,3,1,0,5,571,488.6,152.5,153.0,79.7,0,0,0,0,0,0.00,0.00,0.00,0.00,4.5,4.5
11,2021/22,198869,45,46,107,2880,0,0,13,35,1,0,0,3,0,0,9,557,592.8,182.3,150.0,92.5,0,0,0,0,0,0.00,0.00,0.00,0.00,4.5,4.6
11,2022/23,198869,45,50,156,3054,2,5,15,35,0,0,0,5,0,0,12,734,655.4,492.5,159.0,130.8,0,0,0,0,36,1.25,3.60,4.85,37.23,4.5,5.0
11,2023/24,198869,55,61,182,2987,4,5,18,26,0,0,0,8,0,0,14,776,765.8,589.4,234.0,159.0,0,0,0,0,35,1.27,3.66,4.93,24.95,5.5,6.1
11,2024/25,198869,65,62,50,1195,0,2,5,13,0,0,0,2,0,0,0,211,247.6,162.6,100.0,51.0,0,0,0,82,13,0.46,1.30,1.76,16.88,6.5,6.2
13,2024/25,563324,40,40,0,0,0,0,0,0,0,0,0,0,0,0,0,0,0.0,0.0,0.0,0.0,0,0,0,0,0,0.00,0.00,0.00,0.00,4.0,4.0
14,2024/25,588793,40,40,0,0,0,0,0,0,0,0,0,0,0,0,0,0,0.0,0.0,0.0,0.0,0,0,0,0,0,0.00,0.00,0.00,0.00,4.0,4.0
15,2024/25,499167,40,40,0,0,0,0,0,0,0,0,0,0,0,0,0,0,0.0,0.0,0.0,0.0,0,0,0,0,0,0.00,0.00,0.00,0.00,4.0,4.0
16,2018/19,223340,45,45,1,7,0,0,0,0,0,0,0,0,0,0,0,3,0.0,0.0,0.0,0.0,0,0,0,0,0,0.00,0.00,0.00,0.00,4.5,4.5
16,2019/20,223340,45,47,71,1746,1,6,7,18,0,0,0,6,0,0,4,259,327.2,322.5,248.0,89.8,0,0,0,0,0,0.00,0.00,0.00,0.00,4.5,4.7
16,2020/21,223340,55,51,114,2554,5,5,8,31,1,0,0,1,0,0,8,414,493.0,650.6,984.0,212.7,0,0,0,0,0,0.00,0.00,0.00,0.00,5.5,5.1
16,2021/22,223340,65,67,179,2978,11,9,13,39,0,0,0,6,0,0,18,566,790.4,977.8,1434.0,320.0,0,0,0,0,0,0.00,0.00,0.00,0.00,6.5,6.7
16,2022/23,223340,80,80,202,3183,14,12,12,42,0,0,1,6,0,0,19,678,1014.2,1106.1,1214.0,333.4,0,0,0,0,37,11.49,5.97,17.46,39.66,8.0,8.0
16,2023/24,223340,85,88,226,2922,16,12,16,27,0,0,0,4,0,0,29,776,1093.8,1319.8,1342.0,375.7,0,0,0,0,35,15.40,10.90,26.29,25.66,8.5,8.8
16,2024/25,223340,100,104,127,1724,6,11,7,21,0,0,0,3,0,0,18,508,606.0,842.8,830.0,227.9,0,0,0,108,20,6.87,7.78,14.65,17.72,10.0,10.4
17,2020/21,184029,60,56,40,861,1,2,3,12,0,0,0,0,0,0,3,183,169.8,322.8,167.0,65.9,0,0,0,0,0,0.00,0.00,0.00,0.00,6.0,5.6
17,2021/22,184029,55,56,131,2782,7,4,11,39,0,0,0,4,0,0,9,541,676.6,1073.2,639.0,238.2,0,0,0,0,0,0.00,0.00,0.00,0.00,5.5,5.6
17,2022/23,184029,65,69,212,3132,15,8,13,38,0,0,0,4,0,0,30,813,971.8,1140.3,934.0,304.9,0,0,0,0,37,9.75,8.02,17.77,37.94,6.5,6.9
17,2023/24,184029,85,86,186,3098,8,11,19,23,0,0,0,2,0,0,26,703,910.4,1499.4,757.0,317.0,0,0,0,0,35,7.53,10.16,17.69,25.26,8.5,8.6
17,2024/25,184029,85,82,116,2321,3,9,11,21,0,0,0,4,0,0,11,529,524.6,968.7,493.0,198.8,0,0,0,127,26,4.85,6.68,11.53,22.16,8.5,8.2
18,2022/23,248857,55,54,26,639,1,0,0,13,0,0,0,0,0,0,2,105,153.8,170.8,224.0,55.0,0,0,0,0,7,0.90,0.72,1.62,13.11,5.5,5.4
18,2023/24,248857,55,53,76,1044,5,3,4,19,0,0,0,2,0,0,7,253,341.6,287.5,401.0,102.8,0,0,0,0,13,2.51,2.13,4.64,18.37,5.5,5.3
18,2024/25,248857,65,60,120,2028,7,5,6,28,0,0,0,3,0,0,12,425,479.2,475.1,998.0,195.3,0,0,0,129,27,9.62,2.86,12.48,29.55,6.5,6.0
19,2019/20,444145,45,42,39,656,3,1,2,9,0,0,0,1,0,0,5,129,162.8,36.6,226.0,42.5,0,0,0,0,0,0.00,0.00,0.00,0.00,4.5,4.2
19,2020/21,444145,50,49,36,582,2,1,4,3,0,0,0,0,0,0,0,107,142.6,133.8,300.0,57.5,0,0,0,0,0,0.00,0.00,0.00,0.00,5.0,4.9
19,2021/22,444145,55,53,110,1855,6,7,7,25,0,0,0,1,1,0,6,345,475.8,483.3,786.0,174.7,0,0,0,0,0,0.00,0.00,0.00,0.00,5.5,5.3
19,2022/23,444145,60,65,198,2789,15,9,14,33,0,0,0,3,0,0,18,648,844.2,838.1,1300.0,298.1,0,0,0,0,34,9.15,6.98,16.13,36.16,6.0,6.5
19,2023/24,444145,80,75,118,2010,6,5,10,23,0,0,0,1,0,0,6,404,500.4,717.1,795.0,200.8,0,0,0,0,24,6.36,5.18,11.53,14.88,8.0,7.5
19,2024/25,444145,70,65,125,2284,8,4,10,25,0,0,0,1,0,0,6,422,559.8,587.8,912.0,206.1,0,0,0,122,25,7.13,4.46,11.59,26.22,7.0,6.5
20,2019/20,116216,60,58,104,2004,5,5,4,34,0,0,0,0,0,0,9,352,411.4,585.4,540.0,153.2,0,0,0,0,0,0.00,0.00,0.00,0.00,6.0,5.8
20,2020/21,116216,60,55,132,2602,5,6,12,30,0,0,0,2,0,0,15,406,543.4,725.1,759.0,202.8,0,0,0,0,0,0.00,0.00,0.00,0.00,6.0,5.5
20,2021/22,116216,65,59,141,2803,8,4,11,33,0,0,0,2,0,0,16,465,627.6,708.3,1020.0,235.4,0,0,0,0,0,0.00,0.00,0.00,0.00,6.5,5.9
20,2022/23,116216,65,66,154,2237,8,13,8,38,0,0,0,1,0,0,8,494,666.0,711.4,875.0,225.2,0,0,0,0,26,6.37,6.02,12.39,30.79,6.5,6.6
20,2023/24,116216,70,66,138,1633,12,2,12,10,0,0,0,2,0,0,11,398,563.6,384.7,746.0,169.5,0,0,0,0,18,8.29,2.96,11.25,13.46,7.0,6.6
20,2024/25,116216,70,67,152,2546,8,8,11,27,0,0,0,2,1,0,18,561,609.0,617.6,798.0,202.1,0,0,0,158,28,6.74,4.12,10.86,24.76,7.0,6.7
21,2016/17,204480,45,45,1,1,0,0,0,0,0,0,0,0,0,0,0,3,0.6,0.3,0.0,0.1,0,0,0,0,0,0.00,0.00,0.00,0.00,4.5,4.5
21,2017/18,204480,45,44,41,1421,0,0,3,29,0,0,0,1,0,0,0,280,310.4,35.7,29.0,37.5,0,0,0,0,0,0.00,0.00,0.00,0.00,4.5,4.4
21,2018/19,204480,45,44,92,3003,2,0,6,47,0,0,0,4,0,0,9,586,584.4,174.2,213.0,97.1,0,0,0,0,0,0.00,0.00,0.00,0.00,4.5,4.4
21,2019/20,204480,50,47,105,3420,1,5,7,62,0,0,0,6,0,0,8,616,715.8,350.8,259.0,132.5,0,0,0,0,0,0.00,0.00,0.00,0.00,5.0,4.7
21,2020/21,204480,50,47,86,2880,2,1,11,37,0,0,1,2,0,0,2,520,561.2,343.8,303.0,121.3,0,0,0,0,0,0.00,0.00,0.00,0.00,5.0,4.7
21,2021/22,204480,50,50,95,3178,1,4,8,49,0,0,0,8,0,0,7,595,773.4,401.8,288.0,146.8,0,0,0,0,0,0.00,0.00,0.00,0.00,5.0,5.0
21,2022/23,204480,50,47,116,3272,4,3,9,50,0,0,1,5,0,0,12,622,789.0,539.3,226.0,155.5,0,0,0,0,36,2.40,1.85,4.25,48.28,5.0,4.7
21,2023/24,204480,55,55,165,3225,7,9,17,28,0,0,0,5,0,0,17,744,959.4,745.3,451.0,215.9,0,0,0,0,37,3.53,5.09,8.62,27.08,5.5,5.5
21,2024/25,204480,65,63,127,2823,4,7,11,29,0,0,0,5,1,0,17,627,733.0,959.6,399.0,208.8,0,0,0,297,33,3.51,5.64,9.14,27.13,6.5,6.3
22,2017/18,195384,50,49,49,1337,1,1,3,18,0,0,0,4,0,0,4,271,374.8,236.7,156.0,76.9,0,0,0,0,0,0.00,0.00,0.00,0.00,5.0,4.9
22,2018/19,195384,50,50,0,0,0,0,0,0,0,0,0,0,0,0,0,0,0.0,0.0,0.0,0.0,0,0,0,0,0,0.00,0.00,0.00,0.00,5.0,5.0
22,2024/25,195384,60,60,92,1575,7,2,4,17,0,0,0,2,1,0,8,326,456.8,265.8,511.0,123.3,0,0,0,175,17,5.75,1.18,6.93,15.71,6.0,6.0
23,2022/23,438098,60,56,40,500,1,2,2,5,0,0,0,0,0,0,2,134,116.0,180.6,123.0,41.5,0,0,0,0,3,0.86,1.39,2.25,5.28,6.0,5.6
23,2023/24,438098,55,54,24,290,1,3,1,2,0,0,0,0,1,0,0,67,82.8,88.8,85.0,25.5,0,0,0,0,2,1.25,0.64,1.89,1.83,5.5,5.4
23,2024/25,438098,55,54,0,0,0,0,0,0,0,0,0,0,0,0,0,0,0.0,0.0,0.0,0.0,0,0,0,0,0,0.00,0.00,0.00,0.00,5.5,5.4
24,2021/22,128295,50,50,101,3054,3,4,8,51,0,0,0,8,0,0,5,502,694.8,409.8,434.0,154.3,0,0,0,0,0,0.00,0.00,0.00,0.00,5.0,5.0
24,2022/23,128295,55,53,71,1763,1,6,6,23,0,0,0,6,0,0,6,309,379.2,173.7,269.0,82.3,0,0,0,0,21,1.64,1.74,3.38,25.13,5.5,5.3
24,2023/24,128295,55,52,74,2504,2,1,6,51,0,0,0,8,0,0,3,414,501.8,396.2,316.0,121.8,0,0,0,0,30,3.61,2.44,6.05,43.31,5.5,5.2
24,2024/25,128295,50,48,107,2820,5,5,6,45,0,0,0,8,1,0,7,580,735.4,333.0,409.0,147.9,0,0,0,405,34,4.23,1.38,5.61,44.54,5.0,4.8
25,2022/23,499175,45,45,1,1,0,0,0,0,0,0,0,0,0,0,0,3,0.0,0.0,0.0,0.0,0,0,0,0,0,0.00,0.00,0.00,0.00,4.5,4.5
25,2023/24,499175,45,45,1,13,0,0,0,0,0,0,0,0,0,0,0,3,2.0,12.3,4.0,1.8,0,0,0,0,0,0.00,0.05,0.05,0.13,4.5,4.5
25,2024/25,499175,45,43,66,882,4,2,4,4,0,0,0,1,0,0,4,251,293.2,282.8,255.0,83.0,0,0,0,53,11,1.19,1.78,2.97,5.38,4.5,4.3
28,2024/25,588796,45,45,0,0,0,0,0,0,0,0,0,0,0,0,0,0,0.0,0.0,0.0,0.0,0,0,0,0,0,0.00,0.00,0.00,0.00,4.5,4.5
29,2021/22,437742,50,48,32,1129,0,0,7,11,0,0,0,5,0,0,0,173,192.4,263.4,108.0,56.3,0,0,0,0,0,0.00,0.00,0.00,0.00,5.0,4.8
29,2022/23,437742,45,43,23,728,0,0,2,8,0,0,0,2,0,0,0,129,98.4,57.2,20.0,17.6,0,0,0,0,8,0.17,0.18,0.35,8.12,4.5,4.3
29,2023/24,437742,50,49,47,1304,1,3,2,31,0,0,0,4,0,0,4,231,289.8,154.9,56.0,49.9,0,0,0,0,16,0.55,0.79,1.34,25.20,5.0,4.9
30,2020/21,219847,85,83,91,1512,4,6,8,15,0,0,0,2,0,0,3,268,325.0,307.7,514.0,114.2,0,0,0,0,0,0.00,0.00,0.00,0.00,8.5,8.3
30,2021/22,219847,85,79,112,1802,8,4,10,18,0,0,0,3,0,0,5,271,461.2,329.5,939.0,171.9,0,0,0,0,0,0.00,0.00,0.00,0.00,8.5,7.9
30,2022/23,219847,80,74,102,2565,7,1,9,31,0,0,0,5,0,0,13,301,476.4,536.6,1014.0,202.5,0,0,0,0,30,11.58,2.75,14.33,38.25,8.0,7.4
30,2023/24,219847,75,76,180,2627,13,10,16,22,0,0,0,11,0,0,15,515,763.2,613.4,1027.0,240.2,0,0,0,0,30,12.36,3.88,16.23,21.03,7.5,7.6
30,2024/25,219847,80,77,97,1872,9,3,7,20,0,0,0,5,0,0,14,343,467.6,269.0,711.0,144.8,0,0,0,99,21,9.53,1.65,11.18,19.32,8.0,7.7
31,2016/17,205651,90,91,67,651,7,4,3,5,0,0,0,2,0,0,12,258,335.8,165.9,436.0,92.9,0,0,0,0,0,0.00,0.00,0.00,0.00,9.0,9.1
31,2017/18,205651,105,104,126,1660,13,7,9,12,0,0,2,6,0,0,18,473,603.6,360.3,1089.0,204.9,0,0,0,0,0,0.00,0.00,0.00,0.00,10.5,10.4
31,2018/19,205651,105,99,79,1017,7,3,2,11,0,0,0,1,0,0,7,259,395.2,300.5,864.0,156.3,0,0,0,0,0,0.00,0.00,0.00,0.00,10.5,9.9
31,2019/20,205651,95,99,146,2018,14,8,12,14,0,0,1,3,0,0,17,535,757.6,447.7,1620.0,282.1,0,0,0,0,0,0.00,0.00,0.00,0.00,9.5,9.9
31,2020/21,205651,95,91,115,2056,9,5,11,17,0,0,0,2,0,0,16,453,501.0,467.5,931.0,190.0,0,0,0,0,0,0.00,0.00,0.00,0.00,9.5,9.1
31,2021/22,205651,85,86,120,1871,8,8,11,15,0,0,0,1,0,0,16,488,567.4,530.9,1126.0,222.3,0,0,0,0,0,0.00,0.00,0.00,0.00,8.5,8.6
31,2022/23,205651,80,81,125,2064,11,7,9,23,0,0,0,6,0,0,17,401,660.6,427.8,1331.0,241.9,0,0,0,0,24,14.24,2.91,17.15,23.15,8.0,8.1
31,2023/24,205651,80,77,85,1470,4,7,11,11,0,0,0,6,0,0,10,271,364.8,403.0,756.0,152.7,0,0,0,0,17,6.27,3.26,9.53,11.67,8.0,7.7
31,2024/25,205651,70,65,42,600,3,2,2,5,0,0,0,4,0,0,6,152,154.4,119.5,255.0,52.6,0,0,0,50,6,3.05,0.52,3.57,5.82,7.0,6.5
266,2020/21,232413,60,58,125,2555,4,8,6,51,0,0,0,3,0,0,17,470,516.2,653.1,383.0,155.4,0,0,0,0,0,0.00,0.00,0.00,0.00,6.0,5.8
266,2021/22,232413,60,59,31,599,1,1,3,8,0,0,0,1,0,0,2,125,120.0,175.3,135.0,43.2,0,0,0,0,0,0.00,0.00,0.00,0.00,6.0,5.9
266,2022/23,232413,55,57,159,2631,10,5,9,35,0,0,0,3,0,0,21,580,702.6,833.6,635.0,217.0,0,0,0,0,30,7.25,2.92,10.17,32.64,5.5,5.7
266,2023/24,232413,65,60,136,2054,11,5,8,28,0,0,0,3,0,0,11,490,740.4,810.0,735.0,228.7,0,0,0,0,24,9.12,5.66,14.78,32.39,6.5,6.0
266,2024/25,232413,70,70,148,2588,8,8,10,34,0,0,1,1,0,0,15,605,685.0,849.2,691.0,222.4,0,0,0,204,31,10.39,4.67,15.06,35.03,7.0,7.0
666,2018/19,224117,45,45,0,0,0,0,0,0,0,0,0,0,0,0,0,0,0.0,0.0,0.0,0.0,0,0,0,0,0,0.00,0.00,0.00,0.00,4.5,4.5
32,2012/13,98980,45,44,0,0,0,0,0,0,0,0,0,0,0,0,0,0,0.0,0.0,0.0,0.0,0,0,0,0,0,0.00,0.00,0.00,0.00,4.5,4.4
32,2014/15,98980,45,45,14,302,0,0,2,4,0,0,0,0,0,4,0,57,0.0,0.0,0.0,0.0,0,0,0,0,0,0.00,0.00,0.00,0.00,4.5,4.5
32,2016/17,98980,40,39,8,180,0,0,1,3,0,0,0,0,0,5,0,35,30.6,0.0,0.0,3.1,0,0,0,0,0,0.00,0.00,0.00,0.00,4.0,3.9
32,2017/18,98980,40,40,0,0,0,0,0,0,0,0,0,0,0,0,0,0,0.0,0.0,0.0,0.0,0,0,0,0,0,0.00,0.00,0.00,0.00,4.0,4.0
32,2018/19,98980,40,40,0,0,0,0,0,0,0,0,0,0,0,0,0,0,0.0,0.0,0.0,0.0,0,0,0,0,0,0.00,0.00,0.00,0.00,4.0,4.0
32,2019/20,98980,45,44,33,770,0,0,3,9,0,0,0,2,0,34,1,169,256.8,0.0,0.0,25.8,0,0,0,0,0,0.00,0.00,0.00,0.00,4.5,4.4
32,2020/21,98980,45,53,186,3420,0,0,15,46,0,1,0,1,0,142,27,825,1067.2,20.0,0.0,108.5,0,0,0,0,0,0.00,0.00,0.00,0.00,4.5,5.3
32,2021/22,98980,55,55,129,3240,0,0,11,48,0,1,0,4,0,95,7,651,755.8,0.0,0.0,75.4,0,0,0,0,0,0.00,0.00,0.00,0.00,5.5,5.5
32,2022/23,98980,50,50,135,3139,0,0,11,38,1,1,0,7,0,98,15,678,835.2,23.0,0.0,85.7,0,0,0,0,36,0.00,0.21,0.21,43.46,5.0,5.0
32,2023/24,98980,50,52,115,3015,0,0,8,48,2,0,0,4,0,95,19,640,802.0,20.0,0.0,82.2,0,0,0,0,34,0.00,0.01,0.01,49.87,5.0,5.2
32,2024/25,98980,50,50,111,3195,0,0,8,47,0,1,0,5,1,100,6,457,839.6,20.0,0.0,86.0,0,0,0,0,37,0.00,0.02,0.02,44.99,5.0,5.0
34,2023/24,462492,40,39,0,0,0,0,0,0,0,0,0,0,0,0,0,0,0.0,0.0,0.0,0.0,0,0,0,0,0,0.00,0.00,0.00,0.00,4.0,3.9
34,2024/25,462492,40,40,0,0,0,0,0,0,0,0,0,0,0,0,0,0,0.0,0.0,0.0,0.0,0,0,0,0,0,0.00,0.00,0.00,0.00,4.0,4.0
35,2021/22,462381,40,40,0,0,0,0,0,0,0,0,0,0,0,0,0,0,0.0,0.0,0.0,0.0,0,0,0,0,0,0.00,0.00,0.00,0.00,4.0,4.0
35,2022/23,462381,40,40,0,0,0,0,0,0,0,0,0,0,0,0,0,0,0.0,0.0,0.0,0.0,0,0,0,0,0,0.00,0.00,0.00,0.00,4.0,4.0
35,2023/24,462381,40,40,0,0,0,0,0,0,0,0,0,0,0,0,0,0,0.0,0.0,0.0,0.0,0,0,0,0,0,0.00,0.00,0.00,0.00,4.0,4.0
35,2024/25,462381,40,40,0,0,0,0,0,0,0,0,0,0,0,0,0,0,0.0,0.0,0.0,0.0,0,0,0,0,0,0.00,0.00,0.00,0.00,4.0,4.0
36,2020/21,199796,50,50,89,2373,0,2,11,35,0,0,0,6,1,0,8,468,520.8,352.9,110.0,98.7,0,0,0,0,0,0.00,0.00,0.00,0.00,5.0,5.0
36,2021/22,199796,50,53,147,3377,4,3,13,50,0,0,0,8,0,0,11,623,754.8,432.1,534.0,172.1,0,0,0,0,0,0.00,0.00,0.00,0.00,5.0,5.3
36,2022/23,199796,50,46,57,1817,0,2,4,29,0,0,0,4,0,0,3,311,303.0,178.3,67.0,54.9,0,0,0,0,20,0.20,0.95,1.15,27.14,5.0,4.6
36,2023/24,199796,45,45,64,2138,2,2,3,36,1,0,0,8,0,0,4,337,465.2,231.8,378.0,107.1,0,0,0,0,23,4.41,2.47,6.88,36.78,4.5,4.5
36,2024/25,199796,45,44,76,2069,1,1,7,22,0,0,0,7,0,0,2,286,359.2,181.0,171.0,71.3,0,0,0,145,24,0.48,1.23,1.71,28.64,4.5,4.4
37,2018/19,101188,50,54,158,2964,4,5,13,38,1,0,0,5,1,0,22,736,883.0,1142.0,300.0,232.7,0,0,0,0,0,0.00,0.00,0.00,0.00,5.0,5.4
37,2019/20,101188,60,59,120,3031,0,8,9,49,1,0,0,6,0,0,16,646,743.0,1112.0,293.0,215.0,0,0,0,0,0,0.00,0.00,0.00,0.00,6.0,5.9
37,2020/21,101188,60,62,120,2681,0,9,9,42,0,0,0,2,1,0,18,590,592.6,704.2,136.0,143.5,0,0,0,0,0,0.00,0.00,0.00,0.00,6.0,6.2
37,2021/22,101188,55,50,83,2440,0,4,7,42,1,0,0,6,0,0,8,459,538.8,772.7,202.0,151.6,0,0,0,0,0,0.00,0.00,0.00,0.00,5.5,5.0
37,2022/23,101188,50,45,50,1492,1,0,3,25,1,0,0,5,0,0,4,234,277.6,305.5,97.0,68.1,0,0,0,0,18,0.43,1.90,2.33,25.91,5.0,4.5
37,2023/24,101188,45,46,85,2405,1,4,6,41,0,0,0,7,0,0,5,420,448.4,601.7,200.0,125.1,0,0,0,0,27,0.99,3.49,4.48,41.65,4.5,4.6
37,2024/25,101188,45,44,89,2348,0,5,6,36,0,0,0,4,0,0,7,383,512.6,583.9,112.0,120.7,0,0,0,178,28,0.80,3.97,4.77,34.94,4.5,4.4
38,2019/20,199798,45,43,65,2038,1,2,5,39,0,0,0,3,0,0,4,335,400.6,151.8,173.0,72.8,0,0,0,0,0,0.00,0.00,0.00,0.00,4.5,4.3
38,2020/21,199798,45,46,119,3195,2,0,12,46,0,0,0,3,0,0,8,580,695.6,34.2,276.0,101.0,0,0,0,0,0,0.00,0.00,0.00,0.00,4.5,4.6
38,2021/22,199798,50,49,78,2477,2,0,8,43,0,0,0,4,2,0,4,388,428.2,56.5,251.0,73.4,0,0,0,0,0,0.00,0.00,0.00,0.00,5.0,4.9
38,2022/23,199798,45,44,110,3322,0,0,12,45,0,0,0,6,0,0,6,633,568.4,116.2,72.0,75.7,0,0,0,0,37,1.08,0.71,1.79,50.67,4.5,4.4
38,2023/24,199798,45,45,91,3069,1,1,7,54,0,0,0,5,0,0,7,562,554.4,170.6,223.0,95.0,0,0,0,0,35,2.56,1.01,3.57,52.28,4.5,4.5
38,2024/25,199798,45,45,103,2936,2,0,8,45,0,0,0,1,0,0,10,448,532.8,123.9,166.0,82.4,0,0,0,176,33,1.29,0.61,1.90,43.82,4.5,4.5
39,2023/24,441302,55,51,11,200,0,0,0,5,0,0,0,1,0,0,0,24,29.4,44.8,29.0,10.3,0,0,0,0,1,0.74,0.20,0.94,5.07,5.5,5.1
39,2024/25,441302,50,45,57,1125,1,2,3,16,0,0,0,2,0,0,0,204,252.0,293.4,197.0,74.3,0,0,0,71,10,0.87,2.43,3.30,17.31,5.0,4.5
40,2015/16,149484,45,41,1,11,0,0,0,0,0,0,0,0,0,0,0,3,0.0,0.0,0.0,0.0,0,0,0,0,0,0.00,0.00,0.00,0.00,4.5,4.1
40,2016/17,149484,45,45,4,506,0,0,0,16,2,0,0,0,0,0,2,89,125.4,18.3,45.0,18.9,0,0,0,0,0,0.00,0.00,0.00,0.00,4.5,4.5
40,2017/18,149484,45,42,3,201,0,0,0,5,0,0,0,1,0,0,0,40,46.6,14.8,10.0,7.2,0,0,0,0,0,0.00,0.00,0.00,0.00,4.5,4.2
40,2018/19,149484,45,42,5,141,0,0,0,4,0,0,0,0,0,0,0,41,49.0,16.3,2.0,6.8,0,0,0,0,0,0.00,0.00,0.00,0.00,4.5,4.2
40,2019/20,149484,45,44,90,2902,2,2,6,53,0,0,0,7,0,0,9,537,758.0,87.3,119.0,96.6,0,0,0,0,0,0.00,0.00,0.00,0.00,4.5,4.4
40,2020/21,149484,50,54,128,3194,2,2,14,42,1,0,0,4,1,0,8,633,798.4,97.3,293.0,119.3,0,0,0,0,0,0.00,0.00,0.00,0.00,5.0,5.4
40,2021/22,149484,50,50,118,3188,1,4,11,49,0,0,0,11,0,0,12,596,667.2,130.9,309.0,110.6,0,0,0,0,0,0.00,0.00,0.00,0.00,5.0,5.0
40,2022/23,149484,45,47,130,3150,1,3,12,40,1,0,0,7,0,0,17,617,664.4,88.2,121.0,87.8,0,0,0,0,35,0.96,0.95,1.91,47.28,4.5,4.7
40,2023/24,149484,45,41,0,30,0,0,0,2,0,0,0,0,0,0,0,5,3.6,13.0,5.0,2.2,0,0,0,0,1,0.01,0.16,0.17,1.08,4.5,4.1
40,2024/25,149484,45,44,47,1119,0,1,4,11,0,0,0,1,0,0,5,207,220.4,49.2,74.0,34.6,0,0,0,84,12,0.88,0.23,1.11,13.20,4.5,4.4
41,2023/24,244954,45,46,85,2462,2,0,6,37,0,0,0,1,0,0,4,461,479.4,150.6,135.0,76.6,0,0,0,0,27,0.96,0.71,1.67,40.00,4.5,4.6
41,2024/25,244954,45,42,55,2019,0,0,5,33,0,0,0,2,0,0,3,254,350.6,84.5,102.0,54.0,0,0,0,116,23,0.51,0.43,0.94,29.69,4.5,4.2
42,2024/25,606798,45,45,8,316,0,0,0,5,0,0,0,0,0,0,0,26,45.6,68.4,7.0,12.0,0,0,0,19,5,0.04,0.49,0.53,6.49,4.5,4.5
43,2022/23,106468,45,45,72,1325,0,3,7,10,0,0,0,3,0,0,5,278,254.4,321.1,151.0,72.3,0,0,0,0,14,0.59,2.57,3.16,17.83,4.5,4.5
43,2023/24,106468,50,49,49,1024,2,0,3,20,1,0,0,2,0,0,5,211,217.8,156.9,152.0,52.7,0,0,0,0,11,1.11,0.98,2.09,18.50,5.0,4.9
43,2024/25,106468,45,42,34,952,0,1,3,16,0,0,0,2,0,0,1,126,200.8,134.5,29.0,36.4,0,0,0,83,11,0.17,1.10,1.27,13.94,4.5,4.2
44,2021/22,515597,40,40,0,0,0,0,0,0,0,0,0,0,0,0,0,0,0.0,0.0,0.0,0.0,0,0,0,0,0,0.00,0.00,0.00,0.00,4.0,4.0
44,2022/23,515597,40,40,0,0,0,0,0,0,0,0,0,0,0,0,0,0,0.0,0.0,0.0,0.0,0,0,0,0,0,0.00,0.00,0.00,0.00,4.0,4.0
44,2024/25,515597,40,39,6,473,0,0,0,11,0,0,0,2,0,0,0,22,84.8,33.3,15.0,13.3,0,0,0,30,5,0.04,0.13,0.17,9.28,4.0,3.9
45,2022/23,514315,40,40,0,0,0,0,0,0,0,0,0,0,0,0,0,0,0.0,0.0,0.0,0.0,0,0,0,0,0,0.00,0.00,0.00,0.00,4.0,4.0
45,2024/25,514315,40,40,0,0,0,0,0,0,0,0,0,0,0,0,0,0,0.0,0.0,0.0,0.0,0,0,0,0,0,0.00,0.00,0.00,0.00,4.0,4.0
47,2023/24,244850,50,50,35,636,3,1,2,13,0,0,0,3,0,0,0,114,177.8,118.4,150.0,44.5,0,0,0,0,8,1.35,0.33,1.68,14.55,5.0,5.0
47,2024/25,244850,50,58,161,3115,8,11,10,40,0,0,0,10,0,0,15,534,731.6,722.7,689.0,214.3,0,0,0,193,37,6.49,5.24,11.73,43.70,5.0,5.8
48,2018/19,166989,60,60,63,1087,3,5,3,14,0,0,0,2,0,0,6,267,299.0,269.7,249.0,81.8,0,0,0,0,0,0.00,0.00,0.00,0.00,6.0,6.0
48,2019/20,166989,65,61,117,2823,3,6,12,35,0,0,0,2,0,0,5,531,566.6,805.4,502.0,187.6,0,0,0,0,0,0.00,0.00,0.00,0.00,6.5,6.1
48,2020/21,166989,65,64,133,3356,6,4,11,50,0,0,0,6,0,0,11,633,840.4,788.2,462.0,209.1,0,0,0,0,0,0.00,0.00,0.00,0.00,6.5,6.4
48,2021/22,166989,65,64,120,2629,6,4,6,42,0,0,0,3,0,0,14,532,723.8,578.9,460.0,175.8,0,0,0,0,0,0.00,0.00,0.00,0.00,6.5,6.4
48,2022/23,166989,65,61,86,2341,3,3,6,49,0,0,1,4,0,0,6,461,541.8,486.9,191.0,122.1,0,0,0,0,27,2.50,2.99,5.49,45.82,6.5,6.1
48,2023/24,166989,60,56,77,1613,2,6,4,27,0,0,0,3,0,0,2,318,369.2,325.4,136.0,83.3,0,0,0,0,17,1.24,1.98,3.22,31.07,6.0,5.6
48,2024/25,166989,55,55,121,3025,3,7,7,46,0,0,1,4,0,0,15,686,799.6,963.1,333.0,209.6,0,0,0,314,35,3.31,5.83,9.14,43.87,5.5,5.5
49,2021/22,215711,65,63,37,750,1,3,2,13,0,0,0,3,0,0,1,98,143.2,118.5,271.0,53.2,0,0,0,0,0,0.00,0.00,0.00,0.00,6.5,6.3
49,2022/23,215711,50,43,100,1964,4,5,8,32,0,0,0,4,0,0,6,242,339.6,452.8,540.0,132.8,0,0,0,0,26,5.34,4.77,10.11,35.15,5.0,4.3
49,2023/24,215711,55,54,148,2063,10,11,5,32,0,0,0,5,0,0,11,482,663.2,707.1,623.0,199.1,0,0,0,0,22,6.29,7.17,13.46,36.17,5.5,5.4
49,2024/25,215711,65,62,47,1132,1,2,2,19,0,0,0,3,0,0,2,174,146.4,235.8,325.0,70.3,0,0,0,77,14,1.73,2.92,4.65,13.91,6.5,6.2
50,2019/20,195546,60,60,94,2458,1,7,3,54,0,0,0,6,1,0,12,464,711.6,1196.7,401.0,231.1,0,0,0,0,0,0.00,0.00,0.00,0.00,6.0,6.0
50,2021/22,195546,65,61,107,1887,4,6,7,32,0,0,0,1,0,0,8,378,482.8,660.5,531.0,167.8,0,0,0,0,0,0.00,0.00,0.00,0.00,6.5,6.1
50,2022/23,195546,60,57,117,2404,5,3,11,34,0,0,0,0,0,0,8,370,441.6,559.9,582.0,158.5,0,0,0,0,27,6.32,3.95,10.27,36.65,6.0,5.7
50,2023/24,195546,60,57,0,0,0,0,0,0,0,0,0,0,0,0,0,0,0.0,0.0,0.0,0.0,0,0,0,0,0,0.00,0.00,0.00,0.00,6.0,5.7
50,2024/25,195546,55,51,11,89,0,0,0,2,0,0,0,1,0,0,0,37,16.4,23.2,16.0,5.2,0,0,0,16,0,0.65,0.03,0.68,2.27,5.5,5.1
51,2024/25,469247,55,54,0,0,0,0,0,0,0,0,0,0,0,0,0,0,0.0,0.0,0.0,0.0,0,0,0,0,0,0.00,0.00,0.00,0.00,5.5,5.4
53,2024/25,204646,55,53,34,296,3,0,0,6,0,0,0,0,0,0,3,112,138.2,42.7,208.0,38.5,0,0,0,17,2,2.15,0.15,2.30,4.77,5.5,5.3
54,2019/20,122806,55,52,84,2312,3,3,6,41,0,0,0,3,0,0,4,321,458.6,503.3,499.0,145.9,0,0,0,0,0,0.00,0.00,0.00,0.00,5.5,5.2
54,2020/21,122806,55,55,114,3330,3,7,14,46,0,0,0,12,0,0,2,492,579.0,600.5,361.0,154.1,0,0,0,0,0,0.00,0.00,0.00,0.00,5.5,5.5
54,2021/22,122806,60,56,110,3090,3,4,10,48,0,0,0,8,0,0,12,495,700.2,777.8,307.0,178.6,0,0,0,0,0,0.00,0.00,0.00,0.00,6.0,5.6
54,2022/23,122806,55,51,90,2692,1,5,10,31,0,0,0,7,0,0,3,354,382.0,353.6,347.0,108.3,0,0,0,0,30,2.40,3.33,5.73,37.73,5.5,5.1
54,2023/24,122806,55,53,119,3000,6,5,7,54,0,0,0,9,1,0,9,502,640.4,690.7,360.0,169.4,0,0,0,0,35,5.01,4.99,10.00,49.85,5.5,5.3
54,2024/25,122806,55,52,78,2217,1,4,8,34,0,0,0,7,0,0,1,360,277.2,500.6,263.0,103.7,0,0,0,163,27,3.10,2.70,5.80,35.03,5.5,5.2
55,2010/11,88894,50,50,0,0,0,0,0,0,0,0,0,0,0,0,0,0,0.0,0.0,0.0,0.0,0,0,0,0,0,0.00,0.00,0.00,0.00,5.0,5.0
55,2011/12,88894,50,46,7,216,0,0,0,2,0,0,0,0,0,0,0,0,0.0,0.0,0.0,0.0,0,0,0,0,0,0.00,0.00,0.00,0.00,5.0,4.6
55,2012/13,88894,45,41,7,209,0,0,1,1,0,0,0,2,0,0,0,0,0.0,0.0,0.0,0.0,0,0,0,0,0,0.00,0.00,0.00,0.00,4.5,4.1
55,2013/14,88894,45,52,112,2288,6,4,7,33,0,0,0,5,0,0,12,116,0.0,0.0,0.0,0.0,0,0,0,0,0,0.00,0.00,0.00,0.00,4.5,5.2
55,2014/15,88894,70,66,75,1961,2,3,7,22,0,0,1,1,0,0,3,356,0.0,0.0,0.0,0.0,0,0,0,0,0,0.00,0.00,0.00,0.00,7.0,6.6
55,2015/16,88894,65,71,158,3076,8,9,9,51,0,0,0,4,0,0,14,652,0.0,0.0,0.0,0.0,0,0,0,0,0,0.00,0.00,0.00,0.00,6.5,7.1
55,2016/17,88894,75,70,144,2900,5,11,12,36,0,0,0,5,0,0,11,534,692.4,1237.6,973.0,290.3,0,0,0,0,0,0.00,0.00,0.00,0.00,7.5,7.0
55,2017/18,88894,75,73,3,129,0,0,0,4,0,0,0,0,0,0,0,11,21.0,34.7,45.0,10.1,0,0,0,0,0,0.00,0.00,0.00,0.00,7.5,7.3
55,2018/19,88894,60,50,79,1231,3,5,7,13,0,0,0,1,0,0,5,300,324.0,349.0,429.0,110.0,0,0,0,0,0,0.00,0.00,0.00,0.00,6.0,5.0
55,2019/20,88894,60,56,61,1095,1,5,5,14,0,0,0,0,0,0,5,208,266.0,344.3,373.0,98.2,0,0,0,0,0,0.00,0.00,0.00,0.00,6.0,5.6
55,2020/21,88894,60,58,76,1566,3,2,8,24,0,0,0,0,0,0,4,286,274.2,579.3,431.0,128.6,0,0,0,0,0,0.00,0.00,0.00,0.00,6.0,5.8
55,2021/22,88894,55,52,14,174,1,0,1,2,0,0,0,0,0,0,1,43,61.4,117.7,87.0,26.7,0,0,0,0,0,0.00,0.00,0.00,0.00,5.5,5.2
55,2022/23,88894,50,49,0,0,0,0,0,0,0,0,0,0,0,0,0,0,0.0,0.0,0.0,0.0,0,0,0,0,0,0.00,0.00,0.00,0.00,5.0,4.9
55,2023/24,88894,50,45,101,2616,5,5,2,66,0,0,0,6,0,0,4,498,687.4,622.8,379.0,168.7,0,0,0,0,30,3.91,2.73,6.64,60.84,5.0,4.5
55,2024/25,88894,55,52,44,567,3,1,1,10,0,0,0,3,0,0,5,166,215.4,128.1,206.0,54.8,0,0,0,75,3,1.79,0.43,2.22,6.32,5.5,5.2
56,2024/25,491287,50,49,0,0,0,0,0,0,0,0,0,0,0,0,0,0,0.0,0.0,0.0,0.0,0,0,0,0,0,0.00,0.00,0.00,0.00,5.0,4.9
57,2021/22,461421,45,45,2,30,0,0,0,1,0,0,0,1,0,0,0,6,2.4,0.9,4.0,0.8,0,0,0,0,0,0.00,0.00,0.00,0.00,4.5,4.5
57,2023/24,461421,45,45,18,226,1,0,1,3,0,0,0,1,0,0,0,54,68.4,50.5,59.0,17.7,0,0,0,0,1,0.34,0.12,0.46,3.72,4.5,4.5
57,2024/25,461421,50,50,0,0,0,0,0,0,0,0,0,0,0,0,0,0,0.0,0.0,0.0,0.0,0,0,0,0,0,0.00,0.00,0.00,0.00,5.0,5.0
58,2022/23,226944,50,48,44,1773,0,1,3,30,0,0,0,4,0,0,0,235,288.2,124.7,43.0,45.7,0,0,0,0,21,0.15,0.92,1.07,33.05,5.0,4.8
58,2023/24,226944,50,50,40,1653,0,1,7,22,0,0,0,7,1,0,1,247,256.2,292.7,44.0,59.1,0,0,0,0,20,0.13,1.39,1.52,24.68,5.0,5.0
58,2024/25,226944,50,50,57,1720,1,0,6,22,0,0,0,2,0,0,3,296,326.6,191.0,83.0,60.2,0,0,0,210,20,0.82,0.83,1.65,23.03,5.0,5.0
59,2022/23,449871,50,47,77,2486,1,3,9,37,0,0,0,9,0,0,2,300,358.2,316.6,287.0,96.0,0,0,0,0,29,2.95,1.66,4.61,47.89,5.0,4.7
59,2023/24,449871,50,47,66,2085,2,0,5,38,0,0,0,5,0,0,5,304,354.0,282.7,254.0,89.5,0,0,0,0,23,2.22,1.39,3.61,36.94,5.0,4.7
59,2024/25,449871,50,48,65,1613,3,0,6,23,0,0,0,4,0,0,5,324,358.0,194.8,215.0,77.0,0,0,0,200,20,2.12,0.84,2.96,23.66,5.0,4.8
60,2024/25,577731,45,45,0,0,0,0,0,0,0,0,0,0,0,0,0,0,0.0,0.0,0.0,0.0,0,0,0,0,0,0.00,0.00,0.00,0.00,4.5,4.5
61,2018/19,151589,45,43,48,1465,2,0,3,21,0,0,0,1,0,0,1,209,334.8,126.6,288.0,75.1,0,0,0,0,0,0.00,0.00,0.00,0.00,4.5,4.3
61,2019/20,151589,45,44,100,2790,4,0,11,34,1,0,0,5,0,0,9,426,529.2,160.6,282.0,96.8,0,0,0,0,0,0.00,0.00,0.00,0.00,4.5,4.4
61,2020/21,151589,50,46,77,2498,1,2,11,33,1,0,0,4,0,0,2,330,386.4,261.4,343.0,99.2,0,0,0,0,0,0.00,0.00,0.00,0.00,5.0,4.6
61,2021/22,151589,50,46,76,1945,2,3,5,29,0,0,0,4,0,0,5,308,348.6,180.0,279.0,80.9,0,0,0,0,0,0.00,0.00,0.00,0.00,5.0,4.6
61,2022/23,151589,50,47,37,897,0,0,4,14,0,0,0,0,0,0,0,163,143.4,96.1,64.0,30.6,0,0,0,0,9,0.72,0.14,0.86,14.68,5.0,4.7
61,2023/24,151589,50,49,20,118,1,1,0,3,0,0,0,0,0,0,3,64,59.2,3.9,37.0,10.0,0,0,0,0,1,0.73,0.01,0.74,1.58,5.0,4.9
61,2024/25,151589,45,45,0,0,0,0,0,0,0,0,0,0,0,0,0,0,0.0,0.0,0.0,0.0,0,0,0,0,0,0.00,0.00,0.00,0.00,4.5,4.5
62,2024/25,559962,45,45,0,0,0,0,0,0,0,0,0,0,0,0,0,0,0.0,0.0,0.0,0.0,0,0,0,0,0,0.00,0.00,0.00,0.00,4.5,4.5
63,2022/23,537403,45,45,0,0,0,0,0,0,0,0,0,0,0,0,0,0,0.0,0.0,0.0,0.0,0,0,0,0,0,0.00,0.00,0.00,0.00,4.5,4.5
63,2023/24,537403,45,45,0,0,0,0,0,0,0,0,0,0,0,0,0,0,0.0,0.0,0.0,0.0,0,0,0,0,0,0.00,0.00,0.00,0.00,4.5,4.5
63,2024/25,537403,45,44,0,0,0,0,0,0,0,0,0,0,0,0,0,0,0.0,0.0,0.0,0.0,0,0,0,0,0,0.00,0.00,0.00,0.00,4.5,4.4
64,2020/21,178301,60,63,168,3328,14,9,14,46,0,0,1,2,1,0,18,531,815.4,610.4,1721.0,314.0,0,0,0,0,0,0.00,0.00,0.00,0.00,6.0,6.3
64,2021/22,178301,75,75,131,2950,11,3,10,48,0,0,0,7,0,0,17,441,613.8,469.6,1345.0,242.9,0,0,0,0,0,0.00,0.00,0.00,0.00,7.5,7.5
64,2022/23,178301,75,73,175,3129,15,8,13,40,0,0,1,4,0,0,25,550,837.6,420.3,1308.0,256.7,0,0,0,0,36,16.15,2.66,18.81,46.65,7.5,7.3
64,2023/24,178301,80,89,228,3222,19,18,7,56,0,0,0,4,0,0,29,752,1024.6,588.5,1420.0,302.8,0,0,0,0,37,16.74,4.02,20.76,55.05,8.0,8.9
64,2024/25,178301,90,92,186,2593,16,8,10,40,0,0,0,2,0,0,32,631,766.0,345.2,1148.0,223.8,0,0,0,78,31,15.12,2.07,17.19,38.62,9.0,9.2
389,2018/19,444884,40,40,2,18,0,0,0,1,0,0,0,0,0,0,0,7,3.8,1.7,17.0,2.2,0,0,0,0,0,0.00,0.00,0.00,0.00,4.0,4.0
389,2019/20,444884,45,45,2,7,0,0,0,0,0,0,0,0,0,0,0,6,1.8,1.7,0.0,0.4,0,0,0,0,0,0.00,0.00,0.00,0.00,4.5,4.5
389,2020/21,444884,45,43,0,0,0,0,0,0,0,0,0,0,0,0,0,0,0.0,0.0,0.0,0.0,0,0,0,0,0,0.00,0.00,0.00,0.00,4.5,4.3
389,2021/22,444884,55,53,12,344,0,0,2,2,0,0,0,0,0,0,0,52,43.2,133.5,102.0,27.9,0,0,0,0,0,0.00,0.00,0.00,0.00,5.5,5.3
389,2022/23,444884,50,48,62,1600,1,2,5,20,0,0,0,2,0,0,2,286,269.0,406.1,378.0,105.5,0,0,0,0,18,2.12,4.31,6.43,26.07,5.0,4.8
389,2023/24,444884,50,48,96,1330,3,9,4,13,0,0,0,2,0,0,8,402,417.2,570.0,391.0,137.5,0,0,0,0,11,2.72,4.68,7.40,19.29,5.0,4.8
389,2024/25,444884,55,52,33,359,1,2,0,6,0,0,0,1,0,0,3,120,118.6,145.8,143.0,40.4,0,0,0,26,2,1.78,0.64,2.42,6.14,5.5,5.2
456,2021/22,209243,95,89,91,1894,3,4,6,28,0,0,0,0,0,0,9,362,363.2,596.7,549.0,150.9,0,0,0,0,0,0.00,0.00,0.00,0.00,9.5,8.9
456,2022/23,209243,75,71,105,1683,6,3,13,18,0,0,0,0,0,0,8,375,433.8,571.6,426.0,143.2,0,0,0,0,21,4.02,4.13,8.15,24.95,7.5,7.1
456,2023/24,209243,70,67,3,76,0,0,0,1,0,0,0,0,0,0,0,11,9.8,14.8,12.0,3.6,0,0,0,0,0,0.00,0.07,0.07,1.86,7.0,6.7
456,2024/25,209243,65,62,86,1754,3,5,7,24,0,0,0,2,0,0,3,367,340.0,523.2,414.0,127.5,0,0,0,121,19,2.13,3.10,5.23,23.66,6.5,6.2
688,2022/23,481283,40,40,0,0,0,0,0,0,0,0,0,0,0,0,0,0,0.0,0.0,0.0,0.0,0,0,0,0,0,0.00,0.00,0.00,0.00,4.0,4.0
688,2023/24,481283,40,40,0,0,0,0,0,0,0,0,0,0,0,0,0,0,0.0,0.0,0.0,0.0,0,0,0,0,0,0.00,0.00,0.00,0.00,4.0,4.0
699,2019/20,230046,45,43,90,2604,3,2,8,51,0,0,0,8,0,0,5,411,508.6,293.2,377.0,118.0,0,0,0,0,0,0.00,0.00,0.00,0.00,4.5,4.3
699,2020/21,230046,50,48,72,2781,0,2,12,41,0,0,0,8,1,0,0,358,403.4,304.5,189.0,90.0,0,0,0,0,0,0.00,0.00,0.00,0.00,5.0,4.8
699,2021/22,230046,45,43,89,2715,2,3,10,38,0,0,0,7,0,0,3,468,503.2,547.9,199.0,125.1,0,0,0,0,0,0.00,0.00,0.00,0.00,4.5,4.3
699,2022/23,230046,50,48,142,2922,6,7,13,35,0,0,0,6,1,0,17,594,698.4,668.6,261.0,162.7,0,0,0,0,33,2.79,2.92,5.71,42.80,5.0,4.8
699,2023/24,230046,55,54,148,2994,9,5,6,57,0,0,0,12,0,0,25,666,761.8,867.0,381.0,201.1,0,0,0,0,35,6.69,4.86,11.55,52.79,5.5,5.4
703,2023/24,564505,40,40,0,0,0,0,0,0,0,0,0,0,0,0,0,0,0.0,0.0,0.0,0.0,0,0,0,0,0,0.00,0.00,0.00,0.00,4.0,4.0
710,2022/23,534836,45,45,0,0,0,0,0,0,0,0,0,0,0,0,0,0,0.0,0.0,0.0,0.0,0,0,0,0,0,0.00,0.00,0.00,0.00,4.5,4.5
719,2017/18,184667,55,49,47,1284,0,0,5,14,0,0,0,1,0,0,1,297,272.8,37.7,8.0,32.0,0,0,0,0,0,0.00,0.00,0.00,0.00,5.5,4.9
719,2018/19,184667,50,49,85,2600,1,1,6,40,1,0,0,1,0,0,9,527,533.0,75.3,118.0,72.8,0,0,0,0,0,0.00,0.00,0.00,0.00,5.0,4.9
719,2019/20,184667,55,53,116,3092,1,0,12,32,1,0,0,6,0,0,9,618,554.0,73.6,79.0,70.7,0,0,0,0,0,0.00,0.00,0.00,0.00,5.5,5.3
719,2020/21,184667,50,48,102,2585,1,1,10,30,0,0,0,0,0,0,3,527,503.0,102.6,56.0,66.4,0,0,0,0,0,0.00,0.00,0.00,0.00,5.0,4.8
719,2021/22,184667,50,48,66,2353,0,2,6,47,0,0,0,4,0,0,4,471,449.0,76.3,66.0,59.3,0,0,0,0,0,0.00,0.00,0.00,0.00,5.0,4.8
719,2022/23,184667,45,41,57,1359,0,0,6,16,0,0,0,1,0,0,3,327,280.4,54.7,19.0,35.6,0,0,0,0,14,0.25,0.39,0.64,19.97,4.5,4.1
719,2023/24,184667,45,45,62,1328,1,1,5,16,0,0,0,2,0,0,7,291,263.8,125.9,105.0,49.6,0,0,0,0,14,0.69,0.43,1.12,25.99,4.5,4.5
719,2024/25,184667,45,43,27,695,0,0,2,9,0,0,0,1,0,0,0,100,125.4,48.5,8.0,18.3,0,0,0,55,6,0.00,0.09,0.09,8.59,4.5,4.3
808,2015/16,173879,45,45,2,55,0,0,0,2,0,0,0,0,0,0,0,-3,0.0,0.0,0.0,0.0,0,0,0,0,0,0.00,0.00,0.00,0.00,4.5,4.5
808,2017/18,173879,55,54,86,1715,5,3,4,31,0,0,0,0,0,0,11,238,269.2,182.6,693.0,114.2,0,0,0,0,0,0.00,0.00,0.00,0.00,5.5,5.4
808,2018/19,173879,55,54,0,0,0,0,0,0,0,0,0,0,0,0,0,0,0.0,0.0,0.0,0.0,0,0,0,0,0,0.00,0.00,0.00,0.00,5.5,5.4
808,2019/20,173879,70,73,153,2206,15,6,7,34,1,0,0,2,0,0,20,461,659.6,283.2,1301.0,223.3,0,0,0,0,0,0.00,0.00,0.00,0.00,7.0,7.3
808,2020/21,173879,75,71,69,1031,6,2,5,12,0,0,0,0,0,0,8,224,277.2,121.6,483.0,86.6,0,0,0,0,0,0.00,0.00,0.00,0.00,7.5,7.1
808,2021/22,173879,65,65,0,0,0,0,0,0,0,0,0,0,0,0,0,0,0.0,0.0,0.0,0.0,0,0,0,0,0,0.00,0.00,0.00,0.00,6.5,6.5
186,2016/17,192290,40,40,0,0,0,0,0,0,0,0,0,0,0,0,0,0,0.0,0.0,0.0,0.0,0,0,0,0,0,0.00,0.00,0.00,0.00,4.0,4.0
186,2017/18,192290,40,40,7,267,0,0,0,4,0,0,0,0,0,0,0,41,26.2,12.8,2.0,4.1,0,0,0,0,0,0.00,0.00,0.00,0.00,4.0,4.0
186,2021/22,192290,45,44,69,1689,1,1,6,23,0,0,0,2,0,0,6,313,302.0,196.3,100.0,59.8,0,0,0,0,0,0.00,0.00,0.00,0.00,4.5,4.4
186,2023/24,192290,45,43,12,817,0,1,0,23,0,0,0,3,1,0,0,111,142.8,104.1,12.0,25.7,0,0,0,0,8,0.00,0.35,0.35,19.91,4.5,4.3
187,2009/10,58621,40,40,7,180,0,0,0,3,0,0,0,0,0,0,0,0,0.0,0.0,0.0,0.0,0,0,0,0,0,0.00,0.00,0.00,0.00,4.0,4.0
187,2010/11,58621,40,40,51,1341,1,3,2,20,0,0,0,3,0,1,5,0,0.0,0.0,0.0,0.0,0,0,0,0,0,0.00,0.00,0.00,0.00,4.0,4.0
187,2011/12,58621,55,65,140,3227,2,1,14,32,0,0,0,4,0,0,8,0,0.0,0.0,0.0,0.0,0,0,0,0,0,0.00,0.00,0.00,0.00,5.5,6.5
187,2012/13,58621,65,61,114,3157,0,6,8,42,0,0,0,5,0,0,9,0,0.0,0.0,0.0,0.0,0,0,0,0,0,0.00,0.00,0.00,0.00,6.5,6.1
187,2013/14,58621,60,59,103,2297,1,4,9,36,0,0,0,5,0,0,15,155,0.0,0.0,0.0,0.0,0,0,0,0,0,0.00,0.00,0.00,0.00,6.0,5.9
187,2014/15,58621,60,58,27,1306,0,1,1,24,0,0,0,3,0,0,1,218,0.0,0.0,0.0,0.0,0,0,0,0,0,0.00,0.00,0.00,0.00,6.0,5.8
187,2015/16,58621,50,51,121,2941,1,3,12,28,1,0,0,7,0,0,8,706,0.0,0.0,0.0,0.0,0,0,0,0,0,0.00,0.00,0.00,0.00,5.0,5.1
187,2016/17,58621,55,62,142,2701,0,6,14,21,0,0,0,8,0,0,18,640,564.0,570.5,264.0,140.2,0,0,0,0,0,0.00,0.00,0.00,0.00,5.5,6.2
187,2017/18,58621,65,66,138,2784,0,6,15,22,1,0,0,2,1,0,8,691,542.4,511.4,117.0,117.1,0,0,0,0,0,0.00,0.00,0.00,0.00,6.5,6.6
187,2018/19,58621,65,64,150,2776,1,1,18,17,0,0,0,3,0,0,11,684,498.8,448.4,183.0,113.1,0,0,0,0,0,0.00,0.00,0.00,0.00,6.5,6.4
187,2019/20,58621,60,57,114,2392,1,4,12,24,0,0,0,5,0,0,7,573,435.6,394.4,169.0,100.1,0,0,0,0,0,0.00,0.00,0.00,0.00,6.0,5.7
187,2020/21,58621,60,61,91,1944,1,1,9,20,0,0,0,1,0,0,7,410,332.2,200.9,88.0,62.1,0,0,0,0,0,0.00,0.00,0.00,0.00,6.0,6.1
187,2021/22,58621,55,54,85,1755,0,2,10,14,0,0,0,1,0,0,5,403,274.2,247.8,110.0,63.2,0,0,0,0,0,0.00,0.00,0.00,0.00,5.5,5.4
187,2022/23,58621,50,47,69,1953,0,0,7,20,0,0,0,3,0,0,0,376,236.8,199.4,42.0,47.7,0,0,0,0,22,0.39,1.32,1.71,20.07,5.0,4.7
187,2023/24,58621,50,55,123,2766,0,5,10,29,0,0,0,2,0,0,13,633,465.4,534.1,126.0,112.6,0,0,0,0,30,0.40,3.20,3.60,28.61,5.0,5.5
187,2024/25,58621,55,51,13,966,0,0,0,21,0,0,0,3,0,0,0,63,157.4,147.7,29.0,33.5,0,0,0,35,9,0.12,1.34,1.46,19.26,5.5,5.1
188,2023/24,247245,40,40,7,584,0,0,0,25,0,0,0,2,0,0,0,88,110.0,57.8,42.0,20.9,0,0,0,0,5,0.35,0.12,0.47,15.91,4.0,4.0
189,2021/22,461567,40,39,0,0,0,0,0,0,0,0,0,0,0,0,0,0,0.0,0.0,0.0,0.0,0,0,0,0,0,0.00,0.00,0.00,0.00,4.0,3.9
189,2023/24,461567,40,40,0,0,0,0,0,0,0,0,0,0,0,0,0,0,0.0,0.0,0.0,0.0,0,0,0,0,0,0.00,0.00,0.00,0.00,4.0,4.0
190,2023/24,478969,40,39,15,436,0,0,1,8,0,0,0,2,0,0,3,77,76.6,15.9,15.0,10.7,0,0,0,0,5,0.06,0.01,0.07,7.91,4.0,3.9
191,2023/24,477717,40,40,15,1310,0,0,0,28,0,0,0,6,0,0,0,157,229.2,38.9,29.0,29.9,0,0,0,0,15,0.27,0.16,0.43,27.60,4.0,4.0
193,2022/23,461188,45,45,0,0,0,0,0,0,0,0,0,0,0,0,0,0,0.0,0.0,0.0,0.0,0,0,0,0,0,0.00,0.00,0.00,0.00,4.5,4.5
193,2023/24,461188,40,40,0,0,0,0,0,0,0,0,0,0,0,0,0,0,0.0,0.0,0.0,0.0,0,0,0,0,0,0.00,0.00,0.00,0.00,4.0,4.0
194,2023/24,241231,40,39,30,1234,0,1,2,23,0,0,0,6,0,0,4,236,330.8,46.1,35.0,41.3,0,0,0,0,15,0.56,0.19,0.75,20.87,4.0,3.9
198,2015/16,180804,40,40,0,0,0,0,0,0,0,0,0,0,0,0,0,0,0.0,0.0,0.0,0.0,0,0,0,0,0,0.00,0.00,0.00,0.00,4.0,4.0
198,2016/17,180804,40,40,14,303,0,0,2,4,0,0,0,0,0,0,0,69,32.6,27.7,18.0,7.8,0,0,0,0,0,0.00,0.00,0.00,0.00,4.0,4.0
198,2017/18,180804,40,39,1,1,0,0,0,0,0,0,0,0,0,0,0,3,0.0,0.0,0.0,0.0,0,0,0,0,0,0.00,0.00,0.00,0.00,4.0,3.9
198,2019/20,180804,45,44,7,187,0,0,0,3,0,0,0,0,0,0,0,30,17.6,6.2,0.0,2.4,0,0,0,0,0,0.00,0.00,0.00,0.00,4.5,4.4
198,2020/21,180804,45,41,7,402,0,0,0,8,1,0,0,2,0,0,0,59,95.0,6.0,0.0,10.0,0,0,0,0,0,0.00,0.00,0.00,0.00,4.5,4.1
198,2021/22,180804,45,44,14,505,0,0,1,10,0,0,0,1,0,0,0,86,71.2,1.1,43.0,11.5,0,0,0,0,0,0.00,0.00,0.00,0.00,4.5,4.4
198,2024/25,180804,40,39,27,1710,0,1,1,38,1,0,0,3,1,0,0,80,284.4,93.4,25.0,40.1,0,0,0,118,20,0.21,0.26,0.47,32.01,4.0,3.9
199,2022/23,208912,45,42,61,2215,1,0,5,44,0,0,0,6,0,0,2,366,502.2,66.6,111.0,67.5,0,0,0,0,21,0.85,0.55,1.40,44.46,4.5,4.2
199,2023/24,208912,45,43,13,438,0,0,1,9,0,0,0,0,1,0,3,74,90.0,22.1,18.0,13.0,0,0,0,0,5,0.10,0.31,0.41,9.01,4.5,4.3
199,2024/25,208912,45,45,0,0,0,0,0,0,0,0,0,0,0,0,0,0,0.0,0.0,0.0,0.0,0,0,0,0,0,0.00,0.00,0.00,0.00,4.5,4.5
200,2022/23,444180,55,52,61,1241,3,1,2,29,0,0,0,2,0,0,4,193,308.6,209.3,263.0,78.1,0,0,0,0,11,1.69,1.10,2.79,26.14,5.5,5.2
200,2023/24,444180,50,49,3,151,0,0,0,5,0,0,0,1,0,0,0,4,9.0,4.6,16.0,3.0,0,0,0,0,2,0.07,0.02,0.09,4.44,5.0,4.9
200,2024/25,444180,45,45,0,0,0,0,0,0,0,0,0,0,0,0,0,0,0.0,0.0,0.0,0.0,0,0,0,0,0,0.00,0.00,0.00,0.00,4.5,4.5
201,2023/24,183751,55,52,8,110,0,0,0,5,0,0,0,0,0,0,0,22,17.6,26.4,30.0,7.5,0,0,0,0,1,0.07,0.18,0.25,4.54,5.5,5.2
202,2023/24,179458,50,48,82,1235,6,0,3,23,0,0,0,1,0,0,7,237,335.8,416.5,448.0,119.5,0,0,0,0,16,4.65,1.44,6.09,24.35,5.0,4.8
203,2023/24,578614,45,42,0,0,0,0,0,0,0,0,0,0,0,0,0,0,0.0,0.0,0.0,0.0,0,0,0,0,0,0.00,0.00,0.00,0.00,4.5,4.2
204,2023/24,250735,45,44,0,0,0,0,0,0,0,0,0,0,0,0,0,0,0.0,0.0,0.0,0.0,0,0,0,0,0,0.00,0.00,0.00,0.00,4.5,4.4
205,2014/15,172567,45,45,0,0,0,0,0,0,0,0,0,0,0,0,0,0,0.0,0.0,0.0,0.0,0,0,0,0,0,0.00,0.00,0.00,0.00,4.5,4.5
205,2015/16,172567,45,44,1,1,0,0,0,0,0,0,0,0,0,0,0,3,0.0,0.0,0.0,0.0,0,0,0,0,0,0.00,0.00,0.00,0.00,4.5,4.4
205,2016/17,172567,45,43,0,0,0,0,0,0,0,0,0,0,0,0,0,0,0.0,0.0,0.0,0.0,0,0,0,0,0,0.00,0.00,0.00,0.00,4.5,4.3
205,2017/18,172567,45,45,2,6,0,0,0,0,0,0,0,0,0,0,0,7,7.2,0.6,0.0,0.8,0,0,0,0,0,0.00,0.00,0.00,0.00,4.5,4.5
205,2023/24,172567,50,50,65,2055,2,4,0,48,0,0,0,9,0,0,5,375,458.0,426.7,106.0,98.9,0,0,0,0,23,0.59,2.29,2.88,45.18,5.0,5.0
207,2020/21,465527,45,45,1,8,0,0,0,0,0,0,0,0,0,0,0,2,1.2,0.0,0.0,0.1,0,0,0,0,0,0.00,0.00,0.00,0.00,4.5,4.5
207,2021/22,465527,45,45,1,67,0,0,0,2,0,0,0,2,0,0,0,-2,4.2,4.4,9.0,1.7,0,0,0,0,0,0.00,0.00,0.00,0.00,4.5,4.5
207,2023/24,465527,45,43,11,131,1,0,1,1,0,0,0,1,0,0,0,34,48.2,29.8,13.0,9.0,0,0,0,0,1,0.03,0.48,0.51,3.48,4.5,4.3
207,2024/25,465527,45,45,0,0,0,0,0,0,0,0,0,0,0,0,0,0,0.0,0.0,0.0,0.0,0,0,0,0,0,0.00,0.00,0.00,0.00,4.5,4.5
208,2023/24,487702,50,48,40,972,1,2,3,23,0,0,0,0,0,0,0,80,86.8,147.9,213.0,44.5,0,0,0,0,13,1.96,1.07,3.03,15.55,5.0,4.8
211,2021/22,447715,45,44,0,0,0,0,0,0,0,0,0,0,0,0,0,0,0.0,0.0,0.0,0.0,0,0,0,0,0,0.00,0.00,0.00,0.00,4.5,4.4
211,2023/24,447715,50,50,18,522,0,0,0,17,0,0,0,1,0,0,0,62,51.2,28.0,53.0,12.7,0,0,0,0,5,0.35,0.48,0.82,11.33,5.0,5.0
214,2023/24,437748,55,52,20,410,0,0,0,10,0,0,0,0,0,0,0,73,44.4,110.5,24.0,18.0,0,0,0,0,3,0.37,0.54,0.91,10.04,5.5,5.2
216,2023/24,492831,55,51,85,1953,5,1,5,41,0,0,0,2,0,0,11,243,372.8,246.5,509.0,112.4,0,0,0,0,27,5.55,1.22,6.77,35.70,5.5,5.1
217,2023/24,435973,50,47,75,1898,5,3,2,43,0,0,0,0,1,0,4,229,364.2,263.4,467.0,109.6,0,0,0,0,22,4.36,1.27,5.63,40.47,5.0,4.7
218,2014/15,44699,45,44,88,2418,5,2,6,38,0,0,0,4,1,0,8,231,0.0,0.0,0.0,0.0,0,0,0,0,0,0.00,0.00,0.00,0.00,4.5,4.4
218,2016/17,44699,45,46,81,1774,6,3,6,27,0,0,0,6,1,0,10,241,328.8,277.1,663.0,125.5,0,0,0,0,0,0.00,0.00,0.00,0.00,4.5,4.6
218,2017/18,44699,55,53,92,2150,9,0,5,23,0,0,0,10,0,0,9,290,407.2,274.8,797.0,145.8,0,0,0,0,0,0.00,0.00,0.00,0.00,5.5,5.3
218,2018/19,44699,60,56,122,2378,12,3,7,41,1,0,0,8,0,0,13,394,581.2,309.9,1042.0,192.9,0,0,0,0,0,0.00,0.00,0.00,0.00,6.0,5.6
218,2019/20,44699,65,61,61,1350,6,0,8,21,0,0,0,4,0,0,6,161,226.2,85.1,474.0,75.9,0,0,0,0,0,0.00,0.00,0.00,0.00,6.5,6.1
218,2020/21,44699,60,60,52,1324,3,0,6,19,0,0,0,4,0,0,7,107,153.8,243.6,548.0,93.8,0,0,0,0,0,0.00,0.00,0.00,0.00,6.0,6.0
218,2021/22,44699,55,52,32,793,1,0,1,19,0,0,0,4,0,0,2,60,84.6,107.6,196.0,37.4,0,0,0,0,0,0.00,0.00,0.00,0.00,5.5,5.2
219,2017/18,220598,45,45,1,8,0,0,0,0,0,0,0,0,0,0,0,-1,0.0,1.3,4.0,0.3,0,0,0,0,0,0.00,0.00,0.00,0.00,4.5,4.5
219,2018/19,220598,50,50,13,134,1,1,0,3,0,0,0,1,0,0,0,46,62.6,27.4,127.0,21.6,0,0,0,0,0,0.00,0.00,0.00,0.00,5.0,5.0
219,2019/20,220598,50,49,45,655,3,2,3,12,0,0,0,1,0,0,2,165,170.8,130.7,235.0,53.4,0,0,0,0,0,0.00,0.00,0.00,0.00,5.0,4.9
219,2020/21,220598,50,46,4,57,0,0,0,2,0,0,0,0,0,0,0,12,5.6,10.8,4.0,2.0,0,0,0,0,0,0.00,0.00,0.00,0.00,5.0,4.6
219,2021/22,220598,45,45,0,0,0,0,0,0,0,0,0,0,0,0,0,0,0.0,0.0,0.0,0.0,0,0,0,0,0,0.00,0.00,0.00,0.00,4.5,4.5
219,2023/24,220598,50,49,2,19,0,0,0,0,0,0,0,0,0,0,0,4,0.0,0.6,17.0,1.7,0,0,0,0,0,0.11,0.01,0.12,0.03,5.0,4.9
470,2017/18,67089,45,45,53,1080,0,0,4,11,0,1,0,0,0,26,5,215,234.6,0.0,0.0,23.3,0,0,0,0,0,0.00,0.00,0.00,0.00,4.5,4.5
470,2018/19,67089,50,50,131,3420,0,0,11,48,0,0,0,1,0,96,10,647,783.6,0.0,0.0,78.4,0,0,0,0,0,0.00,0.00,0.00,0.00,5.0,5.0
470,2019/20,67089,50,51,143,3420,0,0,11,58,0,0,0,0,0,139,7,719,1019.0,0.0,0.0,102.0,0,0,0,0,0,0.00,0.00,0.00,0.00,5.0,5.1
470,2020/21,67089,50,48,48,1170,0,0,3,19,0,0,0,0,0,45,6,255,346.8,0.0,0.0,34.6,0,0,0,0,0,0.00,0.00,0.00,0.00,5.0,4.8
470,2021/22,67089,45,44,96,2340,0,0,8,35,0,0,0,1,0,73,9,465,590.8,20.0,0.0,61.1,0,0,0,0,0,0.00,0.00,0.00,0.00,4.5,4.4
470,2022/23,67089,45,41,11,156,0,0,1,1,0,0,0,0,0,10,1,49,54.0,0.0,0.0,5.4,0,0,0,0,1,0.00,0.00,0.00,3.33,4.5,4.1
470,2023/24,67089,40,43,75,1984,0,0,4,42,0,1,0,1,0,88,3,426,661.0,10.0,0.0,67.2,0,0,0,0,22,0.00,0.00,0.00,44.34,4.0,4.3
470,2024/25,67089,45,40,44,900,0,0,5,12,0,0,0,0,0,29,2,160,220.2,0.0,0.0,22.0,0,0,0,0,10,0.00,0.00,0.00,11.19,4.5,4.0
614,2012/13,101178,45,43,22,493,0,1,0,16,0,0,0,0,0,0,0,0,0.0,0.0,0.0,0.0,0,0,0,0,0,0.00,0.00,0.00,0.00,4.5,4.3
614,2013/14,101178,45,40,60,1617,0,2,4,23,0,0,0,3,0,0,4,99,0.0,0.0,0.0,0.0,0,0,0,0,0,0.00,0.00,0.00,0.00,4.5,4.0
614,2014/15,101178,50,48,72,1476,1,8,6,15,0,0,0,0,1,0,2,266,0.0,0.0,0.0,0.0,0,0,0,0,0,0.00,0.00,0.00,0.00,5.0,4.8
614,2015/16,101178,60,55,80,1545,2,4,7,18,0,0,0,5,0,0,9,325,0.0,0.0,0.0,0.0,0,0,0,0,0,0.00,0.00,0.00,0.00,6.0,5.5
614,2016/17,101178,55,50,92,1883,4,4,9,26,0,0,0,4,0,0,5,377,427.4,729.1,448.0,160.7,0,0,0,0,0,0.00,0.00,0.00,0.00,5.5,5.0
614,2017/18,101178,55,49,84,1708,3,5,2,29,0,0,0,3,0,0,8,367,363.4,613.9,296.0,127.1,0,0,0,0,0,0.00,0.00,0.00,0.00,5.5,4.9
614,2018/19,101178,55,51,94,1940,7,0,3,41,1,0,0,4,0,0,15,390,592.0,695.8,387.0,167.4,0,0,0,0,0,0.00,0.00,0.00,0.00,5.5,5.1
614,2019/20,101178,60,57,117,3420,5,4,9,60,0,0,2,9,0,0,8,587,864.6,989.9,548.0,240.7,0,0,0,0,0,0.00,0.00,0.00,0.00,6.0,5.7
614,2020/21,101178,60,59,156,3420,8,7,9,68,0,0,1,5,0,0,17,772,940.0,971.2,355.0,226.5,0,0,0,0,0,0.00,0.00,0.00,0.00,6.0,5.9
614,2021/22,101178,65,64,159,3215,10,5,7,65,0,0,0,3,1,0,21,769,970.0,1170.6,413.0,255.5,0,0,0,0,0,0.00,0.00,0.00,0.00,6.5,6.4
614,2022/23,101178,65,61,142,3371,9,4,4,72,1,0,2,6,0,0,18,747,942.6,1165.6,343.0,245.2,0,0,0,0,38,5.86,5.30,11.16,60.71,6.5,6.1
614,2023/24,101178,60,57,146,3000,7,7,5,65,0,0,0,4,0,0,19,708,831.0,1023.5,324.0,217.5,0,0,0,0,34,6.23,6.30,12.53,63.29,6.0,5.7
614,2024/25,101178,65,61,51,1433,1,2,5,18,0,0,0,2,1,0,2,293,282.4,378.3,138.0,80.0,0,0,0,132,17,1.59,2.68,4.27,19.29,6.5,6.1
676,2023/24,503714,45,44,13,296,0,0,1,6,0,0,0,2,0,0,0,62,60.8,44.4,4.0,10.9,0,0,0,0,3,0.00,0.14,0.14,7.59,4.5,4.4
676,2024/25,503714,45,44,47,1652,1,1,1,39,0,0,0,7,0,0,3,209,265.0,211.9,84.0,55.9,0,0,0,164,18,0.85,0.62,1.47,40.28,4.5,4.4
680,2019/20,440323,45,45,1,4,0,0,0,0,0,0,0,0,0,0,0,2,0.0,0.3,0.0,0.0,0,0,0,0,0,0.00,0.00,0.00,0.00,4.5,4.5
680,2021/22,440323,50,53,92,1969,6,2,5,37,0,0,0,2,0,0,11,234,280.2,159.2,720.0,115.6,0,0,0,0,0,0.00,0.00,0.00,0.00,5.0,5.3
680,2022/23,440323,55,52,21,285,1,1,1,5,0,0,0,0,0,0,0,56,64.6,18.2,113.0,19.7,0,0,0,0,2,0.84,0.06,0.90,4.49,5.5,5.2
680,2023/24,440323,50,49,35,529,1,2,3,9,0,0,0,0,0,0,0,72,75.6,70.3,152.0,29.0,0,0,0,0,6,2.24,0.23,2.47,8.40,5.0,4.9
680,2024/25,440323,55,53,12,327,0,0,2,2,0,0,0,1,0,0,0,23,20.2,53.8,43.0,10.9,0,0,0,17,4,0.11,0.11,0.22,3.82,5.5,5.3
66,2022/23,69752,45,45,93,2385,0,0,6,39,0,0,0,4,0,100,9,510,727.6,0.0,0.0,72.8,0,0,0,0,27,0.00,0.02,0.02,44.70,4.5,4.5
66,2023/24,69752,45,46,110,2880,0,0,7,55,0,1,0,5,0,113,14,592,875.2,0.0,0.0,87.5,0,0,0,0,32,0.00,0.01,0.01,49.66,4.5,4.6
66,2024/25,69752,45,41,7,180,0,0,0,2,0,0,0,0,0,11,0,30,77.8,0.0,0.0,7.8,0,0,0,0,2,0.00,0.00,0.00,2.91,4.5,4.1
67,2023/24,457569,45,47,71,1986,0,0,5,38,0,0,0,2,0,75,5,414,567.8,0.0,0.0,56.8,0,0,0,0,22,0.00,0.00,0.00,34.93,4.5,4.7
67,2024/25,457569,45,44,0,0,0,0,0,0,0,0,0,0,0,0,0,0,0.0,0.0,0.0,0.0,0,0,0,0,0,0.00,0.00,0.00,0.00,4.5,4.4
68,2022/23,444172,40,39,0,0,0,0,0,0,0,0,0,0,0,0,0,0,0.0,0.0,0.0,0.0,0,0,0,0,0,0.00,0.00,0.00,0.00,4.0,3.9
68,2024/25,444172,40,39,0,0,0,0,0,0,0,0,0,0,0,0,0,0,0.0,0.0,0.0,0.0,0,0,0,0,0,0.00,0.00,0.00,0.00,4.0,3.9
69,2023/24,568791,40,40,0,0,0,0,0,0,0,0,0,0,0,0,0,0,0.0,0.0,0.0,0.0,0,0,0,0,0,0.00,0.00,0.00,0.00,4.0,4.0
69,2024/25,568791,40,40,0,0,0,0,0,0,0,0,0,0,0,0,0,0,0.0,0.0,0.0,0.0,0,0,0,0,0,0.00,0.00,0.00,0.00,4.0,4.0
70,2024/25,495145,40,40,0,0,0,0,0,0,0,0,0,0,0,0,0,0,0.0,0.0,0.0,0.0,0,0,0,0,0,0.00,0.00,0.00,0.00,4.0,4.0
71,2022/23,477580,45,45,7,297,0,0,0,5,0,0,0,0,0,0,0,54,58.0,1.4,0.0,5.8,0,0,0,0,3,0.00,0.01,0.01,5.12,4.5,4.5
71,2023/24,477580,45,44,84,3330,1,0,8,67,0,0,0,5,0,0,3,583,686.0,111.1,117.0,91.5,0,0,0,0,37,1.13,0.55,1.68,58.38,4.5,4.4
71,2024/25,477580,45,44,94,3109,0,1,8,42,0,0,0,4,1,0,8,429,651.4,177.0,88.0,92.0,0,0,0,292,35,1.20,0.76,1.96,42.54,4.5,4.4
72,2022/23,221466,45,44,69,2489,2,0,5,55,0,0,0,7,0,0,5,462,602.2,79.1,113.0,79.6,0,0,0,0,29,1.66,0.35,2.01,47.62,4.5,4.4
72,2023/24,221466,45,44,102,2239,4,5,6,44,0,0,0,13,0,0,13,486,735.0,311.2,147.0,119.7,0,0,0,0,26,1.98,2.27,4.25,40.83,4.5,4.4
72,2024/25,221466,50,46,31,1103,0,0,2,17,0,0,0,5,0,0,3,114,271.6,84.2,39.0,39.6,0,0,0,118,13,0.84,0.48,1.32,14.76,5.0,4.6
73,2011/12,54469,40,40,1,15,0,0,0,0,0,0,0,0,0,0,0,0,0.0,0.0,0.0,0.0,0,0,0,0,0,0.00,0.00,0.00,0.00,4.0,4.0
73,2012/13,54469,40,38,0,0,0,0,0,0,0,0,0,0,0,0,0,0,0.0,0.0,0.0,0.0,0,0,0,0,0,0.00,0.00,0.00,0.00,4.0,3.8
73,2015/16,54469,40,40,84,2100,2,0,6,35,0,0,0,5,0,0,11,495,0.0,0.0,0.0,0.0,0,0,0,0,0,0.00,0.00,0.00,0.00,4.0,4.0
73,2016/17,54469,45,46,104,3101,1,5,8,61,1,0,0,6,0,0,12,645,566.6,509.8,242.0,132.1,0,0,0,0,0,0.00,0.00,0.00,0.00,4.5,4.6
73,2017/18,54469,50,48,56,2067,1,3,2,38,0,0,0,6,0,0,3,376,455.0,345.5,144.0,94.5,0,0,0,0,0,0.00,0.00,0.00,0.00,5.0,4.8
73,2018/19,54469,45,43,70,2067,1,1,8,33,0,0,0,5,1,0,1,383,374.0,199.8,110.0,68.5,0,0,0,0,0,0.00,0.00,0.00,0.00,4.5,4.3
73,2019/20,54469,45,43,49,2055,0,1,4,40,0,0,0,7,0,0,3,309,309.6,183.0,97.0,58.8,0,0,0,0,0,0.00,0.00,0.00,0.00,4.5,4.3
73,2022/23,54469,45,43,74,2940,0,1,7,58,0,0,0,11,0,0,5,400,416.6,276.9,88.0,78.3,0,0,0,0,34,0.50,1.57,2.07,54.01,4.5,4.3
73,2023/24,54469,45,44,80,2148,0,3,8,33,0,0,0,6,0,0,4,378,336.4,296.5,27.0,66.1,0,0,0,0,25,0.05,1.50,1.55,33.02,4.5,4.4
73,2024/25,54469,45,44,57,1586,0,0,6,18,0,0,0,7,0,0,0,161,181.8,147.2,24.0,35.0,0,0,0,82,19,0.65,0.68,1.33,19.04,4.5,4.4
75,2024/25,541462,40,40,0,0,0,0,0,0,0,0,0,0,0,0,0,0,0.0,0.0,0.0,0.0,0,0,0,0,0,0.00,0.00,0.00,0.00,4.0,4.0
76,2022/23,518906,40,40,1,8,0,0,0,1,0,0,0,0,0,0,0,3,0.2,0.0,0.0,0.0,0,0,0,0,0,0.00,0.00,0.00,0.28,4.0,4.0
77,2022/23,463981,45,44,0,0,0,0,0,0,0,0,0,0,0,0,0,0,0.0,0.0,0.0,0.0,0,0,0,0,0,0.00,0.00,0.00,0.00,4.5,4.4
77,2023/24,463981,40,40,5,74,0,0,0,1,0,0,0,0,0,0,0,22,32.6,2.2,0.0,3.5,0,0,0,0,1,0.00,0.01,0.01,1.34,4.0,4.0
77,2024/25,463981,40,39,17,443,0,1,1,9,0,0,0,1,0,0,0,55,97.0,38.4,29.0,16.6,0,0,0,55,6,0.29,0.25,0.54,8.54,4.0,3.9
78,2024/25,436893,45,43,12,492,0,0,0,10,0,0,0,2,0,0,0,20,56.8,30.6,4.0,9.2,0,0,0,32,7,0.00,0.10,0.10,9.69,4.5,4.3
79,2018/19,223911,45,45,27,848,0,1,2,17,0,0,0,1,0,0,0,158,177.2,24.1,22.0,22.5,0,0,0,0,0,0.00,0.00,0.00,0.00,4.5,4.5
79,2019/20,223911,45,43,27,911,1,0,1,19,0,0,0,1,0,0,2,165,276.8,20.8,138.0,43.7,0,0,0,0,0,0.00,0.00,0.00,0.00,4.5,4.3
79,2022/23,223911,45,43,43,2197,0,0,5,52,2,0,0,7,0,0,6,369,556.4,54.4,134.0,74.4,0,0,0,0,24,0.96,0.55,1.51,42.46,4.5,4.3
79,2023/24,223911,45,43,16,613,0,1,1,16,0,0,0,2,0,0,0,113,142.6,40.0,27.0,21.0,0,0,0,0,6,0.09,0.17,0.26,10.34,4.5,4.3
79,2024/25,223911,45,44,0,0,0,0,0,0,0,0,0,0,0,0,0,0,0.0,0.0,0.0,0.0,0,0,0,0,0,0.00,0.00,0.00,0.00,4.5,4.4
80,2024/25,575901,40,39,3,9,0,0,0,1,0,0,0,0,0,0,0,8,2.2,1.8,0.0,0.4,0,0,0,1,0,0.00,0.00,0.00,0.08,4.0,3.9
81,2023/24,222683,50,46,100,1910,7,1,11,23,0,0,0,5,0,0,2,229,362.2,283.2,619.0,126.4,0,0,0,0,26,5.76,1.68,7.44,30.07,5.0,4.6
81,2024/25,222683,55,59,158,2339,12,6,13,29,0,0,0,8,0,0,14,532,700.0,654.1,771.0,212.0,0,0,0,138,29,10.05,3.66,13.71,32.60,5.5,5.9
84,2022/23,201658,50,47,94,1740,5,4,5,37,0,0,0,1,0,0,12,315,459.8,348.4,436.0,124.2,0,0,0,0,19,3.13,1.37,4.50,31.77,5.0,4.7
84,2023/24,201658,55,50,89,2118,3,4,8,38,0,0,0,3,0,0,5,324,468.4,649.4,460.0,157.8,0,0,0,0,25,3.88,4.24,8.12,32.42,5.5,5.0
84,2024/25,201658,55,54,87,1932,3,7,4,29,0,0,0,6,0,0,4,362,447.0,664.8,442.0,155.4,0,0,0,179,20,5.51,3.65,9.16,25.42,5.5,5.4
85,2022/23,200785,50,49,47,2156,0,0,5,36,0,0,0,4,1,0,1,290,393.6,328.9,24.0,74.9,0,0,0,0,24,0.11,1.05,1.16,32.69,5.0,4.9
85,2023/24,200785,50,49,5,118,0,0,0,3,0,0,0,0,0,0,1,28,24.6,14.1,10.0,4.9,0,0,0,0,1,0.00,0.03,0.03,1.81,5.0,4.9
85,2024/25,200785,50,49,58,1959,0,3,6,30,0,0,0,7,0,0,1,315,411.8,261.2,83.0,75.9,0,0,0,276,21,1.33,0.76,2.09,29.26,5.0,4.9
86,2018/19,111317,50,50,123,2263,7,6,9,41,0,0,0,3,0,0,7,414,598.0,466.7,609.0,167.5,0,0,0,0,0,0.00,0.00,0.00,0.00,5.0,5.0
86,2019/20,111317,65,61,21,505,1,0,1,12,0,0,0,1,0,0,1,73,82.2,100.8,71.0,25.4,0,0,0,0,0,0.00,0.00,0.00,0.00,6.5,6.1
86,2022/23,111317,55,53,5,170,0,0,0,4,0,0,0,1,0,0,0,7,17.6,28.8,42.0,8.7,0,0,0,0,2,0.33,0.20,0.53,4.40,5.5,5.3
86,2023/24,111317,50,47,23,271,1,1,0,7,0,0,0,1,0,0,2,71,88.2,112.4,113.0,31.4,0,0,0,0,2,2.45,0.47,2.92,6.08,5.0,4.7
86,2024/25,111317,50,49,52,941,2,1,3,12,0,0,0,3,0,0,2,204,193.6,316.7,300.0,80.4,0,0,0,80,9,2.58,2.02,4.60,15.03,5.0,4.9
87,2022/23,158499,55,53,64,1825,1,2,3,35,0,0,0,2,0,0,2,225,284.2,423.5,402.0,111.1,0,0,0,0,22,2.89,2.07,4.96,30.87,5.5,5.3
87,2023/24,158499,50,50,90,2908,0,5,8,56,0,0,0,6,0,0,5,433,620.2,780.2,351.0,175.4,0,0,0,0,35,2.49,5.37,7.86,48.61,5.0,5.0
87,2024/25,158499,50,48,76,2114,2,3,8,28,0,0,0,9,0,0,5,435,514.0,576.8,303.0,139.6,0,0,0,326,27,2.14,2.90,5.04,30.17,5.0,4.8
88,2016/17,155408,45,42,17,432,0,2,1,7,0,0,0,1,0,0,1,81,100.8,89.8,28.0,21.8,0,0,0,0,0,0.00,0.00,0.00,0.00,4.5,4.2
88,2017/18,155408,45,43,58,2234,0,2,3,42,0,0,0,5,0,0,0,337,456.4,423.3,126.0,100.7,0,0,0,0,0,0.00,0.00,0.00,0.00,4.5,4.3
88,2018/19,155408,50,46,22,719,0,0,3,10,0,0,0,2,0,0,0,91,76.0,50.4,36.0,16.5,0,0,0,0,0,0.00,0.00,0.00,0.00,5.0,4.6
88,2019/20,155408,50,50,40,1340,0,1,2,30,0,0,0,5,0,0,0,183,187.8,183.1,68.0,43.8,0,0,0,0,0,0.00,0.00,0.00,0.00,5.0,5.0
88,2022/23,155408,50,49,51,1712,0,2,3,39,0,0,0,4,0,0,1,280,313.0,352.5,45.0,71.2,0,0,0,0,18,0.24,2.30,2.54,32.09,5.0,4.9
88,2023/24,155408,50,48,77,2787,0,3,8,51,0,0,0,5,1,0,5,446,520.2,681.9,67.0,127.2,0,0,0,0,32,0.42,2.92,3.34,50.30,5.0,4.8
88,2024/25,155408,50,50,82,2976,1,4,5,44,0,0,0,8,1,0,3,500,607.0,727.1,114.0,144.9,0,0,0,386,32,0.94,3.76,4.70,45.25,5.0,5.0
89,2017/18,168991,45,44,22,755,0,0,3,11,0,0,0,3,0,0,0,98,111.4,58.6,26.0,19.3,0,0,0,0,0,0.00,0.00,0.00,0.00,4.5,4.4
89,2018/19,168991,45,45,63,2187,2,0,5,43,0,0,0,7,0,0,4,317,494.6,341.0,375.0,121.3,0,0,0,0,0,0.00,0.00,0.00,0.00,4.5,4.5
89,2019/20,168991,50,49,68,2526,1,1,5,41,0,0,0,8,0,0,5,347,545.4,239.8,342.0,112.9,0,0,0,0,0,0.00,0.00,0.00,0.00,5.0,4.9
89,2022/23,168991,55,50,126,2766,7,2,9,54,0,0,0,5,0,0,14,475,637.4,401.1,445.0,148.4,0,0,0,0,34,4.60,2.56,7.16,49.46,5.5,5.0
89,2023/24,168991,55,51,60,1385,2,3,2,36,0,0,0,3,1,0,3,228,304.2,313.5,267.0,88.3,0,0,0,0,13,2.53,2.11,4.64,29.25,5.5,5.1
89,2024/25,168991,50,48,10,176,0,0,0,4,0,0,0,1,0,0,0,52,54.0,102.4,47.0,20.4,0,0,0,35,1,0.55,0.97,1.52,3.35,5.0,4.8
90,2023/24,503139,50,49,41,1003,1,1,3,25,0,0,0,3,0,0,3,163,197.0,294.7,116.0,60.7,0,0,0,0,11,0.82,1.06,1.88,17.89,5.0,4.9
90,2024/25,503139,50,47,26,745,0,0,3,8,0,0,0,3,0,0,0,132,141.6,171.6,118.0,43.2,0,0,0,104,8,0.73,1.00,1.73,10.14,5.0,4.7
91,2022/23,224995,65,65,53,863,5,0,0,23,0,0,0,1,1,0,6,173,242.8,157.7,305.0,70.6,0,0,0,0,13,3.81,0.88,4.69,18.12,6.5,6.5
91,2023/24,224995,55,55,43,685,2,2,1,18,0,0,0,0,0,0,2,149,221.4,251.4,343.0,81.7,0,0,0,0,7,2.62,1.03,3.65,11.39,5.5,5.5
91,2024/25,224995,50,48,23,229,1,1,0,4,0,0,0,0,0,0,2,90,112.0,115.3,195.0,42.3,0,0,0,32,1,1.18,1.29,2.47,4.08,5.0,4.8
92,2023/24,441240,50,50,4,37,0,0,0,1,0,0,0,1,0,0,0,9,5.0,2.5,13.0,1.8,0,0,0,0,0,0.15,0.03,0.18,0.14,5.0,5.0
92,2024/25,441240,50,50,0,0,0,0,0,0,0,0,0,0,0,0,0,0,0.0,0.0,0.0,0.0,0,0,0,0,0,0.00,0.00,0.00,0.00,5.0,5.0
93,2022/23,424044,45,45,14,425,0,0,2,8,0,0,0,0,0,0,0,60,84.0,218.5,36.0,33.8,0,0,0,0,5,1.04,1.15,2.19,9.94,4.5,4.5
93,2023/24,424044,50,47,3,44,0,0,0,1,0,0,0,0,0,0,0,10,12.8,14.8,30.0,5.7,0,0,0,0,0,0.17,0.01,0.18,0.84,5.0,4.7
93,2024/25,424044,45,45,0,0,0,0,0,0,0,0,0,0,0,0,0,0,0.0,0.0,0.0,0.0,0,0,0,0,0,0.00,0.00,0.00,0.00,4.5,4.5
94,2022/23,550596,45,45,0,0,0,0,0,0,0,0,0,0,0,0,0,0,0.0,0.0,0.0,0.0,0,0,0,0,0,0.00,0.00,0.00,0.00,4.5,4.5
94,2023/24,550596,45,45,1,1,0,0,0,0,0,0,0,0,0,0,0,3,0.0,0.0,0.0,0.0,0,0,0,0,0,0.00,0.00,0.00,0.00,4.5,4.5
94,2024/25,550596,45,45,0,0,0,0,0,0,0,0,0,0,0,0,0,0,0.0,0.0,0.0,0.0,0,0,0,0,0,0.00,0.00,0.00,0.00,4.5,4.5
95,2024/25,530121,45,45,1,1,0,0,0,0,0,0,0,0,0,0,0,5,2.0,1.0,0.0,0.3,0,0,0,1,0,0.00,0.00,0.00,0.04,4.5,4.5
96,2024/25,606775,45,45,4,22,0,0,0,0,0,0,0,0,0,0,0,14,2.4,0.2,2.0,0.4,0,0,0,4,0,0.00,0.00,0.00,0.16,4.5,4.5
97,2024/25,444102,60,59,128,2317,10,5,11,30,0,0,1,1,1,0,20,487,456.0,331.9,966.0,174.8,0,0,0,107,28,12.47,1.74,14.21,26.78,6.0,5.9
98,2023/24,168636,50,50,40,317,2,4,1,9,0,0,0,1,0,0,3,99,142.4,58.6,242.0,43.7,0,0,0,0,2,2.84,0.13,2.97,4.49,5.0,5.0
98,2024/25,168636,55,54,32,330,2,1,2,3,0,0,0,2,0,0,4,97,104.0,56.1,207.0,35.9,0,0,0,23,2,2.73,0.26,2.99,6.38,5.5,5.4
99,2022/23,590760,45,45,0,0,0,0,0,0,0,0,0,0,0,0,0,0,0.0,0.0,0.0,0.0,0,0,0,0,0,0.00,0.00,0.00,0.00,4.5,4.5
99,2024/25,590760,45,45,0,0,0,0,0,0,0,0,0,0,0,0,0,0,0.0,0.0,0.0,0.0,0,0,0,0,0,0.00,0.00,0.00,0.00,4.5,4.5
391,2022/23,496208,45,45,2,23,0,0,0,1,0,0,0,0,0,0,0,4,5.6,1.4,4.0,1.2,0,0,0,0,0,0.00,0.00,0.00,0.96,4.5,4.5
391,2023/24,496208,45,43,1,13,0,0,0,0,0,0,0,0,0,0,0,3,0.2,0.8,0.0,0.1,0,0,0,0,0,0.00,0.00,0.00,0.14,4.5,4.3
391,2024/25,496208,45,45,0,0,0,0,0,0,0,0,0,0,0,0,0,0,0.0,0.0,0.0,0.0,0,0,0,0,0,0.00,0.00,0.00,0.00,4.5,4.5
687,2024/25,606774,45,45,1,1,0,0,0,0,0,0,0,0,0,0,0,3,0.0,0.0,0.0,0.0,0,0,0,0,0,0.00,0.00,0.00,0.00,4.5,4.5
782,2007/08,40383,40,39,0,0,0,0,0,0,0,0,0,0,0,0,0,0,0.0,0.0,0.0,0.0,0,0,0,0,0,0.00,0.00,0.00,0.00,4.0,3.9
782,2008/09,40383,40,40,0,0,0,0,0,0,0,0,0,0,0,0,0,0,0.0,0.0,0.0,0.0,0,0,0,0,0,0.00,0.00,0.00,0.00,4.0,4.0
782,2011/12,40383,45,42,0,0,0,0,0,0,0,0,0,0,0,0,0,0,0.0,0.0,0.0,0.0,0,0,0,0,0,0.00,0.00,0.00,0.00,4.5,4.2
782,2014/15,40383,50,53,118,2623,0,0,13,21,0,0,0,1,0,61,0,442,0.0,0.0,0.0,0.0,0,0,0,0,0,0.00,0.00,0.00,0.00,5.0,5.3
782,2015/16,40383,50,49,68,1620,0,0,6,17,0,0,0,0,0,52,3,310,0.0,0.0,0.0,0.0,0,0,0,0,0,0.00,0.00,0.00,0.00,5.0,4.9
782,2016/17,40383,50,50,134,3420,0,0,14,48,0,1,0,3,0,76,4,625,553.6,10.0,0.0,56.4,0,0,0,0,0,0.00,0.00,0.00,0.00,5.0,5.0
782,2017/18,40383,50,46,73,1800,0,0,4,30,0,1,0,0,0,69,6,351,488.2,0.0,0.0,48.9,0,0,0,0,0,0.00,0.00,0.00,0.00,5.0,4.6
782,2018/19,40383,45,42,2,90,0,0,0,3,0,0,0,0,0,3,0,13,22.2,0.0,0.0,2.2,0,0,0,0,0,0.00,0.00,0.00,0.00,4.5,4.2
782,2019/20,40383,45,42,0,0,0,0,0,0,0,0,0,0,0,0,0,0,0.0,0.0,0.0,0.0,0,0,0,0,0,0.00,0.00,0.00,0.00,4.5,4.2
782,2020/21,40383,40,40,30,720,0,0,2,11,0,1,0,0,0,20,0,147,191.0,0.0,0.0,19.1,0,0,0,0,0,0.00,0.00,0.00,0.00,4.0,4.0
782,2021/22,40383,45,44,57,1710,0,0,3,35,0,0,0,1,0,68,6,330,559.8,0.0,0.0,56.2,0,0,0,0,0,0.00,0.00,0.00,0.00,4.5,4.4
782,2022/23,40383,40,39,40,1215,0,0,3,24,0,1,0,1,0,32,1,222,267.8,0.0,0.0,26.9,0,0,0,0,13,0.00,0.00,0.00,19.21,4.0,3.9
782,2023/24,40383,40,38,0,0,0,0,0,0,0,0,0,0,0,0,0,0,0.0,0.0,0.0,0.0,0,0,0,0,0,0.00,0.00,0.00,0.00,4.0,3.8
782,2024/25,40383,45,43,19,630,0,0,1,15,0,0,0,0,0,29,0,64,221.0,0.0,0.0,22.2,0,0,0,0,7,0.00,0.00,0.00,14.80,4.5,4.3
27,2017/18,200641,50,47,5,144,0,0,0,3,0,0,0,0,0,0,0,23,12.0,29.7,11.0,5.3,0,0,0,0,0,0.00,0.00,0.00,0.00,5.0,4.7
27,2018/19,200641,45,44,0,0,0,0,0,0,0,0,0,0,0,0,0,0,0.0,0.0,0.0,0.0,0,0,0,0,0,0.00,0.00,0.00,0.00,4.5,4.4
27,2019/20,200641,55,53,30,622,1,1,2,7,0,0,0,1,0,0,0,105,110.4,148.3,185.0,44.4,0,0,0,0,0,0.00,0.00,0.00,0.00,5.5,5.3
27,2020/21,200641,55,51,2,70,0,0,0,0,0,0,0,0,0,0,0,2,4.2,9.7,10.0,2.4,0,0,0,0,0,0.00,0.00,0.00,0.00,5.5,5.1
27,2021/22,200641,50,50,1,19,0,0,0,1,0,0,0,0,0,0,0,4,4.0,11.6,20.0,3.6,0,0,0,0,0,0.00,0.00,0.00,0.00,5.0,5.0
27,2022/23,200641,50,47,42,202,3,3,1,3,0,0,0,0,0,0,5,127,179.8,121.9,178.0,48.0,0,0,0,0,0,1.09,0.99,2.08,2.16,5.0,4.7
27,2023/24,200641,50,48,16,256,0,0,1,1,0,0,0,1,0,0,0,58,42.8,87.7,39.0,16.9,0,0,0,0,1,0.18,0.43,0.61,2.18,5.0,4.8
27,2024/25,200641,50,50,27,483,1,1,1,9,0,0,0,1,0,0,2,143,131.6,223.9,195.0,55.1,0,0,0,45,5,1.07,0.96,2.03,6.13,5.0,5.0
83,2022/23,533463,50,50,49,1239,1,3,1,23,0,0,0,1,0,0,4,163,280.8,262.5,283.0,82.5,0,0,0,0,15,3.52,1.68,5.20,25.86,5.0,5.0
83,2023/24,533463,50,47,56,1214,1,2,5,24,0,0,0,3,0,0,3,207,298.4,245.4,332.0,87.8,0,0,0,0,12,2.65,1.10,3.75,21.13,5.0,4.7
83,2024/25,533463,50,45,111,1998,7,4,7,23,0,0,0,3,0,0,7,432,624.6,496.8,754.0,187.2,0,0,0,196,21,8.42,3.24,11.66,31.96,5.0,4.5
101,2019/20,200720,45,44,0,0,0,0,0,0,0,0,0,0,0,0,0,0,0.0,0.0,0.0,0.0,0,0,0,0,0,0.00,0.00,0.00,0.00,4.5,4.4
101,2020/21,200720,45,45,10,180,0,0,1,1,0,0,0,0,0,6,0,41,57.8,0.0,0.0,5.8,0,0,0,0,0,0.00,0.00,0.00,0.00,4.5,4.5
101,2021/22,200720,45,43,8,180,0,0,1,2,0,0,0,0,0,6,0,52,46.2,0.0,0.0,4.6,0,0,0,0,0,0.00,0.00,0.00,0.00,4.5,4.3
101,2022/23,200720,40,39,2,90,0,0,0,4,0,0,0,0,0,6,0,20,38.0,0.0,0.0,3.8,0,0,0,0,1,0.00,0.00,0.00,1.77,4.0,3.9
101,2023/24,200720,40,36,34,900,0,0,2,11,0,0,0,0,0,28,3,198,261.2,10.0,0.0,27.0,0,0,0,0,10,0.00,0.01,0.01,10.33,4.0,3.6
101,2024/25,200720,45,39,45,900,0,0,4,12,0,1,0,0,0,27,1,156,224.2,0.0,0.0,22.4,0,0,0,0,10,0.00,0.00,0.00,11.09,4.5,3.9
102,2021/22,235448,40,40,0,0,0,0,0,0,0,0,0,0,0,0,0,0,0.0,0.0,0.0,0.0,0,0,0,0,0,0.00,0.00,0.00,0.00,4.0,4.0
102,2022/23,235448,40,40,0,0,0,0,0,0,0,0,0,0,0,0,0,0,0.0,0.0,0.0,0.0,0,0,0,0,0,0.00,0.00,0.00,0.00,4.0,4.0
102,2023/24,235448,40,39,0,0,0,0,0,0,0,0,0,0,0,0,0,0,0.0,0.0,0.0,0.0,0,0,0,0,0,0.00,0.00,0.00,0.00,4.0,3.9
103,2021/22,503300,40,40,0,0,0,0,0,0,0,0,0,0,0,0,0,0,0.0,0.0,0.0,0.0,0,0,0,0,0,0.00,0.00,0.00,0.00,4.0,4.0
103,2022/23,503300,40,39,0,0,0,0,0,0,0,0,0,0,0,0,0,0,0.0,0.0,0.0,0.0,0,0,0,0,0,0.00,0.00,0.00,0.00,4.0,3.9
103,2023/24,503300,40,40,0,0,0,0,0,0,0,0,0,0,0,0,0,0,0.0,0.0,0.0,0.0,0,0,0,0,0,0.00,0.00,0.00,0.00,4.0,4.0
104,2024/25,535017,40,40,0,0,0,0,0,0,0,0,0,0,0,0,0,0,0.0,0.0,0.0,0.0,0,0,0,0,0,0.00,0.00,0.00,0.00,4.0,4.0
105,2023/24,507433,40,40,0,0,0,0,0,0,0,0,0,0,0,0,0,0,0.0,0.0,0.0,0.0,0,0,0,0,0,0.00,0.00,0.00,0.00,4.0,4.0
105,2024/25,507433,40,39,2,144,0,0,0,2,0,0,0,0,0,3,0,14,21.4,0.1,0.0,2.1,0,0,0,0,1,0.00,0.00,0.00,1.49,4.0,3.9
106,2021/22,432830,45,43,55,1670,2,0,5,26,0,0,0,2,1,0,1,272,436.0,78.2,254.0,77.0,0,0,0,0,0,0.00,0.00,0.00,0.00,4.5,4.3
106,2022/23,432830,45,42,49,1811,0,0,4,37,0,0,0,2,1,0,6,326,437.0,38.9,36.0,51.5,0,0,0,0,19,0.23,0.21,0.44,32.93,4.5,4.2
106,2023/24,432830,45,45,84,2649,1,1,7,51,0,0,0,3,0,0,8,489,653.8,151.5,180.0,98.7,0,0,0,0,29,1.59,0.95,2.54,41.61,4.5,4.5
106,2024/25,432830,45,46,127,3420,2,7,8,57,0,0,0,5,0,0,11,549,1023.2,160.5,311.0,149.6,0,0,0,351,38,2.44,1.57,4.01,56.31,4.5,4.6
107,2022/23,249231,55,52,14,313,0,1,0,4,0,0,0,0,0,0,0,37,42.0,64.0,114.0,21.9,0,0,0,0,3,0.49,0.29,0.78,4.15,5.5,5.2
107,2023/24,249231,50,47,73,1428,3,2,6,29,0,0,0,0,0,0,1,186,280.0,203.8,573.0,105.6,0,0,0,0,15,6.42,1.66,8.07,20.21,5.0,4.7
107,2024/25,249231,50,50,94,3092,1,5,8,49,0,0,0,7,0,0,0,460,542.0,462.2,391.0,139.9,0,0,0,146,36,2.96,4.94,7.90,50.62,5.0,5.0
108,2021/22,191866,45,44,81,1995,1,3,8,32,0,0,0,5,0,0,5,384,390.0,124.2,184.0,70.0,0,0,0,0,0,0.00,0.00,0.00,0.00,4.5,4.4
108,2022/23,191866,45,45,29,763,0,0,4,14,0,0,0,0,0,0,0,129,96.8,24.7,27.0,15.1,0,0,0,0,9,0.04,0.12,0.16,11.34,4.5,4.5
108,2023/24,191866,45,44,68,1826,2,1,5,33,0,0,0,5,0,0,3,323,406.8,166.6,223.0,79.7,0,0,0,0,21,1.22,2.68,3.90,29.41,4.5,4.4
108,2024/25,191866,45,44,39,1433,0,0,3,25,0,0,0,5,0,0,0,120,199.0,128.1,158.0,48.5,0,0,0,89,17,0.97,0.48,1.45,21.70,4.5,4.4
109,2021/22,194010,45,45,108,2775,3,0,9,41,0,0,0,2,0,0,4,453,451.0,325.4,235.0,101.0,0,0,0,0,0,0.00,0.00,0.00,0.00,4.5,4.5
109,2022/23,194010,45,44,112,3240,0,3,11,46,0,0,0,4,0,0,4,505,460.0,411.5,197.0,107.0,0,0,0,0,37,1.80,2.90,4.70,48.49,4.5,4.4
109,2023/24,194010,45,42,13,401,0,1,1,5,0,0,0,1,0,0,0,74,72.8,67.9,17.0,15.7,0,0,0,0,5,0.07,0.90,0.97,5.12,4.5,4.2
109,2024/25,194010,45,43,4,94,0,0,0,3,0,0,0,0,0,0,0,5,13.6,2.1,2.0,1.7,0,0,0,6,0,0.00,0.01,0.01,2.16,4.5,4.3
110,2024/25,607464,45,45,27,523,0,1,2,5,0,0,0,2,0,0,0,115,105.2,105.2,30.0,24.2,0,0,0,41,6,0.19,0.70,0.89,6.66,4.5,4.5
111,2021/22,231065,45,44,90,2694,1,1,7,43,0,0,0,1,0,0,7,517,648.8,151.7,335.0,113.5,0,0,0,0,0,0.00,0.00,0.00,0.00,4.5,4.4
111,2022/23,231065,45,44,112,2700,3,0,10,34,1,0,0,0,0,0,6,575,840.8,110.1,319.0,127.2,0,0,0,0,30,2.73,1.11,3.84,40.17,4.5,4.4
111,2023/24,231065,45,45,77,2521,2,0,5,46,0,0,0,1,0,0,5,479,653.2,63.4,221.0,94.2,0,0,0,0,28,2.01,0.83,2.84,39.14,4.5,4.5
111,2024/25,231065,45,44,47,1912,2,0,2,35,1,0,0,2,0,0,0,233,540.2,101.2,193.0,83.6,0,0,0,216,21,1.08,0.64,1.72,34.33,4.5,4.4
112,2021/22,226956,45,41,41,1232,1,1,1,27,0,0,0,1,0,0,4,170,200.2,125.8,81.0,40.8,0,0,0,0,0,0.00,0.00,0.00,0.00,4.5,4.1
112,2022/23,226956,45,43,48,1101,0,0,5,12,0,0,0,0,0,0,0,201,167.6,120.7,46.0,33.4,0,0,0,0,12,0.28,0.82,1.10,17.67,4.5,4.3
112,2023/24,226956,45,44,75,1975,1,2,5,40,0,0,0,1,0,0,3,354,382.0,281.3,94.0,76.3,0,0,0,0,22,1.05,1.34,2.39,37.71,4.5,4.4
112,2024/25,226956,45,43,36,1100,0,2,2,20,0,0,0,2,0,0,0,125,214.4,185.8,78.0,48.0,0,0,0,58,11,0.20,2.09,2.29,21.52,4.5,4.3
113,2022/23,444765,40,40,0,0,0,0,0,0,0,0,0,0,0,0,0,0,0.0,0.0,0.0,0.0,0,0,0,0,0,0.00,0.00,0.00,0.00,4.0,4.0
113,2023/24,444765,40,40,0,0,0,0,0,0,0,0,0,0,0,0,0,0,0.0,0.0,0.0,0.0,0,0,0,0,0,0.00,0.00,0.00,0.00,4.0,4.0
113,2024/25,444765,40,41,62,2584,0,1,5,49,0,0,0,3,0,0,1,266,587.4,108.3,226.0,92.3,0,0,0,229,29,2.09,0.52,2.61,44.61,4.0,4.1
114,2023/24,622536,40,40,0,0,0,0,0,0,0,0,0,0,0,0,0,0,0.0,0.0,0.0,0.0,0,0,0,0,0,0.00,0.00,0.00,0.00,4.0,4.0
114,2024/25,622536,40,40,0,0,0,0,0,0,0,0,0,0,0,0,0,0,0.0,0.0,0.0,0.0,0,0,0,0,0,0.00,0.00,0.00,0.00,4.0,4.0
115,2023/24,612534,40,40,0,0,0,0,0,0,0,0,0,0,0,0,0,0,0.0,0.0,0.0,0.0,0,0,0,0,0,0.00,0.00,0.00,0.00,4.0,4.0
115,2024/25,612534,40,40,0,0,0,0,0,0,0,0,0,0,0,0,0,0,0.0,0.0,0.0,0.0,0,0,0,0,0,0.00,0.00,0.00,0.00,4.0,4.0
116,2022/23,472713,50,49,63,1918,0,3,5,30,0,0,0,7,0,0,2,310,227.4,120.7,102.0,45.1,0,0,0,0,23,0.38,0.58,0.96,28.13,5.0,4.9
116,2023/24,472713,45,43,17,713,0,0,2,12,0,0,0,5,0,0,0,87,66.6,28.4,37.0,12.9,0,0,0,0,9,0.20,0.13,0.33,10.20,4.5,4.3
116,2024/25,472713,45,43,0,0,0,0,0,0,0,0,0,0,0,0,0,0,0.0,0.0,0.0,0.0,0,0,0,0,0,0.00,0.00,0.00,0.00,4.5,4.3
117,2023/24,570241,40,40,0,0,0,0,0,0,0,0,0,0,0,0,0,0,0.0,0.0,0.0,0.0,0,0,0,0,0,0.00,0.00,0.00,0.00,4.0,4.0
117,2024/25,570241,40,39,3,28,0,0,0,0,0,0,0,0,0,0,0,8,5.0,0.8,0.0,0.6,0,0,0,2,0,0.00,0.00,0.00,0.32,4.0,3.9
118,2024/25,499717,40,40,1,4,0,0,0,0,0,0,0,0,0,0,0,3,0.2,0.3,0.0,0.1,0,0,0,0,0,0.00,0.00,0.00,0.14,4.0,4.0
120,2022/23,513418,50,49,29,723,0,1,3,7,0,0,0,2,0,0,0,76,74.4,115.5,209.0,39.8,0,0,0,0,7,2.07,0.67,2.74,7.18,5.0,4.9
120,2023/24,513418,55,52,33,327,2,2,1,5,0,0,0,0,0,0,2,81,105.8,58.3,100.0,26.2,0,0,0,0,3,1.29,0.72,2.01,3.58,5.5,5.2
120,2024/25,513418,55,53,149,2281,11,4,10,34,0,0,0,3,0,0,12,498,630.8,312.7,892.0,183.3,0,0,0,161,26,8.45,1.75,10.20,30.66,5.5,5.3
121,2009/10,440089,45,45,0,0,0,0,0,0,0,0,0,0,0,0,0,0,0.0,0.0,0.0,0.0,0,0,0,0,0,0.00,0.00,0.00,0.00,4.5,4.5
121,2022/23,440089,55,50,33,970,0,0,3,14,0,0,0,4,0,0,0,131,140.2,172.1,152.0,46.5,0,0,0,0,9,2.31,1.32,3.63,14.89,5.5,5.0
121,2023/24,440089,50,48,45,829,0,4,5,9,0,0,0,2,0,0,0,155,162.6,179.1,103.0,44.7,0,0,0,0,7,0.76,0.93,1.69,10.11,5.0,4.8
121,2024/25,440089,50,49,131,2911,2,10,11,41,0,0,0,2,0,0,10,611,714.8,1006.4,338.0,205.9,0,0,0,321,34,2.91,7.01,9.92,45.60,5.0,4.9
123,2020/21,244858,45,45,12,254,1,0,0,6,0,0,0,0,0,0,0,42,72.4,30.8,161.0,26.5,0,0,0,0,0,0.00,0.00,0.00,0.00,4.5,4.5
123,2022/23,244858,55,51,27,339,2,1,0,3,0,0,0,0,0,0,0,80,89.4,36.7,173.0,29.7,0,0,0,0,4,1.11,0.25,1.36,5.01,5.5,5.1
123,2024/25,244858,50,45,35,443,2,1,0,14,0,0,0,1,0,0,1,127,142.2,71.5,154.0,36.3,0,0,0,49,3,2.49,0.54,3.03,11.46,5.0,4.5
124,2008/09,56979,45,45,1,45,0,0,0,2,0,0,0,0,0,0,0,0,0.0,0.0,0.0,0.0,0,0,0,0,0,0.00,0.00,0.00,0.00,4.5,4.5
124,2009/10,56979,45,45,82,2187,1,5,0,45,0,0,0,3,0,0,8,0,0.0,0.0,0.0,0.0,0,0,0,0,0,0.00,0.00,0.00,0.00,4.5,4.5
124,2010/11,56979,55,54,133,3211,3,5,13,46,0,0,0,2,0,0,20,0,0.0,0.0,0.0,0.0,0,0,0,0,0,0.00,0.00,0.00,0.00,5.5,5.4
124,2011/12,56979,65,56,95,2658,2,2,10,34,0,0,0,3,0,0,8,0,0.0,0.0,0.0,0.0,0,0,0,0,0,0.00,0.00,0.00,0.00,6.5,5.6
124,2012/13,56979,60,48,95,1535,5,4,8,12,0,0,0,3,0,0,9,0,0.0,0.0,0.0,0.0,0,0,0,0,0,0.00,0.00,0.00,0.00,6.0,4.8
124,2013/14,56979,60,62,124,3128,4,7,11,42,0,0,0,4,1,0,9,197,0.0,0.0,0.0,0.0,0,0,0,0,0,0.00,0.00,0.00,0.00,6.0,6.2
124,2014/15,56979,60,66,162,3256,6,10,13,45,0,0,0,6,0,0,22,725,0.0,0.0,0.0,0.0,0,0,0,0,0,0.00,0.00,0.00,0.00,6.0,6.6
124,2015/16,56979,70,65,57,1290,2,3,5,16,0,0,0,1,0,0,3,276,0.0,0.0,0.0,0.0,0,0,0,0,0,0.00,0.00,0.00,0.00,7.0,6.5
124,2016/17,56979,65,62,73,2116,1,4,7,28,0,0,0,8,0,0,9,467,507.4,554.3,93.0,115.5,0,0,0,0,0,0.00,0.00,0.00,0.00,6.5,6.2
124,2017/18,56979,55,53,75,2169,1,1,14,21,0,0,0,1,0,0,3,382,417.0,448.8,110.0,97.8,0,0,0,0,0,0.00,0.00,0.00,0.00,5.5,5.3
124,2018/19,56979,55,53,76,1976,1,3,12,14,0,0,0,1,1,0,2,397,358.8,311.7,182.0,85.4,0,0,0,0,0,0.00,0.00,0.00,0.00,5.5,5.3
124,2019/20,56979,55,52,116,2234,4,5,16,14,0,0,0,2,0,0,11,530,582.6,425.9,275.0,128.5,0,0,0,0,0,0.00,0.00,0.00,0.00,5.5,5.2
124,2020/21,56979,55,54,56,1704,1,2,4,23,0,0,0,0,0,0,2,345,358.0,262.3,108.0,72.9,0,0,0,0,0,0.00,0.00,0.00,0.00,5.5,5.4
124,2021/22,56979,50,49,110,2592,2,5,15,22,0,0,0,3,0,0,9,507,487.4,659.5,247.0,139.2,0,0,0,0,0,0.00,0.00,0.00,0.00,5.0,4.9
124,2022/23,56979,55,53,69,2060,0,3,8,30,0,0,0,2,0,0,0,401,315.2,525.8,185.0,103.0,0,0,0,0,23,1.35,3.59,4.93,31.96,5.5,5.3
124,2023/24,56979,50,50,0,0,0,0,0,0,0,0,0,0,0,0,0,0,0.0,0.0,0.0,0.0,0,0,0,0,0,0.00,0.00,0.00,0.00,5.0,5.0
125,2021/22,204580,50,49,90,2295,4,0,9,37,0,0,0,3,0,0,8,343,460.6,331.1,400.0,119.0,0,0,0,0,0,0.00,0.00,0.00,0.00,5.0,4.9
125,2022/23,204580,55,55,85,2201,3,1,8,28,0,0,0,3,0,0,5,357,411.2,258.8,243.0,91.3,0,0,0,0,24,2.33,1.56,3.89,29.68,5.5,5.5
125,2023/24,204580,55,52,93,3054,1,4,9,52,0,0,0,8,0,0,1,466,503.4,562.5,285.0,135.3,0,0,0,0,37,1.82,3.44,5.26,47.65,5.5,5.2
125,2024/25,204580,50,48,73,2251,1,3,6,38,2,0,0,3,0,0,2,384,356.6,284.2,131.0,77.2,0,0,0,229,27,0.83,2.38,3.21,37.37,5.0,4.8
126,2021/22,207283,50,49,54,1590,0,1,3,30,0,0,0,0,0,0,2,246,253.2,540.6,198.0,99.3,0,0,0,0,0,0.00,0.00,0.00,0.00,5.0,4.9
126,2022/23,207283,50,48,132,2805,5,7,10,40,0,0,0,5,0,0,11,498,644.0,787.9,208.0,164.1,0,0,0,0,37,2.34,4.79,7.13,40.47,5.0,4.8
126,2023/24,207283,55,52,98,2201,3,4,9,45,0,0,0,5,0,0,10,422,481.2,689.3,135.0,130.4,0,0,0,0,27,0.71,4.89,5.60,36.36,5.5,5.2
126,2024/25,207283,55,53,38,846,0,2,2,17,0,0,0,2,0,0,1,179,157.0,249.5,32.0,43.8,0,0,0,87,8,0.23,1.75,1.98,16.41,5.5,5.3
127,2024/25,626464,50,49,3,11,0,0,0,2,0,0,0,0,0,0,0,11,10.0,0.3,2.0,1.2,0,0,0,5,0,0.00,0.00,0.00,0.35,5.0,4.9
128,2021/22,428580,50,49,35,1040,0,2,3,19,0,0,0,4,0,0,0,117,93.0,73.5,174.0,33.7,0,0,0,0,0,0.00,0.00,0.00,0.00,5.0,4.9
128,2022/23,428580,50,48,38,837,0,3,3,11,0,0,0,0,0,0,0,111,136.4,93.7,111.0,34.2,0,0,0,0,8,1.03,0.78,1.81,15.65,5.0,4.8
128,2023/24,428580,50,49,39,1147,1,2,1,27,0,0,0,8,0,0,0,150,259.0,178.3,189.0,62.6,0,0,0,0,11,2.09,1.44,3.53,21.94,5.0,4.9
128,2024/25,428580,50,49,2,23,0,0,0,0,0,0,0,0,0,0,0,3,0.0,0.5,0.0,0.0,0,0,0,2,0,0.00,0.02,0.02,0.69,5.0,4.9
129,2022/23,508395,45,45,0,0,0,0,0,0,0,0,0,0,0,0,0,0,0.0,0.0,0.0,0.0,0,0,0,0,0,0.00,0.00,0.00,0.00,4.5,4.5
129,2023/24,508395,45,42,33,670,0,0,4,9,0,0,0,2,0,0,0,95,98.4,66.9,127.0,29.0,0,0,0,0,6,0.94,1.00,1.94,9.42,4.5,4.2
129,2024/25,508395,45,43,43,1435,0,0,3,25,0,0,0,6,0,0,0,255,259.6,196.1,89.0,54.4,0,0,0,215,15,0.62,0.91,1.53,26.43,4.5,4.3
131,2023/24,628204,45,45,0,0,0,0,0,0,0,0,0,0,0,0,0,0,0.0,0.0,0.0,0.0,0,0,0,0,0,0.00,0.00,0.00,0.00,4.5,4.5
131,2024/25,628204,45,44,10,53,0,0,0,2,0,0,0,0,0,0,0,30,8.0,4.5,3.0,1.2,0,0,0,6,0,0.15,0.00,0.15,1.79,4.5,4.4
132,2021/22,220695,45,45,0,0,0,0,0,0,0,0,0,0,0,0,0,0,0.0,0.0,0.0,0.0,0,0,0,0,0,0.00,0.00,0.00,0.00,4.5,4.5
132,2024/25,220695,45,45,8,112,0,0,0,1,0,0,0,0,0,0,0,32,27.8,15.8,10.0,5.4,0,0,0,13,0,0.12,0.04,0.16,1.89,4.5,4.5
133,2021/22,450539,45,45,0,0,0,0,0,0,0,0,0,0,0,0,0,0,0.0,0.0,0.0,0.0,0,0,0,0,0,0.00,0.00,0.00,0.00,4.5,4.5
133,2023/24,450539,45,45,3,11,0,0,0,0,0,0,0,0,0,0,0,6,2.2,10.9,2.0,1.5,0,0,0,0,0,0.00,0.00,0.00,0.07,4.5,4.5
133,2024/25,450539,45,45,0,0,0,0,0,0,0,0,0,0,0,0,0,0,0.0,0.0,0.0,0.0,0,0,0,0,0,0.00,0.00,0.00,0.00,4.5,4.5
134,2022/23,591357,45,44,0,0,0,0,0,0,0,0,0,0,0,0,0,0,0.0,0.0,0.0,0.0,0,0,0,0,0,0.00,0.00,0.00,0.00,4.5,4.4
134,2023/24,591357,45,45,0,0,0,0,0,0,0,0,0,0,0,0,0,0,0.0,0.0,0.0,0.0,0,0,0,0,0,0.00,0.00,0.00,0.00,4.5,4.5
134,2024/25,591357,45,44,1,3,0,0,0,0,0,0,0,0,0,0,0,5,2.6,0.1,0.0,0.3,0,0,0,3,0,0.00,0.00,0.00,0.00,4.5,4.4
136,2024/25,502500,60,59,9,167,0,0,0,4,0,0,0,0,0,0,0,32,18.2,30.6,12.0,5.8,0,0,0,22,1,0.13,0.04,0.17,3.54,6.0,5.9
137,2024/25,533710,45,45,0,0,0,0,0,0,0,0,0,0,0,0,0,0,0.0,0.0,0.0,0.0,0,0,0,0,0,0.00,0.00,0.00,0.00,4.5,4.5
748,2021/22,183656,55,53,7,250,0,0,0,6,0,0,0,0,1,0,0,27,30.2,41.2,30.0,10.0,0,0,0,0,0,0.00,0.00,0.00,0.00,5.5,5.3
748,2022/23,183656,45,41,81,1371,4,2,5,17,0,0,0,1,0,0,3,274,305.8,208.5,182.0,69.6,0,0,0,0,14,1.58,1.62,3.20,17.89,4.5,4.1
748,2023/24,183656,50,47,3,22,0,0,0,0,0,0,0,0,0,0,0,6,6.8,15.4,14.0,3.6,0,0,0,0,0,0.00,0.23,0.23,0.10,5.0,4.7
748,2024/25,183656,50,48,0,0,0,0,0,0,0,0,0,0,0,0,0,0,0.0,0.0,0.0,0.0,0,0,0,0,0,0.00,0.00,0.00,0.00,5.0,4.8
138,2007/08,49262,40,40,0,0,0,0,0,0,0,0,0,0,0,0,0,0,0.0,0.0,0.0,0.0,0,0,0,0,0,0.00,0.00,0.00,0.00,4.0,4.0
138,2008/09,49262,40,40,0,0,0,0,0,0,0,0,0,0,0,0,0,0,0.0,0.0,0.0,0.0,0,0,0,0,0,0.00,0.00,0.00,0.00,4.0,4.0
138,2018/19,49262,40,39,0,0,0,0,0,0,0,0,0,0,0,0,0,0,0.0,0.0,0.0,0.0,0,0,0,0,0,0.00,0.00,0.00,0.00,4.0,3.9
138,2020/21,49262,40,39,0,0,0,0,0,0,0,0,0,0,0,0,0,0,0.0,0.0,0.0,0.0,0,0,0,0,0,0.00,0.00,0.00,0.00,4.0,3.9
138,2021/22,49262,40,39,2,90,0,0,0,2,0,0,0,0,0,3,0,17,28.8,0.0,0.0,2.9,0,0,0,0,0,0.00,0.00,0.00,0.00,4.0,3.9
138,2022/23,49262,40,40,65,1350,0,1,6,23,1,1,0,1,0,37,8,332,377.6,13.0,0.0,39.1,0,0,0,0,15,0.00,0.15,0.15,23.46,4.0,4.0
138,2023/24,49262,45,40,42,1530,0,0,2,34,0,0,0,0,0,43,5,300,382.2,0.1,0.0,38.2,0,0,0,0,17,0.00,0.00,0.00,24.86,4.5,4.0
138,2024/25,49262,45,40,9,180,0,0,1,1,0,0,0,0,0,3,1,46,40.4,0.0,0.0,4.1,0,0,0,0,2,0.00,0.00,0.00,1.88,4.5,4.0
139,2023/24,489639,45,44,68,1890,0,0,4,28,0,0,0,3,0,65,7,417,541.4,1.0,0.0,54.3,0,0,0,0,21,0.00,0.00,0.00,31.60,4.5,4.4
139,2024/25,489639,45,45,103,3240,0,1,7,58,0,0,0,5,0,91,6,366,849.8,10.0,0.0,85.8,0,0,0,0,36,0.00,0.01,0.01,53.10,4.5,4.5
140,2020/21,209288,40,39,0,0,0,0,0,0,0,0,0,0,0,0,0,0,0.0,0.0,0.0,0.0,0,0,0,0,0,0.00,0.00,0.00,0.00,4.0,3.9
140,2021/22,209288,40,40,0,0,0,0,0,0,0,0,0,0,0,0,0,0,0.0,0.0,0.0,0.0,0,0,0,0,0,0.00,0.00,0.00,0.00,4.0,4.0
140,2022/23,209288,40,40,0,0,0,0,0,0,0,0,0,0,0,0,0,0,0.0,0.0,0.0,0.0,0,0,0,0,0,0.00,0.00,0.00,0.00,4.0,4.0
140,2023/24,209288,40,39,0,0,0,0,0,0,0,0,0,0,0,0,0,0,0.0,0.0,0.0,0.0,0,0,0,0,0,0.00,0.00,0.00,0.00,4.0,3.9
141,2024/25,472739,40,39,0,0,0,0,0,0,0,0,0,0,0,0,0,0,0.0,0.0,0.0,0.0,0,0,0,0,0,0.00,0.00,0.00,0.00,4.0,3.9
142,2021/22,240514,45,45,0,0,0,0,0,0,0,0,0,0,0,0,0,0,0.0,0.0,0.0,0.0,0,0,0,0,0,0.00,0.00,0.00,0.00,4.5,4.5
142,2022/23,240514,40,40,0,0,0,0,0,0,0,0,0,0,0,0,0,0,0.0,0.0,0.0,0.0,0,0,0,0,0,0.00,0.00,0.00,0.00,4.0,4.0
142,2023/24,240514,40,40,0,0,0,0,0,0,0,0,0,0,0,0,0,0,0.0,0.0,0.0,0.0,0,0,0,0,0,0.00,0.00,0.00,0.00,4.0,4.0
146,2017/18,83299,45,45,97,3420,1,1,10,54,4,0,0,7,0,0,7,637,1002.8,147.8,425.0,157.9,0,0,0,0,0,0.00,0.00,0.00,0.00,4.5,4.5
146,2018/19,83299,45,44,91,3151,2,1,7,56,0,0,0,5,1,0,6,573,805.8,132.9,245.0,118.7,0,0,0,0,0,0.00,0.00,0.00,0.00,4.5,4.4
146,2019/20,83299,45,48,128,3230,3,3,9,50,0,0,0,9,0,0,17,674,825.6,171.8,469.0,146.8,0,0,0,0,0,0.00,0.00,0.00,0.00,4.5,4.8
146,2020/21,83299,50,48,130,2932,5,0,11,40,1,0,0,5,2,0,17,626,720.4,136.7,443.0,130.2,0,0,0,0,0,0.00,0.00,0.00,0.00,5.0,4.8
146,2021/22,83299,50,48,92,2573,1,0,10,33,0,0,0,3,1,0,7,537,570.0,63.5,327.0,96.1,0,0,0,0,0,0.00,0.00,0.00,0.00,5.0,4.8
146,2022/23,83299,45,48,112,3240,1,1,12,50,1,0,0,4,0,0,7,648,661.4,163.6,198.0,102.4,0,0,0,0,36,1.67,0.90,2.57,46.43,4.5,4.8
146,2023/24,83299,50,52,89,2869,3,1,5,53,0,0,0,6,1,0,11,567,823.0,205.4,389.0,141.7,0,0,0,0,33,3.15,2.24,5.38,49.76,5.0,5.2
146,2024/25,83299,45,42,44,2081,0,1,4,42,1,0,0,5,0,0,0,223,425.4,115.7,128.0,66.9,0,0,0,126,23,0.81,1.02,1.83,35.69,4.5,4.2
147,2022/23,204214,45,50,128,2674,1,7,10,43,0,0,0,4,0,0,15,593,575.2,757.9,297.0,162.5,0,0,0,0,31,1.80,3.88,5.68,41.60,4.5,5.0
147,2023/24,204214,50,47,57,1242,2,3,3,26,1,0,0,4,0,0,7,291,350.8,382.6,156.0,89.0,0,0,0,0,15,1.00,2.22,3.22,26.50,5.0,4.7
147,2024/25,204214,50,49,63,2399,1,1,3,44,0,0,0,5,0,0,7,313,504.4,530.1,173.0,120.8,0,0,0,164,26,1.09,2.43,3.52,39.85,5.0,4.9
148,2024/25,231416,45,44,19,385,1,0,2,8,0,0,0,1,0,0,0,59,116.4,83.7,40.0,24.0,0,0,0,37,5,0.44,0.31,0.75,9.44,4.5,4.4
149,2023/24,223434,45,43,37,1631,0,0,2,26,0,0,0,4,0,0,1,311,297.8,135.5,23.0,45.8,0,0,0,0,17,0.25,0.50,0.75,24.36,4.5,4.3
149,2024/25,223434,45,43,18,959,0,0,1,17,0,0,0,4,0,0,0,113,189.6,54.7,4.0,24.9,0,0,0,61,10,0.05,0.25,0.30,17.21,4.5,4.3
150,2019/20,232792,40,41,26,619,0,1,3,8,0,0,0,2,0,0,0,136,91.8,82.1,27.0,20.2,0,0,0,0,0,0.00,0.00,0.00,0.00,4.0,4.1
150,2020/21,232792,45,46,35,887,1,3,2,15,0,0,0,2,1,0,2,156,147.8,162.9,156.0,46.7,0,0,0,0,0,0.00,0.00,0.00,0.00,4.5,4.6
150,2021/22,232792,45,45,74,1547,0,2,6,21,0,0,0,4,0,0,7,308,254.6,367.9,175.0,79.4,0,0,0,0,0,0.00,0.00,0.00,0.00,4.5,4.5
150,2022/23,232792,45,42,23,439,0,0,1,7,0,0,0,1,0,0,0,91,70.6,87.2,48.0,20.6,0,0,0,0,3,0.20,0.64,0.84,6.37,4.5,4.2
150,2023/24,232792,40,39,31,908,0,3,1,20,0,0,0,3,0,0,0,155,144.6,173.7,60.0,37.6,0,0,0,0,10,0.34,0.90,1.24,14.35,4.0,3.9
150,2024/25,232792,45,44,42,856,2,2,2,21,0,0,0,0,0,0,1,99,213.6,101.0,52.0,36.8,0,0,0,52,10,0.38,0.80,1.18,15.36,4.5,4.4
151,2022/23,469142,40,40,6,291,0,0,0,7,0,0,0,2,0,0,0,54,71.4,5.8,10.0,8.8,0,0,0,0,3,0.55,0.04,0.59,6.72,4.0,4.0
151,2023/24,469142,40,40,61,2368,0,0,5,38,0,0,0,4,0,0,3,454,631.8,176.4,175.0,98.5,0,0,0,0,26,1.42,0.93,2.35,37.22,4.0,4.0
151,2024/25,469142,45,45,87,2960,1,1,7,47,0,0,0,6,1,0,7,406,736.6,261.8,182.0,118.3,0,0,0,230,33,1.32,1.41,2.73,44.67,4.5,4.5
152,2020/21,111478,45,43,96,2280,1,1,9,27,0,0,0,3,0,0,10,432,484.4,366.0,169.0,102.1,0,0,0,0,0,0.00,0.00,0.00,0.00,4.5,4.3
152,2021/22,111478,45,42,95,2874,1,1,8,39,0,0,0,6,0,0,5,545,582.2,275.8,183.0,104.4,0,0,0,0,0,0.00,0.00,0.00,0.00,4.5,4.2
152,2022/23,111478,45,46,95,2183,1,1,10,29,0,0,0,6,0,0,6,447,407.2,201.3,162.0,77.4,0,0,0,0,25,1.72,1.02,2.74,27.53,4.5,4.6
152,2023/24,111478,45,43,49,1579,1,1,3,32,0,0,0,4,0,0,0,294,320.8,97.8,98.0,51.8,0,0,0,0,17,0.46,0.53,0.99,25.63,4.5,4.3
152,2024/25,111478,45,43,59,1694,0,0,6,24,0,0,0,5,0,0,7,249,273.0,147.2,59.0,48.1,0,0,0,131,19,0.47,1.31,1.78,24.83,4.5,4.3
153,2019/20,110735,45,44,88,2668,3,1,5,44,1,0,0,4,0,0,7,514,696.6,153.2,221.0,107.3,0,0,0,0,0,0.00,0.00,0.00,0.00,4.5,4.4
153,2020/21,110735,45,43,85,2594,1,0,9,35,0,0,0,4,0,0,0,470,505.4,96.6,244.0,84.6,0,0,0,0,0,0.00,0.00,0.00,0.00,4.5,4.3
153,2021/22,110735,45,43,59,1429,2,0,4,20,0,0,0,5,0,0,6,266,416.8,51.4,120.0,58.9,0,0,0,0,0,0.00,0.00,0.00,0.00,4.5,4.3
153,2022/23,110735,45,45,75,1983,0,0,9,27,1,0,0,2,0,0,3,405,361.8,104.3,126.0,59.2,0,0,0,0,23,1.72,0.45,2.17,25.80,4.5,4.5
153,2023/24,110735,45,42,26,1142,0,0,2,22,1,0,0,2,0,0,2,212,252.2,89.3,54.0,39.7,0,0,0,0,13,0.50,0.33,0.83,18.16,4.5,4.2
153,2024/25,110735,45,43,39,885,0,1,4,11,0,0,0,1,0,0,2,167,198.4,49.7,55.0,30.2,0,0,0,79,11,0.25,0.28,0.53,14.26,4.5,4.3
154,2024/25,439135,45,45,1,19,0,0,0,2,0,0,0,0,0,0,0,-2,7.0,0.6,0.0,0.7,0,0,0,2,0,0.00,0.00,0.00,0.44,4.5,4.5
155,2024/25,589100,40,40,0,0,0,0,0,0,0,0,0,0,0,0,0,0,0.0,0.0,0.0,0.0,0,0,0,0,0,0.00,0.00,0.00,0.00,4.0,4.0
156,2024/25,547720,40,40,0,0,0,0,0,0,0,0,0,0,0,0,0,0,0.0,0.0,0.0,0.0,0,0,0,0,0,0.00,0.00,0.00,0.00,4.0,4.0
157,2022/23,451340,50,57,138,2311,7,9,8,35,0,0,0,0,0,0,11,457,569.6,569.4,867.0,200.4,0,0,0,0,24,8.29,4.93,13.22,35.52,5.0,5.7
157,2023/24,451340,65,64,74,1485,3,7,1,27,0,0,0,4,0,0,7,252,327.6,375.1,636.0,134.0,0,0,0,0,15,3.49,3.56,7.05,24.64,6.5,6.4
157,2024/25,451340,65,63,145,2597,10,5,6,40,0,0,0,1,0,0,12,536,670.6,578.0,856.0,210.7,0,0,0,168,28,9.19,4.03,13.22,37.05,6.5,6.3
158,2022/23,463067,55,50,15,263,0,1,0,9,0,0,0,0,0,0,0,45,54.4,49.2,53.0,15.5,0,0,0,0,1,0.41,0.23,0.64,5.68,5.5,5.0
158,2024/25,463067,55,50,95,1651,5,6,6,29,0,0,0,2,0,0,1,288,355.4,281.8,404.0,103.0,0,0,0,130,19,4.57,1.67,6.24,27.90,5.5,5.0
159,2017/18,109345,50,48,74,1838,1,3,6,29,0,0,0,3,0,0,3,303,357.4,320.9,316.0,99.8,0,0,0,0,0,0.00,0.00,0.00,0.00,5.0,4.8
159,2018/19,109345,50,47,94,2459,1,6,6,40,0,0,0,1,0,0,5,342,474.6,684.5,405.0,156.6,0,0,0,0,0,0.00,0.00,0.00,0.00,5.0,4.7
159,2019/20,109345,50,46,38,1139,0,1,4,15,0,0,0,2,0,0,3,129,189.4,239.6,274.0,70.4,0,0,0,0,0,0.00,0.00,0.00,0.00,5.0,4.6
159,2020/21,109345,50,49,69,1670,2,2,7,25,0,0,0,0,0,0,6,283,368.6,414.3,322.0,110.5,0,0,0,0,0,0.00,0.00,0.00,0.00,5.0,4.9
159,2021/22,109345,55,53,61,1733,0,2,7,23,0,0,0,1,0,0,0,216,278.4,528.4,291.0,109.7,0,0,0,0,0,0.00,0.00,0.00,0.00,5.5,5.3
159,2022/23,109345,50,52,147,2719,6,10,10,40,0,0,0,2,0,0,16,559,791.8,965.8,955.0,271.4,0,0,0,0,31,7.01,5.90,12.91,37.58,5.0,5.2
159,2023/24,109345,65,61,39,555,3,1,2,11,0,0,0,1,0,0,6,134,197.4,126.5,139.0,46.4,0,0,0,0,7,2.10,0.97,3.07,10.50,6.5,6.1
159,2024/25,109345,65,65,7,161,0,0,0,3,0,0,0,2,0,0,0,25,24.0,59.6,18.0,10.1,0,0,0,16,1,0.09,0.32,0.41,2.82,6.5,6.5
160,2024/25,592031,55,48,102,1831,6,5,4,33,0,0,0,6,0,0,8,398,523.8,448.9,615.0,159.1,0,0,0,172,20,4.13,4.99,9.12,28.41,5.5,4.8
161,2022/23,474120,50,46,57,794,4,3,4,12,0,0,0,1,0,0,7,189,262.8,177.5,399.0,83.8,0,0,0,0,7,3.93,1.18,5.11,14.76,5.0,4.6
161,2023/24,474120,55,50,20,468,0,2,0,12,0,0,0,2,0,0,0,62,81.0,131.7,157.0,36.9,0,0,0,0,5,1.38,1.28,2.66,9.71,5.5,5.0
161,2024/25,474120,55,54,59,1155,2,3,2,22,0,0,0,3,0,0,5,224,250.8,268.9,362.0,87.7,0,0,0,79,14,2.82,1.32,4.14,22.10,5.5,5.4
162,2024/25,513433,55,54,45,676,1,4,1,15,0,0,0,0,0,0,1,176,196.6,311.6,187.0,69.1,0,0,0,49,8,1.15,1.93,3.08,12.66,5.5,5.4
163,2022/23,532529,45,45,1,1,0,0,0,0,0,0,0,0,0,0,0,3,2.0,0.0,2.0,0.4,0,0,0,0,0,0.00,0.00,0.00,0.23,4.5,4.5
163,2023/24,532529,45,45,42,866,3,0,2,17,0,0,0,1,0,0,5,155,200.2,118.9,230.0,55.0,0,0,0,0,8,2.10,0.36,2.46,14.30,4.5,4.5
163,2024/25,532529,50,49,89,1839,5,3,6,30,0,0,0,5,0,0,8,404,394.6,268.1,304.0,97.0,0,0,0,146,22,2.74,1.50,4.24,30.09,5.0,4.9
164,2024/25,219249,55,55,50,929,2,3,2,20,1,0,0,1,0,0,2,209,211.4,322.5,219.0,75.3,0,0,0,70,11,2.76,2.04,4.80,14.27,5.5,5.5
166,2022/23,509416,45,45,3,65,0,0,0,2,0,0,0,0,0,0,0,14,7.4,25.5,3.0,3.5,0,0,0,0,1,0.02,0.30,0.32,1.45,4.5,4.5
166,2023/24,509416,45,45,0,0,0,0,0,0,0,0,0,0,0,0,0,0,0.0,0.0,0.0,0.0,0,0,0,0,0,0.00,0.00,0.00,0.00,4.5,4.5
166,2024/25,509416,50,50,74,1958,2,1,7,28,0,0,0,4,0,0,3,358,363.2,507.5,247.0,111.7,0,0,0,228,22,2.51,2.62,5.13,30.15,5.0,5.0
167,2023/24,535301,45,45,34,1314,0,0,2,28,0,0,0,7,0,0,0,174,179.8,134.7,72.0,38.8,0,0,0,0,15,0.85,0.24,1.08,23.59,4.5,4.5
167,2024/25,535301,50,50,87,2660,3,1,8,40,0,0,0,6,1,0,7,490,515.4,343.7,193.0,105.2,0,0,0,376,31,3.10,1.21,4.31,39.54,5.0,5.0
169,2024/25,514254,55,55,30,507,1,1,0,13,0,0,0,0,0,0,2,130,124.2,143.2,69.0,33.6,0,0,0,71,4,0.82,1.16,1.98,9.28,5.5,5.5
170,2006/07,15157,65,59,114,2675,3,7,0,37,0,0,0,3,0,0,11,0,0.0,0.0,0.0,0.0,0,0,0,0,0,0.00,0.00,0.00,0.00,6.5,5.9
170,2007/08,15157,65,59,84,2227,2,2,0,43,0,0,0,3,0,0,14,0,0.0,0.0,0.0,0.0,0,0,0,0,0,0.00,0.00,0.00,0.00,6.5,5.9
170,2008/09,15157,60,61,128,3060,3,9,0,36,0,0,0,6,0,0,7,0,0.0,0.0,0.0,0.0,0,0,0,0,0,0.00,0.00,0.00,0.00,6.0,6.1
170,2009/10,15157,70,87,184,3172,7,12,0,37,1,0,1,5,0,0,35,0,0.0,0.0,0.0,0.0,0,0,0,0,0,0.00,0.00,0.00,0.00,7.0,8.7
170,2010/11,15157,90,81,97,2134,1,7,11,24,0,0,0,4,0,0,10,0,0.0,0.0,0.0,0.0,0,0,0,0,0,0.00,0.00,0.00,0.00,9.0,8.1
170,2011/12,15157,75,68,86,1586,3,5,6,17,0,0,0,3,0,0,10,0,0.0,0.0,0.0,0.0,0,0,0,0,0,0.00,0.00,0.00,0.00,7.5,6.8
170,2012/13,15157,65,61,96,1724,4,4,11,14,0,0,0,1,1,0,14,0,0.0,0.0,0.0,0.0,0,0,0,0,0,0.00,0.00,0.00,0.00,6.5,6.1
170,2013/14,15157,60,54,67,1373,1,6,5,19,0,0,0,3,0,0,0,73,0.0,0.0,0.0,0.0,0,0,0,0,0,0.00,0.00,0.00,0.00,6.0,5.4
170,2014/15,15157,55,54,107,1749,5,8,7,19,0,0,0,6,0,0,8,393,0.0,0.0,0.0,0.0,0,0,0,0,0,0.00,0.00,0.00,0.00,5.5,5.4
170,2015/16,15157,70,66,123,2409,5,11,8,35,0,0,0,9,1,0,13,520,0.0,0.0,0.0,0.0,0,0,0,0,0,0.00,0.00,0.00,0.00,7.0,6.6
170,2016/17,15157,65,63,139,3154,7,4,12,35,0,0,1,5,0,0,16,682,919.0,937.0,493.0,235.2,0,0,0,0,0,0.00,0.00,0.00,0.00,6.5,6.3
170,2017/18,15157,65,60,77,1759,0,3,6,25,0,0,0,3,0,0,4,459,437.2,615.5,272.0,132.5,0,0,0,0,0,0.00,0.00,0.00,0.00,6.5,6.0
170,2018/19,15157,55,56,101,1778,5,5,9,13,0,0,0,5,1,0,12,448,587.2,725.2,374.0,169.2,0,0,0,0,0,0.00,0.00,0.00,0.00,5.5,5.6
170,2019/20,15157,55,53,49,924,2,2,4,9,0,0,0,4,0,0,3,198,237.2,177.1,100.0,51.4,0,0,0,0,0,0.00,0.00,0.00,0.00,5.5,5.3
170,2020/21,15157,55,53,44,1056,0,2,4,10,0,0,0,3,0,0,2,204,200.0,242.0,108.0,55.2,0,0,0,0,0,0.00,0.00,0.00,0.00,5.5,5.3
170,2021/22,15157,50,49,38,844,0,1,4,6,0,0,0,2,0,0,1,196,233.2,332.8,78.0,64.5,0,0,0,0,0,0.00,0.00,0.00,0.00,5.0,4.9
170,2022/23,15157,45,44,42,889,0,1,3,12,0,0,0,2,0,0,0,187,179.6,222.7,93.0,49.5,0,0,0,0,7,0.40,1.63,2.03,13.56,4.5,4.4
170,2023/24,15157,50,48,28,770,0,2,4,12,0,0,0,3,0,0,0,146,152.8,253.5,61.0,46.8,0,0,0,0,11,0.29,2.18,2.47,12.81,5.0,4.8
170,2024/25,15157,50,50,6,170,0,0,1,1,0,0,0,1,0,0,0,27,28.6,66.3,12.0,10.7,0,0,0,13,3,0.16,0.15,0.31,1.98,5.0,5.0
171,2021/22,441192,45,45,5,44,0,0,0,2,0,0,0,0,0,0,0,15,2.8,2.4,2.0,0.8,0,0,0,0,0,0.00,0.00,0.00,0.00,4.5,4.5
171,2022/23,441192,45,45,16,168,0,2,1,2,0,0,0,1,0,0,0,40,46.6,38.2,50.0,12.9,0,0,0,0,1,0.33,0.27,0.60,2.76,4.5,4.5
171,2023/24,441192,45,45,0,0,0,0,0,0,0,0,0,0,0,0,0,0,0.0,0.0,0.0,0.0,0,0,0,0,0,0.00,0.00,0.00,0.00,4.5,4.5
171,2024/25,441192,50,49,1,8,0,0,0,0,0,0,0,0,0,0,0,3,0.2,0.8,0.0,0.1,0,0,0,1,0,0.00,0.00,0.00,0.00,5.0,4.9
173,2024/25,467779,50,47,52,1003,1,5,2,22,0,0,0,6,0,0,4,243,328.8,230.4,129.0,68.5,0,0,0,170,10,0.80,1.00,1.80,18.89,5.0,4.7
175,2024/25,567121,45,45,0,0,0,0,0,0,0,0,0,0,0,0,0,0,0.0,0.0,0.0,0.0,0,0,0,0,0,0.00,0.00,0.00,0.00,4.5,4.5
176,2024/25,550141,45,45,0,0,0,0,0,0,0,0,0,0,0,0,0,0,0.0,0.0,0.0,0.0,0,0,0,0,0,0.00,0.00,0.00,0.00,4.5,4.5
177,2022/23,513834,45,45,1,11,0,0,0,1,0,0,0,0,0,0,0,3,0.0,0.0,0.0,0.0,0,0,0,0,0,0.00,0.00,0.00,0.82,4.5,4.5
177,2024/25,513834,50,50,0,0,0,0,0,0,0,0,0,0,0,0,0,0,0.0,0.0,0.0,0.0,0,0,0,0,0,0.00,0.00,0.00,0.00,5.0,5.0
178,2008/09,50175,60,60,9,118,1,0,0,0,0,0,0,0,0,0,1,0,0.0,0.0,0.0,0.0,0,0,0,0,0,0.00,0.00,0.00,0.00,6.0,6.0
178,2009/10,50175,60,59,6,141,0,0,0,3,0,0,0,0,0,0,0,0,0.0,0.0,0.0,0.0,0,0,0,0,0,0.00,0.00,0.00,0.00,6.0,5.9
178,2010/11,50175,55,44,79,1756,6,1,9,27,0,0,0,2,0,0,11,0,0.0,0.0,0.0,0.0,0,0,0,0,0,0.00,0.00,0.00,0.00,5.5,4.4
178,2011/12,50175,70,63,112,2012,9,5,11,24,0,0,0,3,0,0,12,0,0.0,0.0,0.0,0.0,0,0,0,0,0,0.00,0.00,0.00,0.00,7.0,6.3
178,2012/13,50175,85,78,57,1301,1,4,4,12,0,0,0,1,0,0,2,0,0.0,0.0,0.0,0.0,0,0,0,0,0,0.00,0.00,0.00,0.00,8.5,7.8
178,2013/14,50175,75,66,100,1462,9,4,4,22,0,0,0,2,0,0,16,124,0.0,0.0,0.0,0.0,0,0,0,0,0,0.00,0.00,0.00,0.00,7.5,6.6
178,2014/15,50175,70,69,89,1709,4,7,6,19,0,0,0,3,0,0,10,328,0.0,0.0,0.0,0.0,0,0,0,0,0,0.00,0.00,0.00,0.00,7.0,6.9
178,2015/16,50175,75,69,48,575,4,3,3,10,0,0,0,1,0,0,7,175,0.0,0.0,0.0,0.0,0,0,0,0,0,0.00,0.00,0.00,0.00,7.5,6.9
178,2016/17,50175,75,73,37,748,2,2,3,11,0,0,0,0,0,0,0,117,144.8,89.9,321.0,55.5,0,0,0,0,0,0.00,0.00,0.00,0.00,7.5,7.3
178,2017/18,50175,75,73,70,1178,5,2,4,21,0,0,0,1,0,0,6,249,309.8,212.8,435.0,96.0,0,0,0,0,0,0.00,0.00,0.00,0.00,7.5,7.3
178,2018/19,50175,65,64,19,146,1,1,0,3,0,0,0,0,0,0,3,63,73.6,56.8,66.0,19.5,0,0,0,0,0,0.00,0.00,0.00,0.00,6.5,6.4
178,2019/20,50175,60,58,39,813,2,1,1,15,0,0,0,0,0,0,3,93,128.2,51.5,350.0,53.0,0,0,0,0,0,0.00,0.00,0.00,0.00,6.0,5.8
178,2020/21,50175,55,55,89,1541,6,4,6,18,0,0,1,0,0,0,15,286,319.8,269.7,595.0,117.7,0,0,0,0,0,0.00,0.00,0.00,0.00,5.5,5.5
178,2021/22,50175,60,60,89,1469,6,4,5,16,0,0,0,0,0,0,13,247,361.8,228.9,598.0,117.8,0,0,0,0,0,0.00,0.00,0.00,0.00,6.0,6.0
178,2022/23,50175,65,65,91,1844,6,5,6,28,0,0,0,0,0,0,5,296,378.2,390.6,782.0,155.4,0,0,0,0,21,8.59,1.65,10.24,26.45,6.5,6.5
178,2023/24,50175,60,57,79,1687,5,4,8,28,0,0,0,4,0,0,5,261,326.2,320.9,492.0,114.0,0,0,0,0,21,5.09,1.46,6.55,27.78,6.0,5.7
178,2024/25,50175,55,55,125,2109,10,5,7,37,0,0,0,5,0,0,21,484,550.2,331.3,676.0,155.8,0,0,0,95,24,9.58,1.36,10.94,37.40,5.5,5.5
179,2021/22,487117,45,45,1,22,0,0,0,1,0,0,0,0,0,0,0,4,2.0,4.8,2.0,0.9,0,0,0,0,0,0.00,0.00,0.00,0.00,4.5,4.5
179,2022/23,487117,45,46,65,942,6,2,6,12,0,0,0,1,0,0,8,213,286.2,150.4,361.0,79.9,0,0,0,0,10,5.44,0.54,5.98,13.45,4.5,4.6
179,2023/24,487117,60,57,69,1356,6,1,2,28,0,0,0,1,0,0,5,218,275.0,106.7,393.0,77.3,0,0,0,0,15,4.49,0.77,5.26,22.16,6.0,5.7
179,2024/25,487117,55,55,28,385,1,0,1,9,0,0,0,0,0,0,2,97,80.0,68.5,104.0,25.0,0,0,0,33,3,1.13,0.66,1.79,6.39,5.5,5.5
761,2024/25,604988,40,40,0,0,0,0,0,0,0,0,0,0,0,0,0,0,0.0,0.0,0.0,0.0,0,0,0,0,0,0.00,0.00,0.00,0.00,4.0,4.0
783,2017/18,60307,55,59,164,2928,7,8,10,46,0,0,0,2,0,0,24,635,735.4,1311.0,527.0,257.6,0,0,0,0,0,0.00,0.00,0.00,0.00,5.5,5.9
783,2018/19,60307,70,67,80,1864,3,3,3,31,0,0,1,1,0,0,12,347,456.0,815.3,344.0,161.7,0,0,0,0,0,0.00,0.00,0.00,0.00,7.0,6.7
783,2019/20,60307,65,62,76,1791,2,5,3,32,1,0,0,4,0,0,7,326,388.2,908.5,323.0,161.6,0,0,0,0,0,0.00,0.00,0.00,0.00,6.5,6.2
783,2020/21,60307,60,58,116,2479,3,8,10,28,0,0,1,3,0,0,11,525,620.4,1087.8,415.0,212.3,0,0,0,0,0,0.00,0.00,0.00,0.00,6.0,5.8
783,2021/22,60307,60,56,88,2033,2,5,8,24,0,0,1,1,0,0,7,405,475.2,961.8,370.0,180.9,0,0,0,0,0,0.00,0.00,0.00,0.00,6.0,5.6
783,2022/23,60307,55,54,159,3240,9,8,11,51,1,0,0,7,0,0,14,748,918.6,1227.5,582.0,273.2,0,0,0,0,37,5.19,8.93,14.12,48.43,5.5,5.4
783,2023/24,60307,65,61,153,3112,4,11,7,50,0,0,0,6,0,0,29,724,988.6,1674.9,434.0,309.9,0,0,0,0,34,6.40,8.89,15.29,51.16,6.5,6.1
783,2024/25,60307,65,65,0,0,0,0,0,0,0,0,0,0,0,0,0,0,0.0,0.0,0.0,0.0,0,0,0,0,0,0.00,0.00,0.00,0.00,6.5,6.5
795,2024/25,597320,45,45,1,6,0,0,0,0,0,0,0,0,0,0,0,5,2.0,0.9,6.0,0.9,0,0,0,1,0,0.00,0.05,0.05,0.00,4.5,4.5
220,2020/21,215059,45,45,101,2430,0,0,10,27,0,0,0,2,0,66,8,514,542.2,10.0,4.0,55.8,0,0,0,0,0,0.00,0.00,0.00,0.00,4.5,4.5
220,2021/22,215059,45,45,126,3330,0,0,11,42,0,0,0,3,1,101,8,679,811.0,30.0,0.0,84.0,0,0,0,0,0,0.00,0.00,0.00,0.00,4.5,4.5
220,2022/23,215059,45,44,82,2070,0,0,6,30,0,1,0,2,0,48,10,380,439.0,0.1,0.0,43.9,0,0,0,0,23,0.00,0.01,0.01,27.60,4.5,4.4
220,2023/24,215059,45,45,59,1433,0,0,3,25,0,1,0,2,0,53,7,317,450.6,0.1,0.0,45.2,0,0,0,0,16,0.00,0.00,0.00,23.72,4.5,4.5
220,2024/25,215059,45,45,126,2880,0,0,10,34,0,1,0,5,0,95,11,470,755.6,20.0,0.0,77.5,0,0,0,0,32,0.00,0.02,0.02,38.55,4.5,4.5
221,2024/25,508479,45,42,18,540,0,0,1,9,0,0,0,0,0,20,0,59,157.6,0.0,0.0,15.9,0,0,0,0,6,0.00,0.00,0.00,8.83,4.5,4.2
223,2023/24,471798,40,40,0,0,0,0,0,0,0,0,0,0,0,0,0,0,0.0,0.0,0.0,0.0,0,0,0,0,0,0.00,0.00,0.00,0.00,4.0,4.0
224,2021/22,179268,50,49,126,3089,1,1,11,39,0,0,0,6,0,0,21,673,679.8,700.8,207.0,159.1,0,0,0,0,0,0.00,0.00,0.00,0.00,5.0,4.9
224,2022/23,179268,50,49,65,1669,0,2,6,20,0,0,0,4,0,0,1,363,354.4,232.5,72.0,65.9,0,0,0,0,21,0.38,0.96,1.34,26.03,5.0,4.9
224,2023/24,179268,50,49,44,1783,0,3,4,33,1,0,0,10,0,0,3,318,384.4,283.9,122.0,79.3,0,0,0,0,20,1.16,1.01,2.17,31.18,5.0,4.9
224,2024/25,179268,50,54,133,2988,5,2,9,38,0,0,0,8,1,0,14,533,668.6,350.6,358.0,137.9,0,0,0,191,33,2.79,2.39,5.18,39.94,5.0,5.4
225,2019/20,225796,50,49,61,1510,0,2,5,23,0,0,0,1,0,0,5,373,343.6,428.8,143.0,91.8,0,0,0,0,0,0.00,0.00,0.00,0.00,5.0,4.9
225,2020/21,225796,50,51,112,2367,1,3,9,29,0,0,0,3,0,0,15,572,527.4,697.3,399.0,162.8,0,0,0,0,0,0.00,0.00,0.00,0.00,5.0,5.1
225,2021/22,225796,55,65,141,1863,5,9,7,22,1,0,0,4,1,0,26,573,605.2,733.4,440.0,178.0,0,0,0,0,0,0.00,0.00,0.00,0.00,5.5,6.5
225,2022/23,225796,60,58,44,1242,1,2,2,17,0,0,0,4,0,0,5,286,292.2,358.2,153.0,80.4,0,0,0,0,14,1.06,2.93,3.99,14.11,6.0,5.8
225,2023/24,225796,55,53,11,416,0,2,0,13,0,0,0,0,2,0,0,106,137.4,172.1,61.0,37.1,0,0,0,0,5,0.30,1.36,1.66,11.31,5.5,5.3
225,2024/25,225796,50,48,54,1057,1,2,3,14,0,0,0,1,0,0,5,223,207.6,202.1,56.0,46.7,0,0,0,50,12,0.45,1.15,1.60,16.10,5.0,4.8
226,2017/18,180736,40,40,0,0,0,0,0,0,0,0,0,0,0,0,0,0,0.0,0.0,0.0,0.0,0,0,0,0,0,0.00,0.00,0.00,0.00,4.0,4.0
226,2021/22,180736,50,47,99,1447,3,1,9,9,0,0,0,2,0,0,11,396,405.8,105.8,151.0,66.1,0,0,0,0,0,0.00,0.00,0.00,0.00,5.0,4.7
226,2022/23,180736,50,44,49,1601,0,0,5,24,1,0,0,4,0,0,1,318,294.6,94.0,112.0,50.3,0,0,0,0,18,0.82,0.32,1.14,30.99,5.0,4.4
226,2023/24,180736,45,43,39,949,1,0,3,14,0,0,0,1,0,0,4,221,250.8,45.4,38.0,33.4,0,0,0,0,10,0.20,0.16,0.36,15.26,4.5,4.3
226,2024/25,180736,45,44,93,1969,3,1,6,25,0,0,0,3,0,0,11,379,496.4,124.2,222.0,84.6,0,0,0,176,23,1.98,0.64,2.62,27.15,4.5,4.4
227,2022/23,460028,45,44,46,1218,0,2,3,21,0,0,0,1,0,0,6,249,236.2,101.9,50.0,38.9,0,0,0,0,13,1.41,0.31,1.72,22.20,4.5,4.4
227,2023/24,460028,45,46,65,1794,1,1,5,26,0,0,0,2,0,0,4,355,394.6,113.2,163.0,67.2,0,0,0,0,20,1.29,0.53,1.82,28.43,4.5,4.6
227,2024/25,460028,45,44,109,3150,2,1,10,41,0,0,0,9,0,0,6,461,692.0,214.3,185.0,109.4,0,0,0,221,35,1.92,1.31,3.23,43.52,4.5,4.4
228,2023/24,482609,40,43,74,1746,0,6,5,28,0,0,0,7,1,0,10,409,434.8,494.8,174.0,110.4,0,0,0,0,19,1.01,3.39,4.40,26.12,4.0,4.3
228,2024/25,482609,50,49,60,1853,0,1,4,26,0,0,0,4,0,0,2,285,336.8,394.6,147.0,87.9,0,0,0,117,19,1.44,1.91,3.35,27.43,5.0,4.9
229,2022/23,242880,50,50,40,904,1,0,4,9,0,0,0,2,0,0,2,209,219.8,49.1,81.0,35.1,0,0,0,0,10,1.26,0.20,1.46,12.31,5.0,5.0
229,2023/24,242880,45,44,35,1337,0,1,3,31,1,0,0,3,0,0,4,267,336.4,87.4,51.0,47.5,0,0,0,0,15,0.27,0.92,1.19,25.42,4.5,4.4
229,2024/25,242880,45,42,7,332,0,0,0,5,0,0,0,0,0,0,0,35,66.0,12.6,0.0,7.9,0,0,0,29,3,0.00,0.08,0.08,5.34,4.5,4.2
230,2020/21,444463,50,50,71,2260,0,1,7,30,0,0,0,7,0,0,5,464,502.0,107.8,121.0,73.4,0,0,0,0,0,0.00,0.00,0.00,0.00,5.0,5.0
230,2021/22,444463,45,43,17,630,0,0,1,7,0,0,0,2,0,0,2,112,131.4,30.1,32.0,19.4,0,0,0,0,0,0.00,0.00,0.00,0.00,4.5,4.3
230,2022/23,444463,45,43,37,1362,1,0,2,24,0,0,0,4,0,0,4,244,294.6,59.6,86.0,44.4,0,0,0,0,14,0.74,0.29,1.03,22.96,4.5,4.3
230,2023/24,444463,45,44,0,0,0,0,0,0,0,0,0,0,0,0,0,0,0.0,0.0,0.0,0.0,0,0,0,0,0,0.00,0.00,0.00,0.00,4.5,4.4
230,2024/25,444463,45,43,26,1172,0,0,2,13,0,0,0,7,0,0,2,162,200.2,85.0,33.0,31.9,0,0,0,88,14,0.44,0.18,0.62,14.76,4.5,4.3
232,2016/17,109646,45,45,0,0,0,0,0,0,0,0,0,0,0,0,0,0,0.0,0.0,0.0,0.0,0,0,0,0,0,0.00,0.00,0.00,0.00,4.5,4.5
232,2017/18,109646,40,40,0,0,0,0,0,0,0,0,0,0,0,0,0,0,0.0,0.0,0.0,0.0,0,0,0,0,0,0.00,0.00,0.00,0.00,4.0,4.0
232,2020/21,109646,45,45,100,2953,0,1,9,41,1,0,0,1,0,0,11,571,673.8,70.1,223.0,97.1,0,0,0,0,0,0.00,0.00,0.00,0.00,4.5,4.5
232,2022/23,109646,45,44,49,2084,1,0,3,39,0,0,0,4,0,0,1,353,514.4,90.1,128.0,73.4,0,0,0,0,23,0.71,0.47,1.18,43.91,4.5,4.4
232,2023/24,109646,45,43,66,1616,2,0,6,25,0,0,0,2,0,0,2,327,431.8,39.3,152.0,62.4,0,0,0,0,18,0.78,0.32,1.10,28.19,4.5,4.3
232,2024/25,109646,45,42,71,1403,1,1,7,14,0,0,0,4,0,0,7,305,352.2,48.2,92.0,49.6,0,0,0,114,15,0.93,0.23,1.16,19.62,4.5,4.2
233,2023/24,577016,40,40,1,5,0,0,0,0,0,0,0,0,0,0,0,4,15.0,0.0,0.0,1.5,0,0,0,0,0,0.00,0.00,0.00,0.57,4.0,4.0
233,2024/25,577016,40,40,4,168,0,0,0,3,0,0,0,1,0,0,0,8,13.6,2.5,13.0,2.9,0,0,0,4,2,0.22,0.01,0.23,2.09,4.0,4.0
234,2024/25,622758,40,40,0,0,0,0,0,0,0,0,0,0,0,0,0,0,0.0,0.0,0.0,0.0,0,0,0,0,0,0.00,0.00,0.00,0.00,4.0,4.0
235,2019/20,244851,45,45,0,0,0,0,0,0,0,0,0,0,0,0,0,0,0.0,0.0,0.0,0.0,0,0,0,0,0,0.00,0.00,0.00,0.00,4.5,4.5
235,2020/21,244851,45,44,0,0,0,0,0,0,0,0,0,0,0,0,0,0,0.0,0.0,0.0,0.0,0,0,0,0,0,0.00,0.00,0.00,0.00,4.5,4.4
235,2021/22,244851,45,45,9,121,0,1,1,0,0,0,0,0,0,0,0,29,11.0,30.8,60.0,10.2,0,0,0,0,0,0.00,0.00,0.00,0.00,4.5,4.5
235,2022/23,244851,45,42,19,358,0,1,1,4,0,0,0,1,0,0,0,76,73.0,88.7,155.0,31.9,0,0,0,0,2,0.36,0.49,0.85,7.13,4.5,4.2
235,2023/24,244851,50,63,244,2617,22,13,7,46,0,0,0,7,0,0,32,844,1240.2,1022.5,1016.0,327.8,0,0,0,0,29,17.35,8.17,25.52,45.48,5.0,6.3
235,2024/25,244851,105,105,214,3193,15,10,10,41,0,0,1,7,0,0,35,952,1068.2,1259.2,1052.0,338.0,0,0,0,171,36,16.79,9.53,26.32,43.88,10.5,10.5
236,2019/20,247632,50,49,57,920,3,3,1,12,0,0,0,3,0,0,0,194,227.8,232.0,260.0,71.8,0,0,0,0,0,0.00,0.00,0.00,0.00,5.0,4.9
236,2020/21,247632,55,55,124,2549,5,8,9,38,0,0,0,4,0,0,10,492,594.2,1007.3,722.0,232.5,0,0,0,0,0,0.00,0.00,0.00,0.00,5.5,5.5
236,2021/22,247632,65,62,22,459,1,1,0,14,0,0,0,3,0,0,0,88,103.4,205.1,219.0,52.6,0,0,0,0,0,0.00,0.00,0.00,0.00,6.5,6.2
236,2022/23,247632,55,49,37,962,0,2,5,15,0,0,0,1,0,0,0,124,96.8,309.5,203.0,60.9,0,0,0,0,13,1.12,1.64,2.76,14.34,5.5,4.9
236,2023/24,247632,55,55,86,1516,2,11,3,27,0,0,0,4,0,0,8,310,371.4,599.2,389.0,135.5,0,0,0,0,18,3.17,3.69,6.86,29.09,5.5,5.5
236,2024/25,247632,65,61,104,2262,4,6,8,25,0,0,0,8,0,0,9,434,492.0,762.7,545.0,180.0,0,0,0,119,24,3.48,4.47,7.95,27.98,6.5,6.1
237,2022/23,448047,50,50,42,1547,0,2,3,25,0,0,0,3,0,0,1,265,315.8,334.3,74.0,72.6,0,0,0,0,18,0.78,2.64,3.42,24.91,5.0,5.0
237,2023/24,448047,50,48,77,2208,3,3,5,47,0,0,1,7,0,0,4,369,527.2,567.7,369.0,146.3,0,0,0,0,26,5.72,3.78,9.50,40.13,5.0,4.8
237,2024/25,448047,50,47,135,2943,6,8,10,37,0,0,0,8,0,0,11,691,761.6,1131.6,517.0,241.3,0,0,0,261,32,6.23,6.11,12.34,38.06,5.0,4.7
240,2023/24,213198,75,72,29,437,3,0,0,12,0,0,0,0,0,0,4,96,134.6,74.5,222.0,42.7,0,0,0,0,2,2.47,0.37,2.84,8.74,7.5,7.2
240,2024/25,213198,65,57,60,904,3,2,2,16,0,0,0,2,0,0,5,190,230.2,204.9,339.0,77.1,0,0,0,59,9,5.11,1.01,6.12,16.25,6.5,5.7
241,2020/21,486672,50,50,0,0,0,0,0,0,0,0,0,0,0,0,0,0,0.0,0.0,0.0,0.0,0,0,0,0,0,0.00,0.00,0.00,0.00,5.0,5.0
241,2021/22,486672,45,45,27,660,1,1,4,6,0,0,0,2,0,0,1,124,145.4,64.6,131.0,34.1,0,0,0,0,0,0.00,0.00,0.00,0.00,4.5,4.5
241,2022/23,486672,50,50,79,3138,1,1,10,47,0,0,0,10,0,0,0,503,589.8,680.4,210.0,148.2,0,0,0,0,34,1.67,2.51,4.18,45.90,5.0,5.0
241,2023/24,486672,50,45,84,2865,1,3,7,50,0,0,0,11,0,0,6,466,613.6,403.2,68.0,108.2,0,0,0,0,33,0.42,2.01,2.43,46.79,5.0,4.5
241,2024/25,486672,50,49,98,3351,1,4,12,42,0,0,0,11,0,0,4,650,627.6,568.8,95.0,129.2,0,0,0,455,38,0.81,2.82,3.63,45.42,5.0,4.9
244,2021/22,514356,45,44,0,0,0,0,0,0,0,0,0,0,0,0,0,0,0.0,0.0,0.0,0.0,0,0,0,0,0,0.00,0.00,0.00,0.00,4.5,4.4
244,2022/23,514356,45,45,57,2219,1,1,4,50,0,0,0,9,0,0,0,317,347.6,247.5,46.0,64.5,0,0,0,0,26,0.42,0.62,1.04,41.72,4.5,4.5
244,2023/24,514356,50,49,1,32,0,0,0,0,0,0,0,0,0,0,0,2,3.6,1.9,0.0,0.6,0,0,0,0,0,0.00,0.01,0.01,0.33,5.0,4.9
244,2024/25,514356,45,45,26,792,0,1,3,11,0,0,0,4,0,0,0,125,113.2,121.7,7.0,24.4,0,0,0,88,11,0.25,0.38,0.63,14.33,4.5,4.5
245,2022/23,465920,70,64,25,650,0,2,0,10,0,0,0,1,0,0,0,73,100.8,146.4,140.0,38.2,0,0,0,0,7,1.82,1.26,3.08,10.88,7.0,6.4
245,2023/24,465920,65,63,94,1564,5,5,7,28,0,0,0,5,0,0,5,291,347.2,457.5,420.0,122.4,0,0,0,0,18,4.77,3.15,7.92,25.05,6.5,6.3
245,2024/25,465920,65,61,7,145,0,0,0,2,0,0,0,0,0,0,0,26,23.2,31.5,31.0,8.5,0,0,0,13,1,0.24,0.66,0.90,3.28,6.5,6.1
246,2022/23,532605,45,45,0,0,0,0,0,0,0,0,0,0,0,0,0,0,0.0,0.0,0.0,0.0,0,0,0,0,0,0.00,0.00,0.00,0.00,4.5,4.5
246,2023/24,532605,45,42,1,7,0,0,0,0,0,0,0,0,0,0,0,1,0.0,0.5,3.0,0.2,0,0,0,0,0,0.06,0.00,0.06,0.02,4.5,4.2
246,2024/25,532605,45,45,0,0,0,0,0,0,0,0,0,0,0,0,0,0,0.0,0.0,0.0,0.0,0,0,0,0,0,0.00,0.00,0.00,0.00,4.5,4.5
249,2019/20,475168,50,48,3,22,0,0,0,1,0,0,0,0,0,0,0,8,4.2,6.4,8.0,1.7,0,0,0,0,0,0.00,0.00,0.00,0.00,5.0,4.8
249,2021/22,475168,55,54,60,1634,3,1,2,35,0,0,0,1,0,0,4,207,332.6,291.2,610.0,123.7,0,0,0,0,0,0.00,0.00,0.00,0.00,5.5,5.4
249,2023/24,475168,55,52,104,2037,9,3,5,38,0,0,1,2,0,0,12,406,622.4,578.8,932.0,213.4,0,0,0,0,19,12.01,4.64,16.65,32.63,5.5,5.2
249,2024/25,475168,55,55,126,1946,10,6,6,28,0,0,0,4,1,0,26,516,567.0,456.0,644.0,166.0,0,0,0,96,23,8.96,3.10,12.06,25.51,5.5,5.5
250,2020/21,463034,45,42,1,39,0,0,0,4,0,0,0,0,0,0,0,0,0.0,0.3,4.0,0.2,0,0,0,0,0,0.00,0.00,0.00,0.00,4.5,4.2
250,2021/22,463034,45,45,1,8,0,0,0,0,0,0,0,0,0,0,0,2,0.0,0.0,2.0,0.1,0,0,0,0,0,0.00,0.00,0.00,0.00,4.5,4.5
250,2022/23,463034,45,44,0,0,0,0,0,0,0,0,0,0,0,0,0,0,0.0,0.0,0.0,0.0,0,0,0,0,0,0.00,0.00,0.00,0.00,4.5,4.4
250,2024/25,463034,55,56,132,2587,12,2,3,58,0,0,0,12,0,0,22,472,513.0,290.5,783.0,157.5,0,0,0,109,32,9.44,1.38,10.82,53.60,5.5,5.6
251,2023/24,517052,70,70,142,2801,14,6,9,48,0,0,0,10,0,0,12,479,783.8,501.7,1098.0,237.7,0,0,0,0,31,18.14,3.00,21.14,47.46,7.0,7.0
251,2024/25,517052,75,77,121,2220,10,6,11,24,0,0,0,7,1,0,17,417,546.4,368.3,976.0,187.4,0,0,0,90,28,11.68,1.90,13.58,28.47,7.5,7.7
252,2024/25,499309,50,47,3,71,0,0,0,2,0,0,0,0,0,0,0,11,4.4,11.8,6.0,2.2,0,0,0,3,0,0.00,0.02,0.02,1.46,5.0,4.7
453,2021/22,493105,45,45,2,12,0,0,0,0,0,0,0,0,0,0,0,5,0.0,0.3,0.0,0.0,0,0,0,0,0,0.00,0.00,0.00,0.00,4.5,4.5
453,2022/23,493105,45,41,39,557,3,2,0,13,0,0,0,3,0,0,0,81,157.6,61.7,287.0,50.7,0,0,0,0,5,2.97,0.95,3.92,8.02,4.5,4.1
453,2023/24,493105,50,50,131,2564,7,7,8,39,0,0,0,4,0,0,7,372,527.2,616.8,1103.0,224.3,0,0,0,0,30,8.23,2.81,11.04,51.56,5.0,5.0
453,2024/25,493105,65,59,106,2188,6,4,5,36,0,0,0,3,0,0,7,370,454.0,532.2,904.0,188.3,0,0,0,161,23,7.40,2.76,10.16,35.43,6.5,5.9
803,2023/24,499857,40,40,0,0,0,0,0,0,0,0,0,0,0,0,0,0,0.0,0.0,0.0,0.0,0,0,0,0,0,0.00,0.00,0.00,0.00,4.0,4.0
840,2024/25,567119,45,45,1,1,0,0,0,0,0,0,0,0,0,0,0,5,3.0,0.0,17.0,2.0,0,0,0,0,0,0.06,0.00,0.06,0.00,4.5,4.5
253,2019/20,172649,45,52,160,3240,0,1,13,33,0,1,0,2,0,97,16,688,718.8,10.0,18.0,74.8,0,0,0,0,0,0.00,0.00,0.00,0.00,4.5,5.2
253,2020/21,172649,55,52,44,1125,0,0,4,12,0,0,0,3,0,40,1,218,275.4,0.0,0.0,27.5,0,0,0,0,0,0.00,0.00,0.00,0.00,5.5,5.2
253,2021/22,172649,50,47,0,0,0,0,0,0,0,0,0,0,0,0,0,0,0.0,0.0,0.0,0.0,0,0,0,0,0,0.00,0.00,0.00,0.00,5.0,4.7
253,2022/23,172649,45,46,82,1620,0,0,6,31,0,2,0,2,0,54,12,367,474.4,0.0,0.0,47.5,0,0,0,0,18,0.00,0.01,0.01,26.97,4.5,4.6
253,2023/24,172649,45,44,48,1620,0,0,4,30,2,0,0,2,0,58,2,293,434.8,0.0,0.0,43.7,0,0,0,0,18,0.00,0.01,0.01,26.47,4.5,4.4
253,2024/25,172649,45,46,135,3420,0,0,11,51,0,1,0,3,0,104,8,466,853.6,30.0,4.0,88.6,0,0,0,0,38,0.01,0.02,0.03,50.33,4.5,4.6
255,2021/22,169593,40,39,0,0,0,0,0,0,0,0,0,0,0,0,0,0,0.0,0.0,0.0,0.0,0,0,0,0,0,0.00,0.00,0.00,0.00,4.0,3.9
255,2022/23,169593,40,40,0,0,0,0,0,0,0,0,0,0,0,0,0,0,0.0,0.0,0.0,0.0,0,0,0,0,0,0.00,0.00,0.00,0.00,4.0,4.0
255,2023/24,169593,40,39,1,3,0,0,0,1,0,0,0,0,0,0,0,3,1.0,0.0,0.0,0.1,0,0,0,0,0,0.00,0.00,0.00,0.07,4.0,3.9
255,2024/25,169593,40,39,0,0,0,0,0,0,0,0,0,0,0,0,0,0,0.0,0.0,0.0,0.0,0,0,0,0,0,0.00,0.00,0.00,0.00,4.0,3.9
256,2023/24,247348,45,45,56,1440,0,4,5,22,0,0,0,4,0,0,3,270,331.0,265.6,119.0,71.7,0,0,0,0,16,1.26,1.26,2.52,19.71,4.5,4.5
256,2024/25,247348,50,52,142,3229,4,6,11,46,0,0,0,10,0,0,9,480,816.6,634.2,524.0,197.6,0,0,0,267,37,4.92,3.46,8.38,46.30,5.0,5.2
257,2024/25,437499,45,45,114,3116,1,2,11,45,0,0,0,5,0,0,9,463,723.8,113.7,277.0,111.4,0,0,0,347,35,3.50,1.01,4.51,44.59,4.5,4.5
258,2019/20,244723,40,40,4,193,0,0,0,4,0,0,0,1,0,0,0,23,36.4,58.7,2.0,9.7,0,0,0,0,0,0.00,0.00,0.00,0.00,4.0,4.0
258,2020/21,244723,40,38,58,1710,1,2,4,32,0,0,0,1,0,0,5,287,387.6,76.8,60.0,52.5,0,0,0,0,0,0.00,0.00,0.00,0.00,4.0,3.8
258,2021/22,244723,45,45,109,3101,0,2,10,43,0,0,0,1,0,0,6,561,619.2,380.5,111.0,111.1,0,0,0,0,0,0.00,0.00,0.00,0.00,4.5,4.5
258,2022/23,244723,45,44,93,2889,0,2,8,40,0,0,0,5,1,0,7,476,485.0,260.3,141.0,89.0,0,0,0,0,34,0.62,1.25,1.87,42.90,4.5,4.4
258,2023/24,244723,45,45,119,3204,2,3,10,55,0,0,0,6,0,0,10,590,669.8,393.7,209.0,127.4,0,0,0,0,37,1.27,2.39,3.66,50.84,4.5,4.5
258,2024/25,244723,50,48,123,3090,0,6,12,46,0,0,0,2,0,0,4,455,630.8,559.1,170.0,136.2,0,0,0,217,37,1.31,3.67,4.98,46.45,5.0,4.8
261,2022/23,427623,45,44,13,443,0,0,1,11,0,0,0,0,0,0,0,83,92.4,15.3,26.0,13.2,0,0,0,0,4,0.71,0.05,0.76,11.19,4.5,4.4
261,2023/24,427623,40,39,62,2091,1,1,4,38,0,0,0,3,0,0,4,370,456.2,87.5,108.0,65.2,0,0,0,0,23,0.60,0.17,0.77,33.16,4.0,3.9
261,2024/25,427623,45,44,68,1921,1,1,7,31,0,0,0,2,1,0,2,249,470.8,45.0,181.0,69.6,0,0,0,193,22,1.33,0.60,1.93,29.78,4.5,4.4
262,2024/25,515621,45,43,1,90,0,0,0,2,0,0,0,0,0,0,0,3,18.2,1.3,0.0,2.0,0,0,0,7,1,0.00,0.02,0.02,1.39,4.5,4.3
263,2012/13,57328,40,41,89,3019,1,3,6,53,1,0,0,2,0,0,4,0,0.0,0.0,0.0,0.0,0,0,0,0,0,0.00,0.00,0.00,0.00,4.0,4.1
263,2013/14,57328,45,41,100,1862,0,5,10,18,0,0,0,3,0,0,10,121,0.0,0.0,0.0,0.0,0,0,0,0,0,0.00,0.00,0.00,0.00,4.5,4.1
263,2014/15,57328,50,59,142,3146,2,2,13,32,0,0,0,4,0,0,15,664,0.0,0.0,0.0,0.0,0,0,0,0,0,0.00,0.00,0.00,0.00,5.0,5.9
263,2015/16,57328,55,52,93,2970,1,0,10,45,0,0,0,6,0,0,2,567,0.0,0.0,0.0,0.0,0,0,0,0,0,0.00,0.00,0.00,0.00,5.5,5.2
263,2016/17,57328,55,59,129,3323,0,2,12,41,0,0,0,0,0,0,13,735,512.0,716.5,294.0,152.4,0,0,0,0,0,0.00,0.00,0.00,0.00,5.5,5.9
263,2017/18,57328,55,53,7,173,0,0,1,1,0,0,0,1,0,0,0,25,21.8,23.8,41.0,8.7,0,0,0,0,0,0.00,0.00,0.00,0.00,5.5,5.3
263,2018/19,57328,50,44,34,1250,0,1,3,26,0,0,0,2,0,0,0,201,199.4,100.2,72.0,36.9,0,0,0,0,0,0.00,0.00,0.00,0.00,5.0,4.4
263,2020/21,57328,45,45,28,1145,0,1,2,22,0,0,0,2,0,0,0,172,150.8,84.3,34.0,27.2,0,0,0,0,0,0.00,0.00,0.00,0.00,4.5,4.5
263,2021/22,57328,45,43,59,1351,0,1,6,12,0,0,0,1,0,0,4,264,181.0,99.1,17.0,29.9,0,0,0,0,0,0.00,0.00,0.00,0.00,4.5,4.3
263,2022/23,57328,45,45,44,1638,0,0,3,23,0,0,0,3,0,0,0,246,203.6,124.9,8.0,33.6,0,0,0,0,19,0.00,0.60,0.60,26.26,4.5,4.5
263,2023/24,57328,45,43,52,1335,0,1,5,16,0,0,0,0,0,0,0,259,179.6,67.8,21.0,27.0,0,0,0,0,14,0.21,0.21,0.42,21.65,4.5,4.3
263,2024/25,57328,45,43,18,477,0,0,1,11,0,0,0,1,0,0,0,48,66.6,51.8,8.0,12.4,0,0,0,30,5,0.02,0.24,0.26,10.11,4.5,4.3
264,2016/17,156074,45,41,32,810,0,0,4,8,0,0,0,3,0,0,3,171,172.0,49.2,100.0,32.2,0,0,0,0,0,0.00,0.00,0.00,0.00,4.5,4.1
264,2017/18,156074,50,44,27,819,0,1,3,17,0,0,0,3,0,0,1,196,212.2,39.3,24.0,27.5,0,0,0,0,0,0.00,0.00,0.00,0.00,5.0,4.4
264,2018/19,156074,45,43,24,806,0,0,1,10,0,0,0,1,0,0,5,148,187.8,28.7,14.0,23.2,0,0,0,0,0,0.00,0.00,0.00,0.00,4.5,4.3
264,2019/20,156074,45,44,16,580,0,0,1,9,0,0,0,1,0,0,2,96,133.6,4.8,19.0,15.8,0,0,0,0,0,0.00,0.00,0.00,0.00,4.5,4.4
264,2020/21,156074,45,43,105,2557,0,1,11,26,1,0,0,2,0,0,10,536,602.6,76.1,97.0,77.7,0,0,0,0,0,0.00,0.00,0.00,0.00,4.5,4.3
264,2021/22,156074,45,41,29,840,1,0,2,16,0,0,0,2,1,0,2,152,253.0,8.6,49.0,31.1,0,0,0,0,0,0.00,0.00,0.00,0.00,4.5,4.1
264,2022/23,156074,45,42,21,562,1,0,0,13,0,0,0,0,0,0,0,120,152.0,10.3,54.0,21.6,0,0,0,0,6,0.32,0.15,0.47,11.14,4.5,4.2
264,2023/24,156074,45,43,0,0,0,0,0,0,0,0,0,0,0,0,0,0,0.0,0.0,0.0,0.0,0,0,0,0,0,0.00,0.00,0.00,0.00,4.5,4.3
264,2024/25,156074,45,42,0,0,0,0,0,0,0,0,0,0,0,0,0,0,0.0,0.0,0.0,0.0,0,0,0,0,0,0.00,0.00,0.00,0.00,4.5,4.2
265,2024/25,590012,40,40,2,11,0,0,0,1,0,0,0,0,0,0,0,1,8.0,4.6,0.0,1.3,0,0,0,3,0,0.00,0.02,0.02,0.06,4.0,4.0
267,2019/20,232185,65,59,107,2023,5,7,6,35,0,0,0,1,0,0,7,300,392.0,391.9,637.0,142.2,0,0,0,0,0,0.00,0.00,0.00,0.00,6.5,5.9
267,2021/22,232185,60,57,81,1862,5,2,2,40,0,0,1,2,0,0,9,217,342.4,298.1,540.0,118.0,0,0,0,0,0,0.00,0.00,0.00,0.00,6.0,5.7
267,2024/25,232185,60,55,149,2708,8,7,10,39,0,0,0,4,0,0,14,542,675.0,618.0,866.0,215.9,0,0,0,190,30,10.82,6.82,17.64,38.63,6.0,5.5
268,2022/23,438464,50,50,74,2770,0,3,7,41,0,0,0,8,1,0,3,411,475.0,353.7,167.0,99.8,0,0,0,0,34,1.45,1.22,2.67,40.18,5.0,5.0
268,2023/24,438464,50,48,21,920,0,0,3,12,0,0,0,2,0,0,0,141,165.8,138.5,36.0,34.2,0,0,0,0,11,0.28,0.76,1.04,13.76,5.0,4.8
268,2024/25,438464,50,48,19,443,0,1,1,6,0,0,0,1,0,0,0,71,58.6,25.7,23.0,10.8,0,0,0,68,4,0.40,0.11,0.51,7.53,5.0,4.8
269,2024/25,606921,50,47,22,138,1,2,0,3,0,0,0,0,0,0,3,72,74.8,38.4,51.0,16.4,0,0,0,20,1,0.32,0.39,0.71,2.15,5.0,4.7
270,2017/18,108413,50,46,53,987,2,3,4,16,0,0,0,0,0,0,5,190,238.6,267.0,136.0,64.3,0,0,0,0,0,0.00,0.00,0.00,0.00,5.0,4.6
270,2018/19,108413,50,49,87,2419,2,4,7,39,0,0,0,5,0,0,5,320,429.2,416.0,451.0,129.6,0,0,0,0,0,0.00,0.00,0.00,0.00,5.0,4.9
270,2019/20,108413,55,53,62,2249,1,1,5,46,0,0,0,9,0,0,3,265,352.2,413.1,270.0,103.6,0,0,0,0,0,0.00,0.00,0.00,0.00,5.5,5.3
270,2021/22,108413,50,47,34,1050,0,2,4,16,0,0,0,6,0,0,2,164,159.0,143.0,60.0,36.3,0,0,0,0,0,0.00,0.00,0.00,0.00,5.0,4.7
270,2022/23,108413,50,48,41,822,1,1,1,11,0,0,0,4,0,0,3,152,190.4,107.4,78.0,37.4,0,0,0,0,7,0.34,0.63,0.97,13.05,5.0,4.8
270,2023/24,108413,50,49,61,1886,0,2,8,38,0,0,0,6,0,0,2,252,319.2,338.6,67.0,72.3,0,0,0,0,23,0.31,1.70,2.01,30.83,5.0,4.9
270,2024/25,108413,50,49,67,2100,0,4,10,31,0,0,0,11,0,0,3,278,335.2,462.6,90.0,87.5,0,0,0,249,24,1.09,2.64,3.73,31.64,5.0,4.9
271,2024/25,209400,55,51,45,1545,0,0,3,27,0,0,0,4,1,0,0,246,219.2,314.1,145.0,68.2,0,0,0,173,15,1.12,1.55,2.67,25.74,5.5,5.1
272,2018/19,152551,45,45,75,2505,2,2,9,49,1,0,0,12,0,0,6,410,539.6,245.8,174.0,96.2,0,0,0,0,0,0.00,0.00,0.00,0.00,4.5,4.5
272,2019/20,152551,50,48,65,2702,1,2,4,49,0,0,0,11,1,0,2,376,439.0,189.4,169.0,79.4,0,0,0,0,0,0.00,0.00,0.00,0.00,5.0,4.8
272,2022/23,152551,50,47,101,3252,5,0,7,67,1,0,0,7,0,0,5,500,619.2,296.4,312.0,122.7,0,0,0,0,37,2.58,3.00,5.58,60.57,5.0,4.7
272,2023/24,152551,50,47,64,2399,1,1,5,46,0,0,0,8,0,0,4,338,417.6,366.1,240.0,102.4,0,0,0,0,27,2.61,1.78,4.39,38.16,5.0,4.7
272,2024/25,152551,50,48,58,2270,0,1,6,36,0,0,0,9,0,0,2,326,401.4,190.2,197.0,78.7,0,0,0,327,26,1.07,1.75,2.82,33.55,5.0,4.8
273,2023/24,496221,50,50,50,1296,0,3,7,16,0,0,0,2,0,0,4,222,255.0,287.9,29.0,57.3,0,0,0,0,15,0.38,1.50,1.87,18.04,5.0,5.0
273,2024/25,496221,50,47,42,1314,0,2,4,21,0,0,0,2,0,0,0,244,261.2,381.4,69.0,71.2,0,0,0,185,16,0.38,2.17,2.55,19.34,5.0,4.7
274,2024/25,579075,45,45,2,4,0,0,0,0,0,0,0,0,0,0,0,4,4.0,10.6,1.0,1.5,0,0,0,2,0,0.02,0.01,0.03,0.00,4.5,4.5
275,2022/23,466117,45,45,7,87,0,0,0,2,0,0,0,1,0,0,0,20,7.4,13.2,14.0,3.0,0,0,0,0,0,0.15,0.02,0.17,1.83,4.5,4.5
275,2023/24,466117,45,43,16,332,0,0,0,14,0,0,0,2,1,0,0,52,41.2,25.2,61.0,12.9,0,0,0,0,0,0.40,0.12,0.52,8.93,4.5,4.3
275,2024/25,466117,45,45,0,0,0,0,0,0,0,0,0,0,0,0,0,0,0.0,0.0,0.0,0.0,0,0,0,0,0,0.00,0.00,0.00,0.00,4.5,4.5
276,2024/25,489706,45,45,34,494,1,1,0,8,0,0,0,1,0,0,1,129,138.8,101.8,90.0,33.2,0,0,0,56,4,0.77,0.41,1.18,9.30,4.5,4.5
277,2022/23,450535,45,42,3,31,0,0,0,1,0,0,0,0,0,0,0,9,3.4,0.9,4.0,0.9,0,0,0,0,0,0.00,0.01,0.01,0.18,4.5,4.2
277,2023/24,450535,45,44,0,0,0,0,0,0,0,0,0,0,0,0,0,0,0.0,0.0,0.0,0.0,0,0,0,0,0,0.00,0.00,0.00,0.00,4.5,4.4
277,2024/25,450535,45,45,0,0,0,0,0,0,0,0,0,0,0,0,0,0,0.0,0.0,0.0,0.0,0,0,0,0,0,0.00,0.00,0.00,0.00,4.5,4.5
278,2020/21,450542,45,45,0,0,0,0,0,0,0,0,0,0,0,0,0,0,0.0,0.0,0.0,0.0,0,0,0,0,0,0.00,0.00,0.00,0.00,4.5,4.5
278,2021/22,450542,45,44,4,79,0,0,1,0,0,0,0,0,0,0,0,7,1.0,6.1,2.0,0.8,0,0,0,0,0,0.00,0.00,0.00,0.00,4.5,4.4
278,2022/23,450542,45,45,0,0,0,0,0,0,0,0,0,0,0,0,0,0,0.0,0.0,0.0,0.0,0,0,0,0,0,0.00,0.00,0.00,0.00,4.5,4.5
278,2023/24,450542,45,45,8,132,0,0,1,3,0,0,0,0,0,0,0,21,23.2,28.2,58.0,11.0,0,0,0,0,0,0.41,0.14,0.54,3.21,4.5,4.5
278,2024/25,450542,45,45,0,0,0,0,0,0,0,0,0,0,0,0,0,0,0.0,0.0,0.0,0.0,0,0,0,0,0,0.00,0.00,0.00,0.00,4.5,4.5
279,2023/24,536694,50,48,16,224,0,2,0,7,0,0,0,1,0,0,0,47,36.4,77.7,53.0,16.5,0,0,0,0,1,0.33,0.46,0.79,3.49,5.0,4.8
279,2024/25,536694,45,44,9,52,1,0,0,0,0,0,0,0,0,0,0,34,48.4,1.2,66.0,11.5,0,0,0,8,0,0.28,0.18,0.46,0.40,4.5,4.4
280,2022/23,531989,45,45,1,1,0,0,0,0,0,0,0,0,0,0,0,3,0.0,0.8,0.0,0.1,0,0,0,0,0,0.00,0.00,0.00,0.00,4.5,4.5
280,2023/24,531989,45,45,8,148,0,0,0,5,0,0,0,1,0,0,0,27,25.2,4.0,0.0,2.9,0,0,0,0,0,0.00,0.01,0.01,3.06,4.5,4.5
280,2024/25,531989,45,45,0,0,0,0,0,0,0,0,0,0,0,0,0,0,0.0,0.0,0.0,0.0,0,0,0,0,0,0.00,0.00,0.00,0.00,4.5,4.5
281,2022/23,530318,45,45,0,0,0,0,0,0,0,0,0,0,0,0,0,0,0.0,0.0,0.0,0.0,0,0,0,0,0,0.00,0.00,0.00,0.00,4.5,4.5
281,2023/24,530318,45,45,0,0,0,0,0,0,0,0,0,0,0,0,0,0,0.0,0.0,0.0,0.0,0,0,0,0,0,0.00,0.00,0.00,0.00,4.5,4.5
281,2024/25,530318,45,45,0,0,0,0,0,0,0,0,0,0,0,0,0,0,0.0,0.0,0.0,0.0,0,0,0,0,0,0.00,0.00,0.00,0.00,4.5,4.5
282,2023/24,574398,45,45,0,0,0,0,0,0,0,0,0,0,0,0,0,0,0.0,0.0,0.0,0.0,0,0,0,0,0,0.00,0.00,0.00,0.00,4.5,4.5
282,2024/25,574398,45,44,0,0,0,0,0,0,0,0,0,0,0,0,0,0,0.0,0.0,0.0,0.0,0,0,0,0,0,0.00,0.00,0.00,0.00,4.5,4.4
283,2020/21,231747,60,53,15,215,1,0,0,4,0,0,0,0,0,0,2,45,46.6,16.2,80.0,14.0,0,0,0,0,0,0.00,0.00,0.00,0.00,6.0,5.3
283,2021/22,231747,55,53,61,1138,5,1,5,14,0,0,0,2,0,0,6,182,253.6,112.8,568.0,93.4,0,0,0,0,0,0.00,0.00,0.00,0.00,5.5,5.3
283,2022/23,231747,55,51,41,748,2,0,3,10,0,0,0,3,0,0,3,96,119.8,71.4,247.0,42.5,0,0,0,0,6,3.44,0.16,3.60,13.49,5.5,5.1
283,2023/24,231747,50,51,165,2274,16,7,8,44,0,0,0,3,0,0,22,563,775.0,404.0,741.0,191.9,0,0,0,0,25,10.84,1.30,12.14,40.46,5.0,5.1
283,2024/25,231747,75,75,150,2642,14,2,9,37,0,0,0,2,0,0,27,576,671.6,405.4,800.0,187.3,0,0,0,114,33,13.77,2.28,16.05,37.94,7.5,7.5
284,2017/18,205533,50,50,3,17,0,0,0,1,0,0,0,0,0,0,0,10,5.0,1.9,17.0,2.3,0,0,0,0,0,0.00,0.00,0.00,0.00,5.0,5.0
284,2018/19,205533,50,50,10,63,1,0,0,3,0,0,0,0,0,0,1,36,40.8,14.7,59.0,11.4,0,0,0,0,0,0.00,0.00,0.00,0.00,5.0,5.0
284,2019/20,205533,45,43,25,628,2,0,3,9,0,0,0,0,1,0,1,66,90.4,67.0,210.0,36.4,0,0,0,0,0,0.00,0.00,0.00,0.00,4.5,4.3
284,2020/21,205533,60,53,36,411,2,1,1,6,0,0,0,0,0,0,5,120,116.6,97.3,211.0,42.1,0,0,0,0,0,0.00,0.00,0.00,0.00,6.0,5.3
284,2021/22,205533,55,57,55,823,5,1,0,18,0,0,0,3,0,0,6,194,249.2,165.2,408.0,82.1,0,0,0,0,0,0.00,0.00,0.00,0.00,5.5,5.7
284,2022/23,205533,70,63,63,1071,4,2,2,16,0,0,0,3,0,0,5,161,213.4,128.5,607.0,93.8,0,0,0,0,9,7.89,1.26,9.15,14.65,7.0,6.3
284,2023/24,205533,55,50,71,1065,5,4,6,10,0,0,0,3,0,0,5,206,235.0,136.3,417.0,77.2,0,0,0,0,10,4.65,0.53,5.18,10.21,5.5,5.0
284,2024/25,205533,60,59,53,1018,3,2,2,17,0,0,0,4,1,0,4,186,192.2,163.7,475.0,82.5,0,0,0,55,9,5.94,0.83,6.77,14.29,6.0,5.9
285,2021/22,199670,65,60,87,1554,6,4,9,19,0,0,0,4,0,0,9,280,389.8,265.7,618.0,127.6,0,0,0,0,0,0.00,0.00,0.00,0.00,6.5,6.0
285,2022/23,199670,55,50,82,1788,5,2,5,25,0,0,0,3,0,0,5,225,351.6,238.7,552.0,113.2,0,0,0,0,20,4.14,0.80,4.94,24.19,5.5,5.0
285,2023/24,199670,55,53,79,1545,7,0,6,24,0,0,0,4,0,0,9,246,359.6,256.7,663.0,128.0,0,0,0,0,17,6.33,0.86,7.19,20.54,5.5,5.3
285,2024/25,199670,55,51,7,141,0,0,0,3,0,0,0,0,0,0,0,14,5.0,25.0,50.0,8.0,0,0,0,10,1,0.39,0.07,0.46,3.72,5.5,5.1
286,2024/25,576980,45,45,0,0,0,0,0,0,0,0,0,0,0,0,0,0,0.0,0.0,0.0,0.0,0,0,0,0,0,0.00,0.00,0.00,0.00,4.5,4.5
580,2022/23,242898,60,55,122,2930,8,5,7,54,0,0,2,6,0,0,15,384,480.6,374.4,733.0,158.1,0,0,0,0,33,8.39,2.00,10.39,53.79,6.0,5.5
580,2023/24,242898,60,58,131,2317,5,12,5,42,0,0,0,3,0,0,9,397,554.4,624.3,782.0,196.3,0,0,0,0,26,10.36,4.30,14.65,43.97,6.0,5.8
580,2024/25,242898,65,62,137,2171,11,6,2,38,0,0,0,5,0,0,13,461,559.6,295.0,761.0,161.0,0,0,0,119,24,10.75,1.99,12.74,38.88,6.5,6.2
654,2024/25,247412,55,52,145,2587,14,4,7,52,0,0,0,4,0,0,17,570,646.8,303.4,848.0,179.5,0,0,0,91,30,10.14,1.00,11.14,43.94,5.5,5.2
242,2021/22,215413,45,44,70,2101,1,2,8,27,0,0,0,4,0,0,4,337,377.6,505.6,221.0,110.6,0,0,0,0,0,0.00,0.00,0.00,0.00,4.5,4.4
242,2022/23,215413,50,49,82,2305,2,3,7,41,0,0,0,3,1,0,5,347,453.6,541.7,239.0,123.7,0,0,0,0,28,2.17,2.62,4.79,40.23,5.0,4.9
242,2024/25,215413,60,55,18,257,0,1,0,3,0,0,0,0,0,0,1,71,57.4,47.4,21.0,12.6,0,0,0,26,2,0.22,0.22,0.44,3.88,6.0,5.5
243,2023/24,550615,45,45,0,0,0,0,0,0,0,0,0,0,0,0,0,0,0.0,0.0,0.0,0.0,0,0,0,0,0,0.00,0.00,0.00,0.00,4.5,4.5
243,2024/25,550615,45,45,17,177,1,1,1,0,0,0,0,1,0,0,0,55,67.4,72.7,32.0,17.1,0,0,0,9,1,0.20,0.26,0.46,1.41,4.5,4.5
287,2013/14,111234,40,40,0,0,0,0,0,0,0,0,0,0,0,0,0,0,0.0,0.0,0.0,0.0,0,0,0,0,0,0.00,0.00,0.00,0.00,4.0,4.0
287,2014/15,111234,40,40,0,0,0,0,0,0,0,0,0,0,0,0,0,0,0.0,0.0,0.0,0.0,0,0,0,0,0,0.00,0.00,0.00,0.00,4.0,4.0
287,2015/16,111234,40,39,4,180,0,0,0,6,0,0,0,0,0,11,0,41,0.0,0.0,0.0,0.0,0,0,0,0,0,0.00,0.00,0.00,0.00,4.0,3.9
287,2016/17,111234,40,42,102,2610,0,0,4,50,0,0,0,0,0,135,9,608,933.0,40.0,0.0,97.4,0,0,0,0,0,0.00,0.00,0.00,0.00,4.0,4.2
287,2017/18,111234,50,49,145,3420,0,0,10,58,0,1,0,0,0,121,16,724,873.6,30.1,4.0,90.7,0,0,0,0,0,0.00,0.00,0.00,0.00,5.0,4.9
287,2018/19,111234,50,49,161,3420,0,0,14,46,0,3,0,1,0,94,13,706,776.4,10.0,0.0,78.5,0,0,0,0,0,0.00,0.00,0.00,0.00,5.0,4.9
287,2019/20,111234,55,52,117,3420,0,0,9,56,0,0,0,2,0,94,5,626,755.6,13.0,0.0,76.7,0,0,0,0,0,0.00,0.00,0.00,0.00,5.5,5.2
287,2020/21,111234,50,48,114,2742,0,0,10,39,0,0,0,1,0,89,8,570,698.4,10.1,0.0,70.9,0,0,0,0,0,0.00,0.00,0.00,0.00,5.0,4.8
287,2021/22,111234,50,48,116,3150,0,0,7,58,0,0,0,2,0,117,12,624,863.2,43.0,0.0,90.5,0,0,0,0,0,0.00,0.00,0.00,0.00,5.0,4.8
287,2022/23,111234,45,44,124,3330,0,1,8,57,0,1,0,6,0,124,10,666,997.8,23.0,0.0,102.0,0,0,0,0,37,0.00,0.35,0.35,66.41,4.5,4.4
287,2023/24,111234,45,48,153,3420,0,0,13,51,1,0,0,5,0,121,22,734,969.2,43.4,0.0,101.3,0,0,0,0,38,0.00,0.46,0.46,56.01,4.5,4.8
287,2024/25,111234,50,52,158,3420,0,1,12,44,0,2,0,7,0,122,15,593,1052.0,20.3,0.0,107.0,0,0,0,0,38,0.00,0.22,0.22,46.11,5.0,5.2
288,2018/19,229600,40,40,9,180,0,0,1,5,0,0,0,0,0,9,1,46,68.2,0.0,0.0,6.8,0,0,0,0,0,0.00,0.00,0.00,0.00,4.0,4.0
288,2019/20,229600,45,42,1,90,0,0,0,3,0,0,0,0,0,2,0,9,15.2,0.0,0.0,1.5,0,0,0,0,0,0.00,0.00,0.00,0.00,4.5,4.2
288,2022/23,229600,45,41,28,1035,0,0,2,32,0,0,0,0,0,36,1,193,290.0,0.0,0.0,29.1,0,0,0,0,11,0.00,0.00,0.00,19.68,4.5,4.1
288,2023/24,229600,40,40,19,360,0,0,2,5,0,0,0,0,0,13,2,79,92.6,0.0,0.0,9.3,0,0,0,0,4,0.00,0.00,0.00,6.96,4.0,4.0
288,2024/25,229600,45,44,19,450,0,0,1,5,0,0,0,0,0,20,1,76,146.4,0.0,0.0,14.6,0,0,0,0,5,0.00,0.01,0.01,7.36,4.5,4.4
289,2020/21,447325,40,40,0,0,0,0,0,0,0,0,0,0,0,0,0,0,0.0,0.0,0.0,0.0,0,0,0,0,0,0.00,0.00,0.00,0.00,4.0,4.0
289,2021/22,447325,40,40,0,0,0,0,0,0,0,0,0,0,0,0,0,0,0.0,0.0,0.0,0.0,0,0,0,0,0,0.00,0.00,0.00,0.00,4.0,4.0
290,2019/20,480455,40,40,11,299,0,0,1,6,0,0,0,0,0,0,2,69,66.0,2.2,0.0,6.9,0,0,0,0,0,0.00,0.00,0.00,0.00,4.0,4.0
290,2020/21,480455,40,39,0,0,0,0,0,0,0,0,0,0,0,0,0,0,0.0,0.0,0.0,0.0,0,0,0,0,0,0.00,0.00,0.00,0.00,4.0,3.9
290,2021/22,480455,40,40,7,387,1,0,0,17,0,0,0,0,1,0,1,49,90.2,2.8,44.0,13.8,0,0,0,0,0,0.00,0.00,0.00,0.00,4.0,4.0
290,2022/23,480455,40,40,0,0,0,0,0,0,0,0,0,0,0,0,0,0,0.0,0.0,0.0,0.0,0,0,0,0,0,0.00,0.00,0.00,0.00,4.0,4.0
290,2023/24,480455,40,45,124,3116,3,1,12,44,0,0,0,8,0,0,10,621,789.4,67.2,185.0,104.3,0,0,0,0,35,1.62,1.29,2.91,49.43,4.0,4.5
290,2024/25,480455,50,49,88,2509,0,1,9,28,0,0,0,4,0,0,3,420,624.6,57.7,130.0,81.3,0,0,0,274,28,1.20,0.61,1.81,29.83,5.0,4.9
291,2016/17,17761,40,40,23,568,0,0,1,11,0,0,0,1,0,0,0,111,146.2,53.4,81.0,27.5,0,0,0,0,0,0.00,0.00,0.00,0.00,4.0,4.0
291,2017/18,17761,45,46,101,2790,0,1,11,30,0,0,0,5,0,0,4,539,822.0,98.4,253.0,117.8,0,0,0,0,0,0.00,0.00,0.00,0.00,4.5,4.6
291,2018/19,17761,50,47,97,3086,3,2,7,63,0,0,0,8,0,0,7,524,1023.2,69.8,450.0,154.5,0,0,0,0,0,0.00,0.00,0.00,0.00,5.0,4.7
291,2019/20,17761,50,55,143,3420,2,3,15,50,0,0,0,10,0,0,14,690,919.8,167.1,410.0,149.9,0,0,0,0,0,0.00,0.00,0.00,0.00,5.0,5.5
291,2020/21,17761,55,53,109,3240,1,0,11,50,0,0,0,6,0,0,9,534,773.4,148.0,350.0,127.7,0,0,0,0,0,0.00,0.00,0.00,0.00,5.5,5.3
291,2021/22,17761,50,49,83,3106,1,2,7,51,1,0,0,11,0,0,5,486,892.6,118.1,315.0,132.8,0,0,0,0,0,0.00,0.00,0.00,0.00,5.0,4.9
291,2022/23,17761,45,41,106,3420,1,1,9,57,0,0,0,6,0,0,13,632,1040.4,185.6,441.0,167.0,0,0,0,0,38,2.97,1.89,4.86,67.45,4.5,4.1
291,2023/24,17761,45,46,117,3420,1,1,13,51,0,0,0,11,0,0,10,649,915.4,269.6,320.0,150.9,0,0,0,0,38,2.55,2.66,5.21,55.64,4.5,4.6
291,2024/25,17761,50,47,105,2922,1,1,10,38,0,0,0,6,0,0,8,468,859.0,188.8,217.0,126.9,0,0,0,356,33,1.32,2.33,3.65,39.30,5.0,4.7
292,2021/22,224967,50,49,42,1054,1,1,3,17,0,0,0,0,0,0,3,177,187.4,138.8,66.0,39.4,0,0,0,0,0,0.00,0.00,0.00,0.00,5.0,4.9
292,2022/23,224967,45,41,75,2653,0,1,7,46,0,0,0,4,0,0,4,449,504.8,307.0,120.0,93.4,0,0,0,0,30,0.54,0.91,1.45,53.67,4.5,4.1
292,2023/24,224967,45,45,101,2469,2,1,9,37,0,0,0,1,0,0,9,452,517.4,239.8,211.0,96.8,0,0,0,0,28,1.49,1.07,2.56,39.97,4.5,4.5
292,2024/25,224967,45,44,121,3082,1,3,11,39,0,0,0,4,0,0,9,467,621.4,428.5,100.0,115.2,0,0,0,252,35,0.48,2.12,2.60,39.81,4.5,4.4
293,2023/24,512462,40,40,0,0,0,0,0,0,0,0,0,0,0,0,0,0,0.0,0.0,0.0,0.0,0,0,0,0,0,0.00,0.00,0.00,0.00,4.0,4.0
293,2024/25,512462,50,45,65,1568,2,0,5,17,0,0,0,5,0,0,5,233,341.4,108.9,109.0,56.0,0,0,0,123,17,0.77,0.31,1.08,18.63,5.0,4.5
294,2009/10,59949,45,45,7,108,0,1,0,3,0,0,0,0,0,0,1,0,0.0,0.0,0.0,0.0,0,0,0,0,0,0.00,0.00,0.00,0.00,4.5,4.5
294,2010/11,59949,45,52,116,2256,4,4,7,27,0,0,0,4,1,0,8,0,0.0,0.0,0.0,0.0,0,0,0,0,0,0.00,0.00,0.00,0.00,4.5,5.2
294,2011/12,59949,70,70,30,1127,0,0,2,14,0,0,0,2,0,0,0,0,0.0,0.0,0.0,0.0,0,0,0,0,0,0.00,0.00,0.00,0.00,7.0,7.0
294,2012/13,59949,50,46,74,2165,0,5,9,22,0,0,0,4,0,0,5,0,0.0,0.0,0.0,0.0,0,0,0,0,0,0.00,0.00,0.00,0.00,5.0,4.6
294,2013/14,59949,50,68,180,3228,6,2,15,34,1,0,0,3,0,0,20,229,0.0,0.0,0.0,0.0,0,0,0,0,0,0.00,0.00,0.00,0.00,5.0,6.8
294,2014/15,59949,70,68,130,3066,3,4,10,43,1,0,0,5,0,0,11,633,0.0,0.0,0.0,0.0,0,0,0,0,0,0.00,0.00,0.00,0.00,7.0,6.8
294,2015/16,59949,60,58,94,2383,1,3,8,34,0,0,0,4,0,0,8,519,0.0,0.0,0.0,0.0,0,0,0,0,0,0.00,0.00,0.00,0.00,6.0,5.8
294,2016/17,59949,55,56,133,2316,4,4,10,28,0,0,0,3,0,0,15,548,596.0,308.9,297.0,120.3,0,0,0,0,0,0.00,0.00,0.00,0.00,5.5,5.6
294,2017/18,59949,65,64,39,1035,0,1,4,12,0,0,0,0,0,0,0,198,227.6,113.7,69.0,41.2,0,0,0,0,0,0.00,0.00,0.00,0.00,6.5,6.4
294,2018/19,59949,55,52,125,2558,2,2,13,30,1,0,0,1,0,0,12,548,515.2,387.3,274.0,117.6,0,0,0,0,0,0.00,0.00,0.00,0.00,5.5,5.2
294,2019/20,59949,55,53,55,1833,0,1,5,29,0,0,0,3,1,0,2,325,321.2,149.0,175.0,64.6,0,0,0,0,0,0.00,0.00,0.00,0.00,5.5,5.3
294,2020/21,59949,50,49,81,1607,0,3,8,19,0,0,0,0,0,0,4,371,322.6,268.2,189.0,78.0,0,0,0,0,0,0.00,0.00,0.00,0.00,5.0,4.9
294,2021/22,59949,50,49,79,2656,1,1,7,50,1,0,0,4,0,0,6,439,469.4,232.1,170.0,86.9,0,0,0,0,0,0.00,0.00,0.00,0.00,5.0,4.9
294,2022/23,59949,45,41,63,1654,1,0,5,25,0,0,0,1,0,0,5,314,297.8,108.7,95.0,50.4,0,0,0,0,20,0.30,0.92,1.22,33.50,4.5,4.1
294,2023/24,59949,45,44,30,661,0,0,4,10,1,0,0,0,0,0,3,141,108.6,49.9,6.0,16.5,0,0,0,0,7,0.00,0.70,0.70,10.48,4.5,4.4
294,2024/25,59949,45,43,5,214,0,0,0,4,0,0,0,1,0,0,0,17,42.4,3.8,23.0,7.1,0,0,0,14,3,0.62,0.03,0.65,4.45,4.5,4.3
295,2012/13,106611,45,43,0,0,0,0,0,0,0,0,0,0,0,0,0,0,0.0,0.0,0.0,0.0,0,0,0,0,0,0.00,0.00,0.00,0.00,4.5,4.3
295,2013/14,106611,40,40,0,0,0,0,0,0,0,0,0,0,0,0,0,0,0.0,0.0,0.0,0.0,0,0,0,0,0,0.00,0.00,0.00,0.00,4.0,4.0
295,2014/15,106611,45,42,40,1645,0,1,2,27,0,0,0,1,0,0,0,286,0.0,0.0,0.0,0.0,0,0,0,0,0,0.00,0.00,0.00,0.00,4.5,4.2
295,2016/17,106611,50,50,113,3150,2,1,10,49,0,0,0,4,0,0,10,619,930.8,96.7,557.0,158.6,0,0,0,0,0,0.00,0.00,0.00,0.00,5.0,5.0
295,2017/18,106611,55,53,81,2559,0,1,7,46,0,0,0,3,0,0,11,513,703.4,58.4,124.0,88.7,0,0,0,0,0,0.00,0.00,0.00,0.00,5.5,5.3
295,2018/19,106611,50,48,129,2970,1,2,13,39,0,0,0,2,0,0,15,642,740.2,101.2,326.0,117.2,0,0,0,0,0,0.00,0.00,0.00,0.00,5.0,4.8
295,2019/20,106611,55,52,90,2556,2,0,7,42,1,0,0,3,0,0,9,490,666.4,80.0,204.0,95.2,0,0,0,0,0,0.00,0.00,0.00,0.00,5.5,5.2
295,2020/21,106611,50,50,127,2989,3,1,11,43,0,0,0,4,0,0,13,649,814.0,87.8,243.0,114.5,0,0,0,0,0,0.00,0.00,0.00,0.00,5.0,5.0
295,2021/22,106611,50,46,102,2791,3,2,8,54,2,0,0,2,1,0,11,518,697.0,97.0,231.0,102.7,0,0,0,0,0,0.00,0.00,0.00,0.00,5.0,4.6
295,2022/23,106611,45,42,39,983,1,2,2,22,0,0,0,0,0,0,5,180,242.6,42.6,131.0,41.7,0,0,0,0,10,1.29,0.83,2.12,23.98,4.5,4.2
295,2023/24,106611,45,42,18,437,1,0,1,13,0,0,0,2,0,0,2,72,108.2,4.6,92.0,20.5,0,0,0,0,4,0.56,0.06,0.62,10.81,4.5,4.2
295,2024/25,106611,40,38,48,1046,3,0,3,20,0,0,0,5,0,0,4,139,306.6,23.2,123.0,45.4,0,0,0,103,11,0.61,0.02,0.63,19.16,4.0,3.8
296,2021/22,243571,45,41,0,0,0,0,0,0,0,0,0,0,0,0,0,0,0.0,0.0,0.0,0.0,0,0,0,0,0,0.00,0.00,0.00,0.00,4.5,4.1
296,2022/23,243571,40,39,31,1274,0,0,2,22,0,0,0,3,0,0,0,173,231.4,111.9,108.0,45.3,0,0,0,0,14,0.48,0.71,1.19,25.40,4.0,3.9
296,2023/24,243571,45,43,34,1000,0,2,2,21,0,0,0,4,0,0,3,187,207.2,138.2,26.0,37.3,0,0,0,0,9,0.34,1.03,1.37,20.60,4.5,4.3
296,2024/25,243571,45,44,14,342,0,1,0,6,0,0,0,1,0,0,0,47,71.6,70.3,12.0,15.5,0,0,0,18,3,0.07,0.38,0.45,4.48,4.5,4.4
297,2024/25,496178,40,39,0,90,0,0,0,4,0,0,0,0,0,0,0,0,15.4,0.3,0.0,1.6,0,0,0,8,1,0.00,0.00,0.00,2.43,4.0,3.9
298,2020/21,474907,40,40,0,0,0,0,0,0,0,0,0,0,0,0,0,0,0.0,0.0,0.0,0.0,0,0,0,0,0,0.00,0.00,0.00,0.00,4.0,4.0
298,2021/22,474907,40,40,0,0,0,0,0,0,0,0,0,0,0,0,0,0,0.0,0.0,0.0,0.0,0,0,0,0,0,0.00,0.00,0.00,0.00,4.0,4.0
298,2022/23,474907,40,40,0,0,0,0,0,0,0,0,0,0,0,0,0,0,0.0,0.0,0.0,0.0,0,0,0,0,0,0.00,0.00,0.00,0.00,4.0,4.0
298,2024/25,474907,40,40,0,0,0,0,0,0,0,0,0,0,0,0,0,0,0.0,0.0,0.0,0.0,0,0,0,0,0,0.00,0.00,0.00,0.00,4.0,4.0
299,2020/21,440993,45,45,1,11,0,0,0,1,0,0,0,0,0,0,0,5,2.2,0.3,0.0,0.3,0,0,0,0,0,0.00,0.00,0.00,0.00,4.5,4.5
299,2023/24,440993,55,55,0,0,0,0,0,0,0,0,0,0,0,0,0,0,0.0,0.0,0.0,0.0,0,0,0,0,0,0.00,0.00,0.00,0.00,5.5,5.5
299,2024/25,440993,55,52,114,2426,9,0,15,24,0,0,0,3,0,0,21,552,598.0,326.4,493.0,142.0,0,0,0,265,29,6.23,1.36,7.59,29.01,5.5,5.2
300,2017/18,433154,45,45,1,1,0,0,0,0,0,0,0,0,0,0,0,3,0.0,0.0,0.0,0.0,0,0,0,0,0,0.00,0.00,0.00,0.00,4.5,4.5
300,2018/19,433154,45,44,75,1590,3,4,5,25,0,0,0,2,0,0,6,305,405.2,442.8,279.0,112.5,0,0,0,0,0,0.00,0.00,0.00,0.00,4.5,4.4
300,2019/20,433154,60,60,123,3339,2,7,16,48,0,0,0,5,0,0,6,529,644.2,931.4,430.0,200.6,0,0,0,0,0,0.00,0.00,0.00,0.00,6.0,6.0
300,2020/21,433154,60,57,113,3068,2,5,11,50,0,0,0,1,0,0,8,493,591.8,790.3,277.0,166.3,0,0,0,0,0,0.00,0.00,0.00,0.00,6.0,5.7
300,2021/22,433154,60,55,84,3104,0,1,9,49,0,0,0,1,0,0,1,440,565.2,754.3,505.0,182.9,0,0,0,0,0,0.00,0.00,0.00,0.00,6.0,5.5
300,2022/23,433154,55,52,126,2490,7,5,5,46,0,0,0,5,0,0,14,505,718.8,771.4,464.0,195.8,0,0,0,0,28,3.51,5.45,8.96,51.30,5.5,5.2
300,2023/24,433154,55,54,124,2891,3,8,12,39,0,0,0,2,0,0,8,515,615.4,1110.8,400.0,212.7,0,0,0,0,33,3.26,7.90,11.16,45.06,5.5,5.4
300,2024/25,433154,55,51,93,1366,4,8,5,24,0,0,0,1,0,0,9,401,392.0,631.8,207.0,123.3,0,0,0,97,15,1.05,4.49,5.53,21.12,5.5,5.1
301,2022/23,502697,50,50,55,1024,4,2,0,25,0,0,0,3,0,0,4,155,238.4,87.2,199.0,52.2,0,0,0,0,13,1.76,0.71,2.47,22.83,5.0,5.0
301,2024/25,502697,50,47,44,766,2,3,1,9,0,0,0,4,0,0,5,191,219.4,205.7,227.0,65.4,0,0,0,68,7,1.78,0.68,2.46,11.33,5.0,4.7
302,2015/16,80801,50,46,74,3071,0,2,6,65,0,0,0,10,0,0,3,603,0.0,0.0,0.0,0.0,0,0,0,0,0,0.00,0.00,0.00,0.00,5.0,4.6
302,2016/17,80801,50,50,80,2681,1,2,9,31,0,0,0,11,0,0,9,540,555.8,434.1,237.0,122.9,0,0,0,0,0,0.00,0.00,0.00,0.00,5.0,5.0
302,2017/18,80801,50,48,87,2749,2,2,9,45,0,0,0,6,1,0,7,552,577.0,303.6,166.0,104.6,0,0,0,0,0,0.00,0.00,0.00,0.00,5.0,4.8
302,2018/19,80801,50,47,78,2821,0,2,13,31,0,0,0,6,0,0,0,472,629.2,311.3,168.0,111.1,0,0,0,0,0,0.00,0.00,0.00,0.00,5.0,4.7
302,2019/20,80801,50,50,0,0,0,0,0,0,0,0,0,0,0,0,0,0,0.0,0.0,0.0,0.0,0,0,0,0,0,0.00,0.00,0.00,0.00,5.0,5.0
302,2022/23,80801,50,47,66,2577,0,1,8,45,0,0,0,7,0,0,1,357,426.8,195.3,85.0,70.6,0,0,0,0,32,0.71,0.83,1.54,49.99,5.0,4.7
302,2023/24,80801,50,48,73,1885,4,0,7,25,0,0,0,8,0,0,10,337,406.8,237.1,154.0,79.7,0,0,0,0,24,1.25,0.82,2.07,29.41,5.0,4.8
302,2024/25,80801,50,48,89,3063,0,3,12,39,0,0,0,9,0,0,5,505,522.0,327.2,117.0,96.6,0,0,0,418,35,1.15,1.99,3.14,39.88,5.0,4.8
303,2018/19,232928,45,45,1,1,0,0,0,0,0,0,0,0,0,0,0,3,0.0,0.0,0.0,0.0,0,0,0,0,0,0.00,0.00,0.00,0.00,4.5,4.5
303,2019/20,232928,45,43,1,8,0,0,0,1,0,0,0,0,0,0,0,3,2.2,2.8,0.0,0.5,0,0,0,0,0,0.00,0.00,0.00,0.00,4.5,4.3
303,2020/21,232928,45,44,0,0,0,0,0,0,0,0,0,0,0,0,0,0,0.0,0.0,0.0,0.0,0,0,0,0,0,0.00,0.00,0.00,0.00,4.5,4.4
303,2022/23,232928,45,45,25,796,0,1,2,13,0,0,0,3,0,0,0,109,109.2,116.2,64.0,29.2,0,0,0,0,7,0.70,0.50,1.20,15.66,4.5,4.5
303,2023/24,232928,50,49,87,3001,1,2,11,47,0,0,0,7,0,0,3,421,526.6,663.1,244.0,143.5,0,0,0,0,34,2.62,3.75,6.37,48.61,5.0,4.9
303,2024/25,232928,50,49,42,1590,0,1,5,19,0,0,0,5,0,0,0,244,264.8,248.2,93.0,60.4,0,0,0,181,17,0.67,1.37,2.04,19.71,5.0,4.9
304,2020/21,490094,45,45,0,0,0,0,0,0,0,0,0,0,0,0,0,0,0.0,0.0,0.0,0.0,0,0,0,0,0,0.00,0.00,0.00,0.00,4.5,4.5
304,2021/22,490094,45,45,4,90,0,0,1,0,0,0,0,1,0,0,0,17,10.6,2.0,4.0,1.7,0,0,0,0,0,0.00,0.00,0.00,0.00,4.5,4.5
304,2022/23,490094,45,45,0,0,0,0,0,0,0,0,0,0,0,0,0,0,0.0,0.0,0.0,0.0,0,0,0,0,0,0.00,0.00,0.00,0.00,4.5,4.5
304,2023/24,490094,45,44,10,157,0,0,0,7,0,0,0,0,0,0,0,29,18.6,4.0,0.0,2.1,0,0,0,0,1,0.00,0.00,0.00,4.95,4.5,4.4
304,2024/25,490094,45,43,22,562,0,1,0,16,0,0,0,4,0,0,0,82,122.2,40.9,32.0,19.6,0,0,0,111,5,0.23,0.14,0.37,12.25,4.5,4.3
305,2024/25,609873,45,44,2,47,0,0,0,1,0,0,0,1,0,0,0,1,1.8,10.9,9.0,2.2,0,0,0,3,0,0.37,0.00,0.37,0.45,4.5,4.4
306,2024/25,547801,45,45,0,0,0,0,0,0,0,0,0,0,0,0,0,0,0.0,0.0,0.0,0.0,0,0,0,0,0,0.00,0.00,0.00,0.00,4.5,4.5
307,2024/25,504296,45,45,0,0,0,0,0,0,0,0,0,0,0,0,0,0,0.0,0.0,0.0,0.0,0,0,0,0,0,0.00,0.00,0.00,0.00,4.5,4.5
308,2024/25,496279,45,45,0,0,0,0,0,0,0,0,0,0,0,0,0,0,0.0,0.0,0.0,0.0,0,0,0,0,0,0.00,0.00,0.00,0.00,4.5,4.5
309,2023/24,491557,45,45,0,0,0,0,0,0,0,0,0,0,0,0,0,0,0.0,0.0,0.0,0.0,0,0,0,0,0,0.00,0.00,0.00,0.00,4.5,4.5
309,2024/25,491557,45,45,0,0,0,0,0,0,0,0,0,0,0,0,0,0,0.0,0.0,0.0,0.0,0,0,0,0,0,0.00,0.00,0.00,0.00,4.5,4.5
311,2023/24,486385,60,57,50,943,3,0,2,20,0,0,1,2,0,0,3,105,158.8,139.6,425.0,71.3,0,0,0,0,9,6.46,0.30,6.76,18.11,6.0,5.7
311,2024/25,486385,50,48,87,1521,8,0,4,24,0,0,0,2,0,0,11,295,373.2,163.9,666.0,119.5,0,0,0,84,15,7.89,0.44,8.33,18.80,5.0,4.8
312,2023/24,491012,50,48,16,196,0,0,1,4,0,0,0,3,0,0,0,28,19.2,51.2,84.0,14.9,0,0,0,0,1,0.74,0.30,1.04,5.04,5.0,4.8
312,2024/25,491012,50,49,3,42,0,0,0,0,0,0,0,1,0,0,0,9,2.4,0.6,27.0,3.0,0,0,0,0,0,0.11,0.00,0.11,0.47,5.0,4.9
313,2024/25,536241,45,45,0,0,0,0,0,0,0,0,0,0,0,0,0,0,0.0,0.0,0.0,0.0,0,0,0,0,0,0.00,0.00,0.00,0.00,4.5,4.5
419,2011/12,114283,45,45,0,0,0,0,0,0,0,0,0,0,0,0,0,0,0.0,0.0,0.0,0.0,0,0,0,0,0,0.00,0.00,0.00,0.00,4.5,4.5
419,2012/13,114283,45,43,0,0,0,0,0,0,0,0,0,0,0,0,0,0,0.0,0.0,0.0,0.0,0,0,0,0,0,0.00,0.00,0.00,0.00,4.5,4.3
419,2013/14,114283,45,45,1,3,0,0,0,2,0,0,0,0,0,0,0,1,0.0,0.0,0.0,0.0,0,0,0,0,0,0.00,0.00,0.00,0.00,4.5,4.5
419,2014/15,114283,45,43,31,822,0,1,2,18,0,0,0,0,0,0,2,147,0.0,0.0,0.0,0.0,0,0,0,0,0,0.00,0.00,0.00,0.00,4.5,4.3
419,2015/16,114283,55,52,28,833,1,0,0,26,0,0,0,1,0,0,0,128,0.0,0.0,0.0,0.0,0,0,0,0,0,0.00,0.00,0.00,0.00,5.5,5.2
419,2019/20,114283,60,59,149,3233,8,7,7,63,0,0,1,8,0,0,19,601,826.6,1209.2,837.0,287.0,0,0,0,0,0,0.00,0.00,0.00,0.00,6.0,5.9
419,2020/21,114283,70,75,135,2183,6,12,12,28,0,0,0,6,0,0,13,531,707.4,1029.6,917.0,265.3,0,0,0,0,0,0.00,0.00,0.00,0.00,7.0,7.5
419,2021/22,114283,80,75,86,1910,3,3,15,8,0,0,0,3,0,0,2,359,394.4,730.6,923.0,204.8,0,0,0,0,0,0.00,0.00,0.00,0.00,8.0,7.5
419,2022/23,114283,70,71,121,2051,5,10,10,16,0,0,0,4,0,0,9,490,515.8,721.3,683.0,191.7,0,0,0,0,23,4.50,6.74,11.24,14.46,7.0,7.1
419,2023/24,114283,75,72,50,998,3,1,3,13,0,0,0,6,0,0,6,199,240.4,384.1,295.0,91.9,0,0,0,0,10,2.17,2.69,4.86,12.58,7.5,7.2
419,2024/25,114283,65,64,38,710,1,1,2,10,0,0,0,3,0,0,4,187,157.2,321.4,234.0,71.3,0,0,0,44,7,1.13,1.67,2.80,11.33,6.5,6.4
630,2023/24,138001,40,39,0,0,0,0,0,0,0,0,0,0,0,0,0,0,0.0,0.0,0.0,0.0,0,0,0,0,0,0.00,0.00,0.00,0.00,4.0,3.9
630,2024/25,138001,40,39,1,1,0,0,0,0,0,0,0,0,0,0,0,3,0.0,0.0,0.0,0.0,0,0,0,0,0,0.00,0.00,0.00,0.14,4.0,3.9
704,2020/21,461446,45,45,0,0,0,0,0,0,0,0,0,0,0,0,0,0,0.0,0.0,0.0,0.0,0,0,0,0,0,0.00,0.00,0.00,0.00,4.5,4.5
704,2021/22,461446,45,45,3,27,0,0,0,0,0,0,0,0,0,0,0,8,1.2,0.0,18.0,1.9,0,0,0,0,0,0.00,0.00,0.00,0.00,4.5,4.5
704,2023/24,461446,45,44,1,1,0,0,0,0,0,0,0,0,0,0,0,3,0.0,0.0,0.0,0.0,0,0,0,0,0,0.00,0.00,0.00,0.00,4.5,4.4
705,2023/24,491745,40,40,0,0,0,0,0,0,0,0,0,0,0,0,0,0,0.0,0.0,0.0,0.0,0,0,0,0,0,0.00,0.00,0.00,0.00,4.0,4.0
707,2021/22,496661,45,45,0,0,0,0,0,0,0,0,0,0,0,0,0,0,0.0,0.0,0.0,0.0,0,0,0,0,0,0.00,0.00,0.00,0.00,4.5,4.5
707,2024/25,496661,45,43,68,1863,2,2,3,50,0,0,0,6,0,0,4,247,261.0,344.5,264.0,87.0,0,0,0,143,20,2.60,1.47,4.07,49.16,4.5,4.3
314,2018/19,80201,50,49,106,2835,0,0,6,42,0,0,0,0,0,105,5,568,807.2,0.0,0.0,80.5,0,0,0,0,0,0.00,0.00,0.00,0.00,5.0,4.9
314,2019/20,80201,50,48,114,2649,0,0,7,39,0,1,0,2,0,113,10,591,843.2,0.0,0.0,84.1,0,0,0,0,0,0.00,0.00,0.00,0.00,5.0,4.8
314,2020/21,80201,50,50,131,3131,0,0,11,37,1,1,0,0,1,86,11,625,702.2,0.0,2.0,70.3,0,0,0,0,0,0.00,0.00,0.00,0.00,5.0,5.0
314,2021/22,80201,50,45,10,360,0,0,1,9,0,0,0,0,0,10,0,69,85.0,0.0,0.0,8.5,0,0,0,0,0,0.00,0.00,0.00,0.00,5.0,4.5
314,2022/23,80201,45,46,142,3240,0,0,8,51,0,1,0,3,0,144,17,766,1154.8,10.0,0.0,116.6,0,0,0,0,36,0.00,0.00,0.00,62.75,4.5,4.6
314,2023/24,80201,45,48,133,3420,0,0,10,61,1,0,0,3,0,134,15,782,1069.8,0.1,0.0,106.7,0,0,0,0,38,0.00,0.00,0.00,64.14,4.5,4.8
314,2024/25,80201,50,50,115,3420,0,2,5,54,0,1,0,5,0,110,5,475,967.0,20.0,0.0,98.6,0,0,0,0,38,0.00,0.03,0.03,47.75,5.0,5.0
315,2023/24,428971,40,40,0,0,0,0,0,0,0,0,0,0,0,0,0,0,0.0,0.0,0.0,0.0,0,0,0,0,0,0.00,0.00,0.00,0.00,4.0,4.0
315,2024/25,428971,40,39,0,0,0,0,0,0,0,0,0,0,0,0,0,0,0.0,0.0,0.0,0.0,0,0,0,0,0,0.00,0.00,0.00,0.00,4.0,3.9
316,2020/21,169528,45,44,57,2159,0,0,5,28,0,0,0,4,1,0,1,393,451.4,475.8,178.0,110.8,0,0,0,0,0,0.00,0.00,0.00,0.00,4.5,4.4
316,2022/23,169528,45,44,93,3088,0,2,9,44,0,0,0,8,0,0,5,558,573.2,427.4,61.0,106.3,0,0,0,0,35,0.07,1.68,1.75,55.11,4.5,4.4
316,2023/24,169528,45,45,104,3266,0,6,9,60,2,0,0,6,0,0,8,662,805.8,536.7,241.0,158.6,0,0,0,0,37,0.68,3.75,4.43,61.93,4.5,4.5
316,2024/25,169528,45,47,106,3166,0,10,5,49,0,0,0,8,0,0,8,507,922.2,723.4,206.0,185.5,0,0,0,289,35,0.70,4.17,4.87,44.79,4.5,4.7
317,2020/21,174874,45,45,93,2729,1,1,9,36,0,0,0,6,1,0,7,501,582.8,109.3,151.0,84.5,0,0,0,0,0,0.00,0.00,0.00,0.00,4.5,4.5
317,2021/22,174874,45,47,124,2914,0,4,12,37,1,0,0,4,0,0,14,619,630.6,234.0,142.0,100.7,0,0,0,0,0,0.00,0.00,0.00,0.00,4.5,4.7
317,2022/23,174874,45,45,80,2782,1,0,8,37,2,0,0,8,0,0,1,483,658.8,163.4,273.0,109.8,0,0,0,0,32,1.87,1.04,2.91,36.23,4.5,4.5
317,2023/24,174874,45,47,121,3416,2,3,10,58,0,0,0,7,0,0,12,679,873.6,301.1,253.0,143.1,0,0,0,0,38,1.75,2.08,3.83,53.71,4.5,4.7
317,2024/25,174874,45,42,51,2673,0,0,4,47,1,0,0,7,1,0,3,306,687.6,99.0,162.0,95.0,0,0,0,283,30,1.04,0.57,1.61,37.85,4.5,4.2
318,2023/24,232892,45,44,66,2299,1,0,6,42,0,0,0,4,1,0,4,442,462.8,34.8,50.0,55.0,0,0,0,0,25,0.37,0.16,0.53,40.83,4.5,4.4
318,2024/25,232892,45,45,75,3074,1,0,5,47,0,0,0,7,0,0,0,390,587.2,96.7,157.0,84.1,0,0,0,204,34,1.02,0.42,1.44,39.22,4.5,4.5
319,2020/21,166477,55,58,94,2345,2,4,6,37,0,0,0,1,0,0,7,479,486.6,350.2,181.0,101.7,0,0,0,0,0,0.00,0.00,0.00,0.00,5.5,5.8
319,2021/22,166477,55,53,75,2124,1,0,6,30,0,0,0,1,0,0,6,365,435.4,241.0,103.0,78.1,0,0,0,0,0,0.00,0.00,0.00,0.00,5.5,5.3
319,2022/23,166477,45,43,114,3255,2,4,8,63,0,0,0,3,0,0,11,615,690.8,380.2,289.0,136.4,0,0,0,0,36,2.16,2.13,4.29,60.78,4.5,4.3
319,2023/24,166477,45,45,105,2630,1,3,9,40,0,0,0,3,0,0,7,510,494.4,295.0,229.0,102.1,0,0,0,0,29,1.29,2.06,3.35,41.07,4.5,4.5
319,2024/25,166477,45,42,46,1642,0,1,3,28,0,0,0,1,0,0,0,205,360.4,163.6,123.0,64.9,0,0,0,149,17,0.38,0.56,0.94,22.39,4.5,4.2
320,2018/19,219924,45,42,87,2970,1,0,7,43,1,0,0,4,0,0,6,561,733.0,52.3,162.0,94.8,0,0,0,0,0,0.00,0.00,0.00,0.00,4.5,4.2
320,2019/20,219924,45,43,76,2765,3,1,4,54,0,0,0,8,0,0,3,424,610.0,64.3,210.0,88.7,0,0,0,0,0,0.00,0.00,0.00,0.00,4.5,4.3
320,2020/21,219924,45,43,42,1379,2,0,2,22,1,0,0,3,0,0,1,234,375.6,17.4,48.0,44.3,0,0,0,0,0,0.00,0.00,0.00,0.00,4.5,4.3
320,2021/22,219924,45,42,30,961,0,1,2,19,0,0,0,0,0,0,2,203,225.6,21.3,44.0,29.1,0,0,0,0,0,0.00,0.00,0.00,0.00,4.5,4.2
320,2022/23,219924,45,43,79,2008,1,0,7,26,0,0,0,2,0,0,8,422,462.2,38.8,80.0,58.1,0,0,0,0,21,0.29,0.49,0.78,35.86,4.5,4.3
320,2023/24,219924,45,44,43,1423,0,0,5,26,0,0,0,2,1,0,3,259,348.8,20.5,37.0,40.8,0,0,0,0,16,0.26,0.42,0.68,33.20,4.5,4.4
320,2024/25,219924,45,43,31,1334,0,0,1,19,1,0,0,2,0,0,0,146,257.6,44.7,83.0,38.3,0,0,0,112,15,0.51,0.07,0.58,19.98,4.5,4.3
321,2024/25,246301,45,44,9,349,0,0,0,8,0,0,0,0,0,0,0,38,81.2,2.3,4.0,8.6,0,0,0,38,4,0.02,0.01,0.03,8.99,4.5,4.4
322,2020/21,167074,45,43,50,1477,0,1,5,27,0,0,0,3,0,0,3,288,330.8,312.4,98.0,74.2,0,0,0,0,0,0.00,0.00,0.00,0.00,4.5,4.3
322,2022/23,167074,45,44,90,2569,1,5,7,36,0,0,0,8,0,0,1,484,670.2,391.4,145.0,120.9,0,0,0,0,29,0.74,1.90,2.64,46.78,4.5,4.4
322,2023/24,167074,45,44,27,863,1,0,2,21,0,0,0,2,0,0,0,161,195.2,93.4,67.0,35.6,0,0,0,0,10,0.86,0.46,1.32,22.97,4.5,4.4
322,2024/25,167074,45,44,49,1773,0,2,3,26,0,0,0,5,0,0,0,207,381.2,192.2,158.0,73.1,0,0,0,162,21,1.37,0.65,2.02,25.50,4.5,4.4
323,2024/25,591385,40,40,0,0,0,0,0,0,0,0,0,0,0,0,0,0,0.0,0.0,0.0,0.0,0,0,0,0,0,0.00,0.00,0.00,0.00,4.0,4.0
324,2015/16,153133,45,45,42,628,2,2,5,6,0,0,0,0,0,0,2,156,0.0,0.0,0.0,0.0,0,0,0,0,0,0.00,0.00,0.00,0.00,4.5,4.5
324,2016/17,153133,60,53,89,1456,3,5,9,20,0,0,0,1,0,0,8,352,326.4,467.8,592.0,138.7,0,0,0,0,0,0.00,0.00,0.00,0.00,6.0,5.3
324,2017/18,153133,55,51,89,1827,3,5,9,26,0,0,0,1,0,0,2,426,430.0,592.9,635.0,165.6,0,0,0,0,0,0.00,0.00,0.00,0.00,5.5,5.1
324,2018/19,153133,55,54,99,1961,3,8,4,32,0,0,0,0,0,0,3,382,469.0,596.7,646.0,171.1,0,0,0,0,0,0.00,0.00,0.00,0.00,5.5,5.4
324,2019/20,153133,60,56,52,1591,1,0,4,30,0,0,0,0,0,0,2,227,246.4,383.7,329.0,95.9,0,0,0,0,0,0.00,0.00,0.00,0.00,6.0,5.6
324,2020/21,153133,60,59,65,1530,1,3,5,21,0,0,0,0,0,0,1,256,262.6,263.1,233.0,76.0,0,0,0,0,0,0.00,0.00,0.00,0.00,6.0,5.9
324,2021/22,153133,60,58,78,2029,2,2,6,38,0,0,0,1,0,0,6,312,370.0,501.4,357.0,122.7,0,0,0,0,0,0.00,0.00,0.00,0.00,6.0,5.8
324,2022/23,153133,55,49,126,3379,2,8,9,56,0,0,0,2,0,0,9,563,693.4,946.0,373.0,201.3,0,0,0,0,38,2.56,4.31,6.87,66.42,5.5,4.9
324,2023/24,153133,55,53,102,2331,5,2,7,41,0,0,0,2,0,0,9,425,504.2,718.8,534.0,175.9,0,0,0,0,27,5.23,4.20,9.43,37.63,5.5,5.3
324,2024/25,153133,55,54,156,2981,9,6,6,45,0,0,0,1,0,0,16,704,806.8,922.4,699.0,243.0,0,0,0,227,35,4.33,6.90,11.23,38.06,5.5,5.4
325,2018/19,209289,45,45,0,0,0,0,0,0,0,0,0,0,0,0,0,0,0.0,0.0,0.0,0.0,0,0,0,0,0,0.00,0.00,0.00,0.00,4.5,4.5
325,2019/20,209289,45,43,4,96,0,0,1,0,0,0,0,0,0,0,0,13,9.8,6.3,0.0,1.6,0,0,0,0,0,0.00,0.00,0.00,0.00,4.5,4.3
325,2020/21,209289,45,42,74,1438,2,5,9,10,0,0,0,0,0,0,3,308,273.2,385.1,222.0,88.1,0,0,0,0,0,0.00,0.00,0.00,0.00,4.5,4.2
325,2021/22,209289,55,57,125,1909,10,2,8,28,0,0,0,1,0,0,9,435,555.8,453.3,576.0,158.4,0,0,0,0,0,0.00,0.00,0.00,0.00,5.5,5.7
325,2022/23,209289,60,56,18,161,0,2,0,5,0,0,0,0,0,0,0,60,53.8,74.4,41.0,16.7,0,0,0,0,0,0.25,0.55,0.80,2.71,6.0,5.6
325,2023/24,209289,55,53,25,343,0,2,3,3,0,0,0,0,0,0,0,73,62.4,72.2,128.0,25.6,0,0,0,0,3,1.86,0.40,2.26,2.10,5.5,5.3
325,2024/25,209289,55,50,114,2036,6,3,7,28,0,0,0,3,0,0,15,449,433.8,422.3,386.0,124.4,0,0,0,135,25,4.45,2.04,6.49,25.35,5.5,5.0
327,2014/15,156689,50,50,1,14,0,0,0,0,0,0,0,0,0,0,0,2,0.0,0.0,0.0,0.0,0,0,0,0,0,0.00,0.00,0.00,0.00,5.0,5.0
327,2015/16,156689,50,45,3,84,0,0,0,2,0,0,0,2,0,0,0,16,0.0,0.0,0.0,0.0,0,0,0,0,0,0.00,0.00,0.00,0.00,5.0,4.5
327,2016/17,156689,45,44,0,0,0,0,0,0,0,0,0,0,0,0,0,0,0.0,0.0,0.0,0.0,0,0,0,0,0,0.00,0.00,0.00,0.00,4.5,4.4
327,2017/18,156689,50,49,0,0,0,0,0,0,0,0,0,0,0,0,0,0,0.0,0.0,0.0,0.0,0,0,0,0,0,0.00,0.00,0.00,0.00,5.0,4.9
327,2018/19,156689,50,45,27,590,1,1,1,13,0,0,0,5,0,0,2,115,132.8,139.5,67.0,33.8,0,0,0,0,0,0.00,0.00,0.00,0.00,5.0,4.5
327,2019/20,156689,50,47,60,1478,1,3,6,16,0,0,0,3,0,0,1,198,245.6,432.1,343.0,102.3,0,0,0,0,0,0.00,0.00,0.00,0.00,5.0,4.7
327,2020/21,156689,50,48,0,0,0,0,0,0,0,0,0,0,0,0,0,0,0.0,0.0,0.0,0.0,0,0,0,0,0,0.00,0.00,0.00,0.00,5.0,4.8
327,2021/22,156689,50,50,0,0,0,0,0,0,0,0,0,0,0,0,0,0,0.0,0.0,0.0,0.0,0,0,0,0,0,0.00,0.00,0.00,0.00,5.0,5.0
327,2022/23,156689,45,43,123,2696,4,10,8,40,0,0,0,8,0,0,9,360,440.6,965.0,495.0,189.3,0,0,0,0,33,7.16,4.26,11.42,47.49,4.5,4.3
327,2023/24,156689,55,53,127,2611,3,9,14,40,0,0,0,6,0,0,7,459,503.6,1254.3,417.0,217.8,0,0,0,0,34,4.52,5.72,10.24,42.91,5.5,5.3
327,2024/25,156689,55,49,81,2004,2,6,5,32,0,0,1,8,0,0,2,355,326.6,868.3,300.0,149.0,0,0,0,150,25,4.24,4.63,8.87,27.35,5.5,4.9
328,2018/19,184349,65,60,94,2291,2,7,3,60,0,0,0,0,0,0,3,295,410.4,468.3,438.0,132.0,0,0,0,0,0,0.00,0.00,0.00,0.00,6.5,6.0
328,2019/20,184349,55,54,9,341,0,0,0,5,0,0,0,0,0,0,0,41,45.4,39.9,34.0,11.9,0,0,0,0,0,0.00,0.00,0.00,0.00,5.5,5.4
328,2020/21,184349,50,47,0,0,0,0,0,0,0,0,0,0,0,0,0,0,0.0,0.0,0.0,0.0,0,0,0,0,0,0.00,0.00,0.00,0.00,5.0,4.7
328,2021/22,184349,45,44,56,1046,0,3,6,11,0,0,0,2,0,0,3,231,171.0,204.9,137.0,51.3,0,0,0,0,0,0.00,0.00,0.00,0.00,4.5,4.4
328,2022/23,184349,45,44,35,805,2,1,1,15,0,0,0,4,0,0,0,121,148.6,103.0,290.0,54.3,0,0,0,0,9,1.64,1.10,2.74,10.48,4.5,4.4
328,2023/24,184349,45,44,0,0,0,0,0,0,0,0,0,0,0,0,0,0,0.0,0.0,0.0,0.0,0,0,0,0,0,0.00,0.00,0.00,0.00,4.5,4.4
328,2024/25,184349,45,42,57,574,4,2,1,10,0,0,0,1,0,0,5,137,284.0,158.8,227.0,67.1,0,0,0,74,7,1.64,1.12,2.76,8.20,4.5,4.2
329,2016/17,153682,45,45,0,0,0,0,0,0,0,0,0,0,0,0,0,0,0.0,0.0,0.0,0.0,0,0,0,0,0,0.00,0.00,0.00,0.00,4.5,4.5
329,2019/20,153682,60,57,91,1637,7,1,2,32,0,0,0,2,0,0,7,295,377.4,242.1,667.0,128.5,0,0,0,0,0,0.00,0.00,0.00,0.00,6.0,5.7
329,2020/21,153682,55,51,0,0,0,0,0,0,0,0,0,0,0,0,0,0,0.0,0.0,0.0,0.0,0,0,0,0,0,0.00,0.00,0.00,0.00,5.5,5.1
329,2022/23,153682,60,57,68,1085,2,5,2,15,0,0,0,1,0,0,2,215,215.2,184.1,178.0,57.7,0,0,0,0,13,2.03,1.03,3.06,21.44,6.0,5.7
329,2023/24,153682,55,53,94,1603,4,7,5,30,0,0,0,6,0,0,5,307,375.0,357.3,340.0,107.2,0,0,0,0,16,3.45,2.63,6.08,33.01,5.5,5.3
329,2024/25,153682,55,52,78,1148,6,2,2,21,0,0,0,2,0,0,6,329,334.6,310.2,440.0,107.8,0,0,0,92,12,4.19,1.17,5.36,16.22,5.5,5.2
330,2019/20,207189,50,47,40,943,1,1,4,11,0,0,0,0,0,0,3,147,152.4,66.0,82.0,30.3,0,0,0,0,0,0.00,0.00,0.00,0.00,5.0,4.7
330,2020/21,207189,50,49,31,1119,1,1,0,23,0,0,0,4,0,0,1,152,178.0,181.7,138.0,49.8,0,0,0,0,0,0.00,0.00,0.00,0.00,5.0,4.9
330,2023/24,207189,50,46,74,3002,1,2,2,70,0,0,0,8,1,0,3,430,533.6,446.3,161.0,114.3,0,0,0,0,34,2.04,1.66,3.70,66.96,5.0,4.6
330,2024/25,207189,50,50,53,2221,0,0,4,35,0,0,0,6,0,0,2,334,314.4,285.7,51.0,65.1,0,0,0,242,26,0.45,0.63,1.08,30.81,5.0,5.0
331,2009/10,76357,45,45,31,898,1,0,0,15,0,0,0,1,0,0,4,0,0.0,0.0,0.0,0.0,0,0,0,0,0,0.00,0.00,0.00,0.00,4.5,4.5
331,2018/19,76357,50,46,71,2188,1,1,5,51,0,0,0,0,0,0,3,389,358.0,586.7,199.0,114.5,0,0,0,0,0,0.00,0.00,0.00,0.00,5.0,4.6
331,2020/21,76357,55,52,27,758,1,1,1,15,0,0,0,2,0,0,2,160,170.6,278.3,124.0,57.3,0,0,0,0,0,0.00,0.00,0.00,0.00,5.5,5.2
331,2022/23,76357,50,47,53,968,2,1,1,13,0,0,0,2,0,0,2,217,190.4,232.1,217.0,64.2,0,0,0,0,6,1.44,1.51,2.95,19.69,5.0,4.7
331,2023/24,76357,50,49,70,1472,1,6,4,27,1,0,0,3,0,0,2,346,335.2,407.2,170.0,90.9,0,0,0,0,14,1.03,2.58,3.61,29.53,5.0,4.9
331,2024/25,76357,50,48,33,610,2,0,1,12,0,0,0,3,1,0,0,192,163.8,213.8,94.0,47.2,0,0,0,73,3,0.73,1.14,1.87,9.59,5.0,4.8
332,2022/23,212314,45,45,15,406,0,0,0,10,0,0,0,1,0,0,0,58,40.8,21.9,19.0,8.2,0,0,0,0,4,0.13,0.16,0.29,9.68,4.5,4.5
332,2023/24,212314,45,43,43,1113,1,0,5,20,0,0,0,3,0,0,0,157,192.4,155.6,115.0,46.2,0,0,0,0,13,1.49,0.46,1.95,22.86,4.5,4.3
332,2024/25,212314,50,48,56,2348,0,2,4,37,0,0,0,12,0,0,1,354,335.6,455.1,119.0,91.0,0,0,0,244,28,1.16,1.40,2.56,33.02,5.0,4.8
333,2022/23,573062,45,45,0,0,0,0,0,0,0,0,0,0,0,0,0,0,0.0,0.0,0.0,0.0,0,0,0,0,0,0.00,0.00,0.00,0.00,4.5,4.5
333,2024/25,573062,45,44,2,21,0,0,0,0,0,0,0,0,0,0,0,4,3.4,12.0,14.0,3.0,0,0,0,2,0,0.00,0.07,0.07,0.15,4.5,4.4
334,2022/23,515024,45,43,3,10,0,0,0,1,0,0,0,0,0,0,0,7,0.6,1.6,0.0,0.2,0,0,0,0,0,0.00,0.00,0.00,1.16,4.5,4.3
334,2023/24,515024,45,45,2,74,0,0,0,5,0,0,0,0,0,0,0,2,3.2,0.7,17.0,2.1,0,0,0,0,0,0.28,0.01,0.29,2.26,4.5,4.5
334,2024/25,515024,45,45,0,0,0,0,0,0,0,0,0,0,0,0,0,0,0.0,0.0,0.0,0.0,0,0,0,0,0,0.00,0.00,0.00,0.00,4.5,4.5
335,2023/24,577725,45,45,0,0,0,0,0,0,0,0,0,0,0,0,0,0,0.0,0.0,0.0,0.0,0,0,0,0,0,0.00,0.00,0.00,0.00,4.5,4.5
335,2024/25,577725,45,44,10,126,0,0,1,0,0,0,0,0,0,0,0,30,26.2,45.7,38.0,11.2,0,0,0,14,1,0.28,0.67,0.95,0.74,4.5,4.4
336,2013/14,153366,45,43,4,12,0,0,0,0,0,0,0,0,0,0,0,4,0.0,0.0,0.0,0.0,0,0,0,0,0,0.00,0.00,0.00,0.00,4.5,4.3
336,2014/15,153366,45,43,17,460,0,0,3,3,0,0,0,0,0,0,0,89,0.0,0.0,0.0,0.0,0,0,0,0,0,0.00,0.00,0.00,0.00,4.5,4.3
336,2015/16,153366,45,42,1,11,0,0,0,0,0,0,0,0,0,0,0,2,0.0,0.0,0.0,0.0,0,0,0,0,0,0.00,0.00,0.00,0.00,4.5,4.2
336,2016/17,153366,45,43,3,64,0,0,0,1,0,0,0,0,0,0,0,16,11.0,1.4,0.0,1.3,0,0,0,0,0,0.00,0.00,0.00,0.00,4.5,4.3
336,2020/21,153366,45,44,69,2243,0,3,9,35,0,0,0,5,0,0,0,391,421.2,330.4,82.0,83.5,0,0,0,0,0,0.00,0.00,0.00,0.00,4.5,4.4
336,2022/23,153366,45,43,107,2868,3,4,9,44,1,0,0,5,0,0,9,409,484.4,507.3,266.0,125.8,0,0,0,0,35,1.95,2.04,3.99,53.81,4.5,4.3
336,2023/24,153366,50,43,47,1317,0,2,6,23,0,0,0,6,0,0,0,205,213.8,212.6,45.0,47.2,0,0,0,0,15,0.29,1.49,1.78,25.65,5.0,4.3
336,2024/25,153366,50,47,10,100,0,0,0,3,0,0,0,2,0,0,0,36,18.6,20.6,33.0,7.1,0,0,0,19,0,0.23,0.09,0.32,4.62,5.0,4.7
337,2018/19,102057,55,69,181,3112,13,10,12,40,0,0,0,4,0,0,31,602,788.8,648.5,1428.0,285.4,0,0,0,0,0,0.00,0.00,0.00,0.00,5.5,6.9
337,2019/20,102057,75,80,194,3241,17,7,15,36,0,0,0,3,0,0,33,685,911.6,668.2,1680.0,325.4,0,0,0,0,0,0.00,0.00,0.00,0.00,7.5,8.0
337,2020/21,102057,85,81,43,824,4,1,4,10,1,0,0,0,0,0,7,148,177.4,96.2,275.0,55.0,0,0,0,0,0,0.00,0.00,0.00,0.00,8.5,8.1
337,2021/22,102057,75,75,101,2630,6,5,11,32,0,0,0,5,2,0,11,266,470.8,506.7,746.0,171.2,0,0,0,0,0,0.00,0.00,0.00,0.00,7.5,7.5
337,2022/23,102057,70,65,29,839,0,2,2,18,0,0,0,0,0,0,0,65,74.6,117.1,277.0,46.7,0,0,0,0,8,2.55,0.55,3.10,16.00,7.0,6.5
337,2023/24,102057,55,50,72,1390,7,0,4,29,0,0,0,3,1,0,13,237,335.8,185.9,440.0,95.1,0,0,0,0,18,5.37,0.96,6.33,37.43,5.5,5.0
337,2024/25,102057,55,53,147,2486,12,3,7,37,0,0,0,4,0,0,26,539,612.8,372.2,1018.0,199.7,0,0,0,153,30,11.97,2.07,14.04,33.49,5.5,5.3
338,2022/23,244042,55,54,0,0,0,0,0,0,0,0,0,0,0,0,0,0,0.0,0.0,0.0,0.0,0,0,0,0,0,0.00,0.00,0.00,0.00,5.5,5.4
338,2023/24,244042,45,43,97,1589,9,2,6,27,0,0,0,1,0,0,12,299,409.0,213.1,875.0,148.2,0,0,0,0,18,8.76,0.94,9.70,26.67,4.5,4.3
338,2024/25,244042,60,55,86,943,8,1,2,17,0,0,0,1,0,0,14,349,352.4,95.3,508.0,95.4,0,0,0,45,8,5.91,0.20,6.11,15.28,6.0,5.5
424,2023/24,477555,45,44,30,294,1,2,1,5,0,0,0,0,0,0,2,112,105.4,147.1,107.0,36.0,0,0,0,0,2,1.50,1.10,2.60,2.91,4.5,4.4
424,2024/25,477555,50,47,3,14,0,0,0,1,0,0,0,0,0,0,0,13,4.4,12.6,0.0,1.6,0,0,0,2,0,0.00,0.02,0.02,0.47,5.0,4.7
168,2022/23,536916,45,45,26,558,1,1,1,12,0,0,0,2,0,0,2,72,90.0,100.9,102.0,28.5,0,0,0,0,6,1.30,0.39,1.69,11.93,4.5,4.5
168,2023/24,536916,50,47,57,1356,3,1,6,19,0,0,0,7,0,0,1,160,254.8,291.3,238.0,78.4,0,0,0,0,17,2.34,1.16,3.50,21.14,5.0,4.7
168,2024/25,536916,50,45,75,1508,5,2,2,33,0,0,0,8,0,0,6,299,415.8,415.8,318.0,114.7,0,0,0,162,14,4.01,2.29,6.30,29.23,5.0,4.5
339,2020/21,437495,45,48,154,3150,0,0,11,52,1,1,0,0,0,140,20,774,1026.0,10.0,0.0,103.7,0,0,0,0,0,0.00,0.00,0.00,0.00,4.5,4.8
339,2021/22,437495,50,48,106,3384,0,0,5,79,0,0,0,2,0,143,8,713,1090.6,0.0,0.0,108.9,0,0,0,0,0,0.00,0.00,0.00,0.00,5.0,4.8
339,2022/23,437495,45,44,90,3060,0,0,5,67,0,0,0,3,0,94,8,548,738.6,0.0,17.0,75.9,0,0,0,0,34,0.12,0.01,0.13,57.06,4.5,4.4
341,2015/16,59735,40,39,41,810,0,0,3,11,0,1,0,0,0,23,3,179,0.0,0.0,0.0,0.0,0,0,0,0,0,0.00,0.00,0.00,0.00,4.0,3.9
341,2017/18,59735,45,43,33,900,0,0,2,15,1,0,0,0,0,35,2,172,258.8,0.0,0.0,25.9,0,0,0,0,0,0.00,0.00,0.00,0.00,4.5,4.3
341,2018/19,59735,45,44,0,0,0,0,0,0,0,0,0,0,0,0,0,0,0.0,0.0,0.0,0.0,0,0,0,0,0,0.00,0.00,0.00,0.00,4.5,4.4
341,2019/20,59735,45,43,0,0,0,0,0,0,0,0,0,0,0,0,0,0,0.0,0.0,0.0,0.0,0,0,0,0,0,0.00,0.00,0.00,0.00,4.5,4.3
341,2020/21,59735,50,49,80,2250,0,0,4,43,0,1,0,3,0,88,6,450,682.4,0.0,0.0,68.3,0,0,0,0,0,0.00,0.00,0.00,0.00,5.0,4.9
341,2021/22,59735,45,45,20,720,0,0,0,15,0,0,0,1,0,24,3,110,157.0,0.0,0.0,15.8,0,0,0,0,0,0.00,0.00,0.00,0.00,4.5,4.5
341,2022/23,59735,40,39,0,0,0,0,0,0,0,0,0,0,0,0,0,0,0.0,0.0,0.0,0.0,0,0,0,0,0,0.00,0.00,0.00,0.00,4.0,3.9
341,2023/24,59735,40,40,0,0,0,0,0,0,0,0,0,0,0,0,0,0,0.0,0.0,0.0,0.0,0,0,0,0,0,0.00,0.00,0.00,0.00,4.0,4.0
342,2020/21,226182,45,43,39,1107,2,0,2,20,0,0,0,2,0,0,0,151,217.6,72.7,278.0,57.0,0,0,0,0,0,0.00,0.00,0.00,0.00,4.5,4.3
342,2023/24,226182,45,45,63,2787,3,3,3,79,1,0,0,9,0,0,0,354,514.4,183.5,339.0,103.7,0,0,0,0,32,2.36,1.14,3.50,57.85,4.5,4.5
343,2020/21,222694,40,40,71,2072,1,0,7,32,0,0,0,3,0,0,2,402,513.0,66.3,222.0,80.1,0,0,0,0,0,0.00,0.00,0.00,0.00,4.0,4.0
343,2021/22,222694,45,43,35,2050,1,1,1,53,0,0,0,6,1,0,0,339,481.0,134.8,191.0,80.8,0,0,0,0,0,0.00,0.00,0.00,0.00,4.5,4.3
343,2022/23,222694,45,45,66,2198,2,2,4,52,0,0,0,5,0,0,4,423,544.4,218.6,266.0,102.9,0,0,0,0,26,1.35,1.20,2.55,42.41,4.5,4.5
346,2015/16,113564,50,47,7,288,0,0,1,3,0,0,0,3,0,0,0,44,0.0,0.0,0.0,0.0,0,0,0,0,0,0.00,0.00,0.00,0.00,5.0,4.7
346,2016/17,113564,45,42,29,1249,0,1,3,27,0,0,0,5,1,0,2,198,202.2,118.2,72.0,39.4,0,0,0,0,0,0.00,0.00,0.00,0.00,4.5,4.2
346,2017/18,113564,45,42,5,246,0,0,0,7,0,0,0,1,0,0,0,41,71.0,37.6,36.0,14.5,0,0,0,0,0,0.00,0.00,0.00,0.00,4.5,4.2
346,2018/19,113564,45,45,0,0,0,0,0,0,0,0,0,0,0,0,0,0,0.0,0.0,0.0,0.0,0,0,0,0,0,0.00,0.00,0.00,0.00,4.5,4.5
346,2019/20,113564,45,43,32,1292,0,0,3,23,0,0,0,4,0,0,2,201,273.2,109.2,218.0,60.2,0,0,0,0,0,0.00,0.00,0.00,0.00,4.5,4.3
346,2021/22,113564,45,44,20,1023,0,0,2,27,0,0,0,3,0,0,0,163,216.4,58.0,121.0,39.7,0,0,0,0,0,0.00,0.00,0.00,0.00,4.5,4.4
348,2017/18,214225,40,40,0,0,0,0,0,0,0,0,0,0,0,0,0,0,0.0,0.0,0.0,0.0,0,0,0,0,0,0.00,0.00,0.00,0.00,4.0,4.0
348,2020/21,214225,50,49,27,732,0,0,2,12,0,0,0,0,0,0,3,169,166.2,3.6,6.0,17.7,0,0,0,0,0,0.00,0.00,0.00,0.00,5.0,4.9
348,2021/22,214225,45,42,3,87,0,0,0,3,0,0,0,0,0,0,0,17,19.6,0.7,0.0,2.0,0,0,0,0,0,0.00,0.00,0.00,0.00,4.5,4.2
348,2022/23,214225,40,40,0,0,0,0,0,0,0,0,0,0,0,0,0,0,0.0,0.0,0.0,0.0,0,0,0,0,0,0.00,0.00,0.00,0.00,4.0,4.0
348,2023/24,214225,40,40,0,0,0,0,0,0,0,0,0,0,0,0,0,0,0.0,0.0,0.0,0.0,0,0,0,0,0,0.00,0.00,0.00,0.00,4.0,4.0
350,2022/23,427637,55,53,83,2365,1,4,5,58,0,0,0,2,0,0,0,232,306.4,664.2,445.0,141.9,0,0,0,0,28,3.98,2.51,6.49,48.74,5.5,5.3
351,2022/23,492859,50,47,55,1346,2,4,4,28,0,0,0,7,0,0,6,183,266.8,327.6,253.0,84.9,0,0,0,0,14,1.79,2.12,3.91,25.22,5.0,4.7
352,2020/21,221399,55,56,160,2846,8,10,11,45,0,0,0,2,0,0,15,542,759.2,821.7,666.0,225.2,0,0,0,0,0,0.00,0.00,0.00,0.00,5.5,5.6
352,2021/22,221399,60,55,117,2638,8,1,3,68,0,0,0,3,0,0,12,408,614.6,591.8,687.0,188.5,0,0,0,0,0,0.00,0.00,0.00,0.00,6.0,5.5
352,2022/23,221399,60,57,134,2707,5,8,6,55,1,0,0,2,0,0,15,403,600.2,834.8,487.0,192.0,0,0,0,0,34,5.44,5.06,10.50,49.47,6.0,5.7
352,2023/24,221399,55,55,92,2212,3,3,11,26,0,0,0,1,0,0,5,292,397.4,405.7,339.0,114.3,0,0,0,0,25,3.68,3.02,6.70,34.15,5.5,5.5
352,2024/25,221399,55,52,81,2068,1,3,7,27,0,0,0,0,0,0,4,291,277.0,527.7,288.0,108.6,0,0,0,148,24,3.54,3.12,6.66,31.23,5.5,5.2
353,2016/17,200617,45,45,0,0,0,0,0,0,0,0,0,0,0,0,0,0,0.0,0.0,0.0,0.0,0,0,0,0,0,0.00,0.00,0.00,0.00,4.5,4.5
353,2019/20,200617,60,57,95,2281,3,6,7,29,0,0,0,4,0,0,2,308,415.2,428.1,622.0,146.0,0,0,0,0,0,0.00,0.00,0.00,0.00,6.0,5.7
353,2020/21,200617,65,62,43,907,3,1,4,7,0,0,0,3,0,0,1,145,186.0,145.7,285.0,61.5,0,0,0,0,0,0.00,0.00,0.00,0.00,6.5,6.2
353,2021/22,200617,60,60,91,2489,4,5,5,51,0,0,0,7,1,0,2,221,336.4,348.1,810.0,148.1,0,0,0,0,0,0.00,0.00,0.00,0.00,6.0,6.0
353,2022/23,200617,60,59,45,802,2,1,1,18,0,0,0,0,0,0,2,152,149.6,129.7,220.0,49.6,0,0,0,0,7,2.02,0.75,2.77,19.98,6.0,5.9
354,2017/18,199598,45,45,1,10,0,0,0,1,0,0,0,0,0,0,0,6,7.4,0.0,0.0,0.7,0,0,0,0,0,0.00,0.00,0.00,0.00,4.5,4.5
354,2018/19,199598,45,44,0,0,0,0,0,0,0,0,0,0,0,0,0,0,0.0,0.0,0.0,0.0,0,0,0,0,0,0.00,0.00,0.00,0.00,4.5,4.4
354,2019/20,199598,45,43,0,0,0,0,0,0,0,0,0,0,0,0,0,0,0.0,0.0,0.0,0.0,0,0,0,0,0,0.00,0.00,0.00,0.00,4.5,4.3
354,2020/21,199598,45,43,44,2087,0,0,2,41,1,0,0,3,0,0,4,341,458.0,189.6,51.0,70.1,0,0,0,0,0,0.00,0.00,0.00,0.00,4.5,4.3
354,2021/22,199598,45,45,0,0,0,0,0,0,0,0,0,0,0,0,0,0,0.0,0.0,0.0,0.0,0,0,0,0,0,0.00,0.00,0.00,0.00,4.5,4.5
354,2022/23,199598,45,44,0,0,0,0,0,0,0,0,0,0,0,0,0,0,0.0,0.0,0.0,0.0,0,0,0,0,0,0.00,0.00,0.00,0.00,4.5,4.4
354,2023/24,199598,40,40,0,0,0,0,0,0,0,0,0,0,0,0,0,0,0.0,0.0,0.0,0.0,0,0,0,0,0,0.00,0.00,0.00,0.00,4.0,4.0
355,2020/21,248937,45,45,0,0,0,0,0,0,0,0,0,0,0,0,0,0,0.0,0.0,0.0,0.0,0,0,0,0,0,0.00,0.00,0.00,0.00,4.5,4.5
355,2021/22,248937,45,46,15,231,0,2,0,5,0,0,0,0,0,0,0,54,51.6,49.4,39.0,13.9,0,0,0,0,0,0.00,0.00,0.00,0.00,4.5,4.6
355,2022/23,248937,45,41,30,410,1,2,0,11,0,0,0,1,0,0,1,107,121.8,210.5,85.0,41.6,0,0,0,0,3,0.69,1.06,1.75,11.80,4.5,4.1
360,2020/21,462635,45,45,0,0,0,0,0,0,0,0,0,0,0,0,0,0,0.0,0.0,0.0,0.0,0,0,0,0,0,0.00,0.00,0.00,0.00,4.5,4.5
360,2021/22,462635,45,47,43,733,2,4,1,25,0,0,0,4,0,0,3,129,148.0,117.0,412.0,67.2,0,0,0,0,0,0.00,0.00,0.00,0.00,4.5,4.7
360,2022/23,462635,55,51,20,201,0,2,0,3,0,0,0,1,0,0,0,44,49.4,32.1,114.0,19.4,0,0,0,0,1,0.84,0.40,1.24,2.79,5.5,5.1
361,2022/23,470294,45,42,1,7,0,0,0,0,0,0,0,0,0,0,0,7,4.4,0.5,20.0,2.5,0,0,0,0,0,0.06,0.00,0.06,0.27,4.5,4.2
363,2015/16,106617,60,53,15,362,0,0,2,3,0,0,0,0,0,0,0,32,0.0,0.0,0.0,0.0,0,0,0,0,0,0.00,0.00,0.00,0.00,6.0,5.3
363,2016/17,106617,50,49,21,326,1,0,0,8,0,0,0,1,0,0,2,59,51.0,26.9,139.0,21.5,0,0,0,0,0,0.00,0.00,0.00,0.00,5.0,4.9
363,2020/21,106617,55,66,194,3052,17,11,10,50,0,0,0,3,0,0,26,631,867.2,371.0,1512.0,274.6,0,0,0,0,0,0.00,0.00,0.00,0.00,5.5,6.6
363,2021/22,106617,80,77,28,557,2,2,0,14,0,0,0,2,0,0,2,90,125.8,69.0,289.0,47.9,0,0,0,0,0,0.00,0.00,0.00,0.00,8.0,7.7
363,2022/23,106617,75,71,70,1510,4,5,1,31,0,0,2,3,0,0,3,157,252.2,171.6,588.0,99.6,0,0,0,0,18,8.51,0.90,9.41,27.99,7.5,7.1
364,2022/23,565297,45,45,3,24,0,0,0,0,0,0,0,0,0,0,0,5,3.0,0.2,19.0,2.2,0,0,0,0,0,0.06,0.00,0.06,0.30,4.5,4.5
365,2017/18,174594,45,45,2,14,0,0,0,0,0,0,0,0,0,0,0,4,0.0,3.1,0.0,0.3,0,0,0,0,0,0.00,0.00,0.00,0.00,4.5,4.5
493,2018/19,180135,45,45,26,686,1,1,3,9,0,0,0,2,0,0,1,117,130.4,71.8,106.0,30.9,0,0,0,0,0,0.00,0.00,0.00,0.00,4.5,4.5
493,2019/20,180135,50,50,44,1370,1,2,2,26,0,0,0,2,1,0,0,181,235.8,217.1,155.0,60.8,0,0,0,0,0,0.00,0.00,0.00,0.00,5.0,5.0
493,2020/21,180135,50,46,41,1405,0,1,2,26,0,0,0,2,0,0,1,168,179.2,182.8,148.0,50.8,0,0,0,0,0,0.00,0.00,0.00,0.00,5.0,4.6
493,2021/22,180135,45,43,48,1458,1,1,2,29,0,0,0,1,0,0,1,206,246.0,116.6,93.0,45.7,0,0,0,0,0,0.00,0.00,0.00,0.00,4.5,4.3
493,2022/23,180135,45,43,93,2514,1,5,13,18,0,0,0,2,0,0,2,347,385.2,372.0,408.0,116.8,0,0,0,0,28,3.30,2.57,5.87,27.57,4.5,4.3
493,2023/24,180135,50,48,110,2742,6,3,10,50,0,0,0,7,0,0,3,418,550.0,357.1,479.0,138.8,0,0,0,0,30,6.76,2.80,9.56,51.59,5.0,4.8
493,2024/25,180135,50,44,34,783,0,1,2,11,0,0,0,2,0,0,0,131,117.2,78.4,76.0,27.3,0,0,0,78,8,0.60,0.22,0.82,11.32,5.0,4.4
665,2018/19,201595,40,40,0,0,0,0,0,0,0,0,0,0,0,0,0,0,0.0,0.0,0.0,0.0,0,0,0,0,0,0.00,0.00,0.00,0.00,4.0,4.0
691,2016/17,177815,45,45,17,347,1,0,0,7,0,0,0,1,0,0,1,46,53.2,10.0,82.0,14.1,0,0,0,0,0,0.00,0.00,0.00,0.00,4.5,4.5
691,2017/18,177815,50,49,88,1871,4,8,6,28,0,0,0,4,0,0,3,255,354.0,322.6,630.0,130.2,0,0,0,0,0,0.00,0.00,0.00,0.00,5.0,4.9
691,2018/19,177815,55,54,92,1769,6,5,8,26,0,0,0,3,0,0,3,267,321.8,185.7,618.0,111.5,0,0,0,0,0,0.00,0.00,0.00,0.00,5.5,5.4
691,2019/20,177815,60,61,126,2621,13,1,8,43,0,0,0,9,0,0,15,385,562.8,241.4,1272.0,206.3,0,0,0,0,0,0.00,0.00,0.00,0.00,6.0,6.1
691,2020/21,177815,70,75,165,2871,16,6,11,39,0,0,0,3,0,0,21,528,745.8,308.0,1439.0,249.0,0,0,0,0,0,0.00,0.00,0.00,0.00,7.0,7.5
691,2021/22,177815,80,77,64,1281,5,2,3,31,0,0,1,2,0,0,10,207,255.8,144.7,448.0,84.7,0,0,0,0,0,0.00,0.00,0.00,0.00,8.0,7.7
691,2022/23,177815,80,79,40,1166,2,1,4,22,0,0,0,3,0,0,2,89,138.4,122.4,409.0,66.4,0,0,0,0,15,5.90,0.72,6.62,23.13,8.0,7.9
691,2023/24,177815,60,58,101,2166,7,3,13,27,0,0,0,2,0,0,9,259,403.0,255.6,901.0,154.8,0,0,0,0,26,12.86,1.58,14.43,31.91,6.0,5.8
691,2024/25,177815,60,54,63,1602,3,2,8,18,0,0,0,2,0,0,3,157,200.2,126.1,573.0,89.2,0,0,0,76,19,6.53,0.63,7.16,24.83,6.0,5.4
706,2019/20,220627,50,47,35,1010,0,1,4,14,1,0,0,1,0,0,0,196,240.6,195.0,61.0,49.6,0,0,0,0,0,0.00,0.00,0.00,0.00,5.0,4.7
706,2020/21,220627,45,48,101,2070,2,2,9,25,0,0,0,4,0,0,13,447,472.2,290.7,195.0,96.0,0,0,0,0,0,0.00,0.00,0.00,0.00,4.5,4.8
706,2021/22,220627,50,49,29,996,0,0,2,13,0,0,0,0,0,0,1,167,190.0,136.2,97.0,42.5,0,0,0,0,0,0.00,0.00,0.00,0.00,5.0,4.9
706,2022/23,220627,45,41,45,1252,0,2,5,25,0,0,0,0,0,0,2,263,208.4,138.8,40.0,38.7,0,0,0,0,14,0.31,0.49,0.80,21.31,4.5,4.1
706,2024/25,220627,45,41,70,2912,2,2,3,68,0,0,0,6,0,0,6,218,615.2,258.5,202.0,107.8,0,0,0,236,34,1.47,0.80,2.27,63.68,4.5,4.1
366,2018/19,116535,55,59,176,3420,0,0,21,22,0,0,0,1,0,76,9,771,677.0,0.1,0.0,67.6,0,0,0,0,0,0.00,0.00,0.00,0.00,5.5,5.9
366,2019/20,116535,60,62,122,2543,0,1,13,24,0,0,0,0,1,58,11,558,503.0,10.0,0.0,51.5,0,0,0,0,0,0.00,0.00,0.00,0.00,6.0,6.2
366,2020/21,116535,60,60,140,2970,1,0,10,32,0,1,0,1,0,84,13,660,776.4,0.1,17.0,79.4,0,0,0,0,0,0.00,0.00,0.00,0.00,6.0,6.0
366,2021/22,116535,60,61,176,3240,0,1,20,24,1,0,0,0,0,75,15,782,721.4,10.0,0.0,73.1,0,0,0,0,0,0.00,0.00,0.00,0.00,6.0,6.1
366,2022/23,116535,55,55,162,3330,0,1,14,43,0,1,0,1,0,107,15,824,966.4,10.1,0.0,97.6,0,0,0,0,37,0.00,0.02,0.02,50.02,5.5,5.5
366,2023/24,116535,55,57,107,2520,0,0,8,30,0,0,0,1,0,83,9,575,671.2,10.4,0.0,68.1,0,0,0,0,28,0.00,0.00,0.00,35.21,5.5,5.7
366,2024/25,116535,55,55,112,2508,0,0,10,29,0,0,0,0,0,78,9,451,628.8,13.0,0.0,64.0,0,0,0,0,28,0.00,0.20,0.20,27.10,5.5,5.5
369,2014/15,155503,40,40,0,0,0,0,0,0,0,0,0,0,0,0,0,0,0.0,0.0,0.0,0.0,0,0,0,0,0,0.00,0.00,0.00,0.00,4.0,4.0
369,2015/16,155503,40,40,0,0,0,0,0,0,0,0,0,0,0,0,0,0,0.0,0.0,0.0,0.0,0,0,0,0,0,0.00,0.00,0.00,0.00,4.0,4.0
369,2017/18,155503,40,40,0,0,0,0,0,0,0,0,0,0,0,0,0,0,0.0,0.0,0.0,0.0,0,0,0,0,0,0.00,0.00,0.00,0.00,4.0,4.0
369,2018/19,155503,40,40,0,0,0,0,0,0,0,0,0,0,0,0,0,0,0.0,0.0,0.0,0.0,0,0,0,0,0,0.00,0.00,0.00,0.00,4.0,4.0
369,2019/20,155503,40,39,0,0,0,0,0,0,0,0,0,0,0,0,0,0,0.0,0.0,0.0,0.0,0,0,0,0,0,0.00,0.00,0.00,0.00,4.0,3.9
369,2021/22,155503,45,43,9,360,0,0,0,12,0,1,0,0,0,10,0,64,89.4,0.0,0.0,9.0,0,0,0,0,0,0.00,0.00,0.00,0.00,4.5,4.3
371,2023/24,544877,45,44,59,1966,0,2,6,37,1,0,0,4,1,0,1,290,310.0,216.5,150.0,67.7,0,0,0,0,22,1.32,1.06,2.38,36.85,4.5,4.4
371,2024/25,544877,45,53,134,3336,2,6,9,45,0,0,0,4,0,0,10,550,694.0,642.0,238.0,157.3,0,0,0,207,38,0.60,2.57,3.17,48.69,4.5,5.3
372,2014/15,122798,45,42,45,1526,0,2,3,27,0,0,0,7,0,0,4,282,0.0,0.0,0.0,0.0,0,0,0,0,0,0.00,0.00,0.00,0.00,4.5,4.2
372,2016/17,122798,45,44,73,2736,1,2,5,59,0,0,0,5,0,0,4,488,502.6,352.8,100.0,95.6,0,0,0,0,0,0.00,0.00,0.00,0.00,4.5,4.4
372,2017/18,122798,50,50,111,1940,1,5,10,18,0,0,0,2,0,0,12,514,424.0,414.5,174.0,101.3,0,0,0,0,0,0.00,0.00,0.00,0.00,5.0,5.0
372,2018/19,122798,60,67,213,3216,0,12,21,20,0,0,0,4,0,0,29,906,748.8,767.2,318.0,183.6,0,0,0,0,0,0.00,0.00,0.00,0.00,6.0,6.7
372,2019/20,122798,70,70,181,3111,2,12,13,31,0,0,0,2,0,0,20,847,845.8,980.2,389.0,221.7,0,0,0,0,0,0.00,0.00,0.00,0.00,7.0,7.0
372,2020/21,122798,70,73,161,3384,1,8,12,42,0,0,0,2,0,0,19,834,754.4,1129.3,359.0,224.5,0,0,0,0,0,0.00,0.00,0.00,0.00,7.0,7.3
372,2021/22,122798,70,73,186,2537,3,11,17,20,0,0,0,5,1,0,23,770,708.2,900.7,372.0,198.3,0,0,0,0,0,0.00,0.00,0.00,0.00,7.0,7.3
372,2022/23,122798,70,68,121,2579,0,8,9,34,0,0,0,3,0,0,10,633,549.2,862.1,211.0,162.3,0,0,0,0,29,1.24,6.69,7.93,36.59,7.0,6.8
372,2023/24,122798,65,65,76,1689,3,2,3,22,0,0,0,2,0,0,8,463,552.2,936.1,230.0,171.9,0,0,0,0,18,1.90,4.40,6.30,22.83,6.5,6.5
372,2024/25,122798,60,58,91,2479,0,1,10,32,1,0,0,3,1,0,4,397,395.4,668.7,182.0,124.4,0,0,0,106,29,1.12,4.27,5.39,26.90,6.0,5.8
373,2015/16,97032,55,56,130,3060,3,0,10,36,0,0,0,2,0,0,16,713,0.0,0.0,0.0,0.0,0,0,0,0,0,0.00,0.00,0.00,0.00,5.5,5.6
373,2016/17,97032,55,56,75,1852,1,0,7,23,0,0,0,3,1,0,14,435,546.2,81.1,232.0,86.0,0,0,0,0,0,0.00,0.00,0.00,0.00,5.5,5.6
373,2017/18,97032,55,57,78,2253,0,0,8,28,0,0,0,1,0,0,5,481,601.0,122.6,277.0,100.2,0,0,0,0,0,0.00,0.00,0.00,0.00,5.5,5.7
373,2018/19,97032,60,67,208,3384,4,4,20,22,0,0,0,1,0,0,22,932,993.6,111.1,455.0,156.1,0,0,0,0,0,0.00,0.00,0.00,0.00,6.0,6.7
373,2019/20,97032,65,65,178,3420,5,2,15,33,0,0,0,1,0,0,14,804,930.2,152.4,467.0,154.8,0,0,0,0,0,0.00,0.00,0.00,0.00,6.5,6.5
373,2020/21,97032,65,62,15,370,1,0,1,11,0,0,0,1,0,0,1,73,82.4,4.8,66.0,15.3,0,0,0,0,0,0.00,0.00,0.00,0.00,6.5,6.2
373,2021/22,97032,65,68,183,3060,3,3,21,21,0,0,0,3,0,0,13,803,726.4,150.3,455.0,133.1,0,0,0,0,0,0.00,0.00,0.00,0.00,6.5,6.8
373,2022/23,97032,65,66,127,2835,3,1,11,36,0,0,0,3,0,0,13,636,743.2,121.0,389.0,125.4,0,0,0,0,32,2.50,1.09,3.59,41.17,6.5,6.6
373,2023/24,97032,60,66,117,3177,2,2,9,40,0,0,0,3,1,0,8,662,911.2,176.3,449.0,153.8,0,0,0,0,36,2.88,1.04,3.92,45.72,6.0,6.6
373,2024/25,97032,60,67,143,3330,3,1,14,38,0,0,0,5,0,0,8,631,932.6,206.6,299.0,143.7,0,0,0,300,37,2.22,0.98,3.20,36.13,6.0,6.7
374,2021/22,204716,55,51,33,990,0,0,4,10,0,0,0,2,0,0,0,208,213.4,21.0,20.0,25.4,0,0,0,0,0,0.00,0.00,0.00,0.00,5.5,5.1
374,2022/23,204716,50,49,49,1551,0,0,7,22,1,0,0,5,0,0,0,305,285.6,39.6,144.0,46.8,0,0,0,0,17,1.21,0.65,1.86,24.34,5.0,4.9
374,2023/24,204716,50,49,56,1570,0,0,6,19,0,0,0,3,1,0,2,315,357.4,139.9,87.0,58.5,0,0,0,0,17,0.70,0.47,1.17,21.42,5.0,4.9
374,2024/25,204716,50,53,106,2561,1,2,11,28,0,0,0,5,0,0,4,487,578.0,161.4,133.0,87.6,0,0,0,197,30,1.80,0.91,2.71,26.67,5.0,5.3
375,2021/22,492777,40,40,0,0,0,0,0,0,0,0,0,0,0,0,0,0,0.0,0.0,0.0,0.0,0,0,0,0,0,0.00,0.00,0.00,0.00,4.0,4.0
375,2023/24,492777,40,41,50,752,1,3,3,7,1,0,0,2,0,0,7,211,230.4,215.8,160.0,60.6,0,0,0,0,10,0.91,1.24,2.15,7.47,4.0,4.1
375,2024/25,492777,50,47,41,744,0,2,3,10,0,0,0,4,0,0,3,160,156.2,110.5,162.0,42.8,0,0,0,45,7,0.70,1.43,2.13,12.40,5.0,4.7
376,2015/16,171287,45,42,23,437,0,1,3,5,0,0,0,3,0,0,3,98,0.0,0.0,0.0,0.0,0,0,0,0,0,0.00,0.00,0.00,0.00,4.5,4.2
376,2016/17,171287,50,48,0,0,0,0,0,0,0,0,0,0,0,0,0,0,0.0,0.0,0.0,0.0,0,0,0,0,0,0.00,0.00,0.00,0.00,5.0,4.8
376,2017/18,171287,45,45,86,1901,0,2,9,22,0,0,0,3,0,0,9,480,437.4,285.6,46.0,76.9,0,0,0,0,0,0.00,0.00,0.00,0.00,4.5,4.5
376,2018/19,171287,50,48,55,1059,0,0,7,4,0,0,0,2,0,0,2,268,209.8,92.1,44.0,34.7,0,0,0,0,0,0.00,0.00,0.00,0.00,5.0,4.8
376,2019/20,171287,55,53,93,1999,0,0,12,16,0,0,0,7,0,0,7,461,390.6,105.7,12.0,50.9,0,0,0,0,0,0.00,0.00,0.00,0.00,5.5,5.3
376,2020/21,171287,55,52,10,589,0,0,0,14,0,0,0,0,0,0,0,94,106.8,18.1,0.0,12.5,0,0,0,0,0,0.00,0.00,0.00,0.00,5.5,5.2
376,2021/22,171287,50,47,22,330,0,1,2,3,0,0,0,2,0,0,2,92,76.6,64.0,13.0,15.4,0,0,0,0,0,0.00,0.00,0.00,0.00,5.0,4.7
376,2022/23,171287,45,43,68,1461,0,0,8,16,0,0,0,3,0,0,8,337,312.4,46.1,38.0,39.7,0,0,0,0,15,0.20,0.67,0.87,25.28,4.5,4.3
376,2023/24,171287,45,45,76,1772,0,2,7,19,0,0,0,5,0,0,2,390,316.0,338.3,119.0,77.7,0,0,0,0,17,1.02,1.07,2.09,27.08,4.5,4.5
376,2024/25,171287,50,47,14,517,0,0,1,8,0,0,0,1,0,0,0,83,130.4,38.5,58.0,22.8,0,0,0,45,6,0.33,0.09,0.42,5.38,5.0,4.7
377,2020/21,214285,50,49,2,6,0,0,0,0,0,0,0,0,0,0,0,5,0.0,0.1,0.0,0.0,0,0,0,0,0,0.00,0.00,0.00,0.00,5.0,4.9
377,2021/22,214285,40,37,42,874,0,2,4,6,0,0,0,3,0,0,2,202,214.4,401.1,141.0,75.8,0,0,0,0,0,0.00,0.00,0.00,0.00,4.0,3.7
377,2022/23,214285,45,43,48,762,0,4,4,11,0,0,0,3,0,0,2,216,183.2,298.3,124.0,60.7,0,0,0,0,9,0.68,1.30,1.98,14.45,4.5,4.3
377,2023/24,214285,45,43,48,675,0,3,4,7,0,0,0,0,0,0,4,201,158.8,267.5,35.0,46.2,0,0,0,0,8,0.09,1.26,1.35,8.46,4.5,4.3
377,2024/25,214285,50,46,43,829,0,1,4,8,0,0,0,2,0,0,3,217,202.0,260.7,60.0,52.5,0,0,0,61,9,0.39,2.32,2.71,9.03,5.0,4.6
378,2023/24,611926,40,40,0,0,0,0,0,0,0,0,0,0,0,0,0,0,0.0,0.0,0.0,0.0,0,0,0,0,0,0.00,0.00,0.00,0.00,4.0,4.0
378,2024/25,611926,40,40,0,0,0,0,0,0,0,0,0,0,0,0,0,0,0.0,0.0,0.0,0.0,0,0,0,0,0,0.00,0.00,0.00,0.00,4.0,4.0
379,2020/21,219937,40,40,28,659,0,0,3,6,0,0,0,0,0,0,1,135,111.6,29.8,62.0,20.4,0,0,0,0,0,0.00,0.00,0.00,0.00,4.0,4.0
379,2021/22,219937,45,44,0,0,0,0,0,0,0,0,0,0,0,0,0,0,0.0,0.0,0.0,0.0,0,0,0,0,0,0.00,0.00,0.00,0.00,4.5,4.4
379,2022/23,219937,40,40,0,0,0,0,0,0,0,0,0,0,0,0,0,0,0.0,0.0,0.0,0.0,0,0,0,0,0,0.00,0.00,0.00,0.00,4.0,4.0
379,2024/25,219937,40,40,0,0,0,0,0,0,0,0,0,0,0,0,0,0,0.0,0.0,0.0,0.0,0,0,0,0,0,0.00,0.00,0.00,0.00,4.0,4.0
380,2022/23,489580,40,39,0,0,0,0,0,0,0,0,0,0,0,0,0,0,0.0,0.0,0.0,0.0,0,0,0,0,0,0.00,0.00,0.00,0.00,4.0,3.9
381,2013/14,118748,65,55,31,501,2,1,2,2,0,0,0,1,0,0,3,25,0.0,0.0,0.0,0.0,0,0,0,0,0,0.00,0.00,0.00,0.00,6.5,5.5
381,2014/15,118748,65,60,3,33,0,0,0,3,0,0,0,0,0,0,0,5,0.0,0.0,0.0,0.0,0,0,0,0,0,0.00,0.00,0.00,0.00,6.5,6.0
381,2017/18,118748,90,106,303,2905,32,12,15,29,0,0,1,1,0,0,26,881,1496.2,942.5,2109.0,454.4,0,0,0,0,0,0.00,0.00,0.00,0.00,9.0,10.6
381,2018/19,118748,130,132,259,3254,22,12,21,20,0,0,0,1,0,0,18,687,1186.8,973.9,2168.0,432.7,0,0,0,0,0,0.00,0.00,0.00,0.00,13.0,13.2
381,2019/20,118748,125,125,233,2879,19,10,16,26,0,0,0,1,0,0,26,661,1061.2,834.8,2156.0,405.1,0,0,0,0,0,0.00,0.00,0.00,0.00,12.5,12.5
381,2020/21,118748,120,129,231,3077,22,6,11,41,0,0,0,0,0,0,21,657,1056.0,825.7,1980.0,385.8,0,0,0,0,0,0.00,0.00,0.00,0.00,12.0,12.9
381,2021/22,118748,125,131,265,2758,23,14,17,22,0,0,1,1,0,0,29,756,1241.0,875.9,2230.0,434.8,0,0,0,0,0,0.00,0.00,0.00,0.00,12.5,13.1
381,2022/23,118748,130,131,239,3290,19,13,13,45,0,0,2,2,0,0,23,651,1067.4,899.2,1688.0,365.6,0,0,0,0,37,21.01,7.03,28.04,47.47,13.0,13.1
381,2023/24,118748,125,134,211,2531,18,12,8,30,0,0,2,2,0,0,24,621,1033.8,892.2,1531.0,346.0,0,0,0,0,28,20.89,7.47,28.36,32.22,12.5,13.4
381,2024/25,118748,125,136,344,3374,29,18,15,40,0,0,0,1,0,0,55,1133,1577.0,1199.2,1985.0,476.0,0,0,0,136,38,24.70,8.99,33.69,37.83,12.5,13.6
383,2021/22,244731,80,81,64,957,4,3,6,4,0,0,0,0,0,0,6,227,289.4,288.0,578.0,115.7,0,0,0,0,0,0.00,0.00,0.00,0.00,8.0,8.1
383,2022/23,244731,80,78,62,991,4,2,4,11,0,0,0,2,0,0,7,166,245.4,200.6,404.0,85.0,0,0,0,0,11,2.48,1.32,3.80,11.99,8.0,7.8
383,2023/24,244731,75,76,142,2625,8,7,7,33,0,0,0,3,0,0,9,413,613.0,844.0,1190.0,264.6,0,0,0,0,32,12.08,4.73,16.81,35.22,7.5,7.6
383,2024/25,244731,75,75,183,2393,13,7,15,21,0,0,0,2,0,0,21,634,770.8,748.0,946.0,246.4,0,0,0,158,28,11.90,4.34,16.24,24.44,7.5,7.5
384,2022/23,243298,80,76,90,1455,7,3,6,19,0,0,0,0,0,0,4,256,375.6,292.4,460.0,112.3,0,0,0,0,17,6.43,1.87,8.30,19.56,8.0,7.6
384,2023/24,243298,75,71,106,1633,8,5,5,20,0,0,0,1,0,0,12,409,521.4,348.2,708.0,157.1,0,0,0,0,17,9.07,2.71,11.78,23.90,7.5,7.1
384,2024/25,243298,75,72,127,1921,10,5,5,25,0,0,0,5,0,0,22,572,597.0,517.7,686.0,180.3,0,0,0,136,23,7.12,3.76,10.87,21.51,7.5,7.2
385,2024/25,223541,70,68,7,103,0,0,0,3,0,0,0,0,0,0,0,16,9.0,23.5,36.0,6.7,0,0,0,8,1,0.34,0.15,0.49,2.80,7.0,6.8
386,2019/20,243016,55,54,12,348,0,0,0,6,0,0,0,0,0,0,0,35,28.4,73.8,66.0,16.9,0,0,0,0,0,0.00,0.00,0.00,0.00,5.5,5.4
386,2020/21,243016,55,53,48,1108,1,1,5,14,0,0,0,1,0,0,3,148,170.6,210.6,235.0,61.5,0,0,0,0,0,0.00,0.00,0.00,0.00,5.5,5.3
386,2021/22,243016,55,51,93,2112,5,2,6,29,0,0,1,4,0,0,8,398,509.6,490.7,550.0,154.9,0,0,0,0,0,0.00,0.00,0.00,0.00,5.5,5.1
386,2022/23,243016,55,56,140,2882,10,2,10,45,1,0,0,8,0,0,18,567,750.8,746.4,714.0,221.3,0,0,0,0,31,12.05,4.27,16.32,40.48,5.5,5.6
386,2023/24,243016,60,59,109,2600,5,5,6,34,0,0,0,7,1,0,12,512,712.4,726.7,224.0,166.2,0,0,0,0,31,3.59,4.89,8.48,37.16,6.0,5.9
386,2024/25,243016,65,62,122,2597,5,6,14,24,0,0,0,6,0,0,8,578,653.4,731.3,357.0,174.1,0,0,0,300,30,2.89,5.57,8.46,24.21,6.5,6.2
387,2023/24,424876,70,71,99,2102,3,4,8,23,0,0,0,1,0,0,7,437,423.4,830.0,377.0,162.8,0,0,0,0,25,3.64,5.13,8.77,25.06,7.0,7.1
387,2024/25,424876,65,61,143,2485,6,10,12,29,0,0,0,6,0,0,14,605,589.8,794.8,601.0,198.1,0,0,0,199,29,6.94,6.06,13.00,26.78,6.5,6.1
388,2017/18,206915,45,45,0,0,0,0,0,0,0,0,0,0,0,0,0,0,0.0,0.0,0.0,0.0,0,0,0,0,0,0.00,0.00,0.00,0.00,4.5,4.5
388,2018/19,206915,45,45,0,0,0,0,0,0,0,0,0,0,0,0,0,0,0.0,0.0,0.0,0.0,0,0,0,0,0,0.00,0.00,0.00,0.00,4.5,4.5
388,2019/20,206915,45,45,13,121,1,0,1,1,0,0,0,0,0,0,0,46,49.4,15.6,65.0,12.9,0,0,0,0,0,0.00,0.00,0.00,0.00,4.5,4.5
388,2020/21,206915,45,44,50,1169,1,2,5,14,0,0,0,2,0,0,0,226,224.6,233.4,289.0,74.8,0,0,0,0,0,0.00,0.00,0.00,0.00,4.5,4.4
388,2021/22,206915,50,50,40,849,1,1,4,9,0,0,0,0,0,0,3,177,156.4,179.7,171.0,50.8,0,0,0,0,0,0.00,0.00,0.00,0.00,5.0,5.0
388,2022/23,206915,50,49,52,1029,3,1,4,15,0,0,0,2,0,0,4,206,272.8,238.1,240.0,75.0,0,0,0,0,12,1.15,1.36,2.51,15.60,5.0,4.9
388,2023/24,206915,50,49,40,1156,1,1,2,19,0,0,0,3,1,0,2,171,174.0,203.2,195.0,57.0,0,0,0,0,14,2.74,1.04,3.78,19.42,5.0,4.9
388,2024/25,206915,55,53,87,1702,3,5,6,27,0,0,0,1,1,0,4,396,397.2,343.7,400.0,113.6,0,0,0,160,19,4.34,1.46,5.80,23.35,5.5,5.3
390,2023/24,441266,50,50,45,1110,1,0,3,17,0,0,0,0,0,0,3,176,187.0,229.4,198.0,61.5,0,0,0,0,12,2.08,1.35,3.43,15.05,5.0,5.0
390,2024/25,441266,50,50,92,3160,0,4,14,35,0,0,0,5,1,0,1,568,550.6,473.9,121.0,114.7,0,0,0,389,37,1.13,3.50,4.63,33.06,5.0,5.0
392,2023/24,158983,55,54,47,1714,1,0,6,16,0,0,0,10,0,0,0,250,281.6,269.5,53.0,60.1,0,0,0,0,20,0.51,1.53,2.04,22.42,5.5,5.4
392,2024/25,158983,50,46,21,259,0,0,0,5,0,0,0,0,0,0,0,82,57.6,38.2,6.0,10.0,0,0,0,41,1,0.00,0.09,0.09,4.25,5.0,4.6
393,2022/23,535928,45,43,22,522,1,0,3,4,0,0,0,2,0,0,0,85,90.2,61.7,77.0,22.8,0,0,0,0,6,0.79,0.47,1.26,6.80,4.5,4.3
393,2023/24,535928,50,47,1,25,0,0,0,2,0,0,0,0,0,0,0,3,7.8,0.3,0.0,0.8,0,0,0,0,0,0.00,0.00,0.00,0.88,5.0,4.7
393,2024/25,535928,45,45,0,0,0,0,0,0,0,0,0,0,0,0,0,0,0.0,0.0,0.0,0.0,0,0,0,0,0,0.00,0.00,0.00,0.00,4.5,4.5
394,2023/24,491501,45,44,3,3,0,0,0,0,0,0,0,0,0,0,0,8,1.0,0.4,0.0,0.1,0,0,0,0,0,0.00,0.00,0.00,0.01,4.5,4.4
394,2024/25,491501,45,43,0,0,0,0,0,0,0,0,0,0,0,0,0,0,0.0,0.0,0.0,0.0,0,0,0,0,0,0.00,0.00,0.00,0.00,4.5,4.3
395,2021/22,440148,45,45,1,65,0,0,0,1,0,0,0,1,0,0,0,4,2.8,2.4,0.0,0.6,0,0,0,0,0,0.00,0.00,0.00,0.00,4.5,4.5
395,2024/25,440148,45,44,0,0,0,0,0,0,0,0,0,0,0,0,0,0,0.0,0.0,0.0,0.0,0,0,0,0,0,0.00,0.00,0.00,0.00,4.5,4.4
396,2023/24,591386,45,45,0,0,0,0,0,0,0,0,0,0,0,0,0,0,0.0,0.0,0.0,0.0,0,0,0,0,0,0.00,0.00,0.00,0.00,4.5,4.5
396,2024/25,591386,45,45,0,0,0,0,0,0,0,0,0,0,0,0,0,0,0.0,0.0,0.0,0.0,0,0,0,0,0,0.00,0.00,0.00,0.00,4.5,4.5
397,2022/23,447203,90,86,100,1684,9,5,7,22,0,0,0,1,1,0,8,310,458.2,336.9,1078.0,186.0,0,0,0,0,19,12.15,2.66,14.81,28.62,9.0,8.6
397,2023/24,447203,75,75,132,2033,11,11,6,25,0,0,1,9,0,0,9,397,660.8,439.1,1223.0,232.4,0,0,0,0,22,16.23,4.37,20.60,25.33,7.5,7.5
397,2024/25,447203,75,70,66,1113,5,3,2,21,0,0,0,8,0,0,6,244,263.8,151.6,404.0,81.2,0,0,0,77,8,5.76,0.51,6.27,16.85,7.5,7.0
398,2023/24,500058,45,43,1,7,0,0,0,0,0,0,0,1,0,0,0,1,0.0,3.7,0.0,0.2,0,0,0,0,0,0.00,0.01,0.01,0.13,4.5,4.3
398,2024/25,500058,45,45,1,10,0,0,0,1,0,0,0,0,0,0,0,2,0.0,0.3,0.0,0.0,0,0,0,0,0,0.00,0.01,0.01,0.45,4.5,4.5
499,2022/23,219168,70,70,100,1520,10,2,4,20,0,0,0,3,0,0,18,353,483.4,246.1,724.0,145.2,0,0,0,0,17,8.11,1.37,9.48,18.67,7.0,7.0
499,2023/24,219168,75,84,172,2253,21,4,7,41,0,0,1,1,0,0,23,645,877.4,362.5,1054.0,229.3,0,0,0,0,27,20.22,2.68,22.90,43.41,7.5,8.4
499,2024/25,219168,85,94,211,2758,23,6,12,41,0,0,0,1,0,0,36,848,1043.0,573.1,1320.0,292.7,0,0,0,89,34,20.33,3.59,23.92,36.85,8.5,9.4
82,2022/23,437730,50,50,18,250,1,0,0,6,0,0,0,0,0,0,1,56,50.0,26.5,32.0,10.7,0,0,0,0,2,0.36,0.02,0.38,7.70,5.0,5.0
82,2023/24,437730,45,45,107,2099,8,4,8,33,0,0,0,6,0,0,14,363,506.8,411.2,748.0,166.8,0,0,0,0,25,4.69,2.19,6.87,34.41,4.5,4.5
82,2024/25,437730,55,57,165,3202,11,7,11,41,0,0,0,9,0,0,14,571,792.2,688.9,1204.0,267.8,0,0,0,267,36,9.51,4.43,13.94,44.18,5.5,5.7
182,2020/21,432720,40,40,0,0,0,0,0,0,0,0,0,0,0,0,0,0,0.0,0.0,0.0,0.0,0,0,0,0,0,0.00,0.00,0.00,0.00,4.0,4.0
182,2023/24,432720,45,44,70,2520,0,0,2,62,0,0,0,2,0,106,5,533,903.6,3.3,0.0,90.7,0,0,0,0,28,0.00,0.04,0.04,49.37,4.5,4.4
260,2018/19,209036,40,40,0,0,0,0,0,0,0,0,0,0,0,0,0,0,0.0,0.0,0.0,0.0,0,0,0,0,0,0.00,0.00,0.00,0.00,4.0,4.0
260,2019/20,209036,40,39,0,0,0,0,0,0,0,0,0,0,0,0,0,0,0.0,0.0,0.0,0.0,0,0,0,0,0,0.00,0.00,0.00,0.00,4.0,3.9
260,2021/22,209036,45,45,123,3222,2,1,11,43,0,0,0,4,0,0,8,676,720.6,98.5,290.0,111.1,0,0,0,0,0,0.00,0.00,0.00,0.00,4.5,4.5
260,2022/23,209036,45,45,95,3330,1,0,9,46,1,0,0,8,0,0,2,623,705.0,145.5,213.0,106.7,0,0,0,0,37,1.46,0.82,2.28,46.47,4.5,4.5
260,2023/24,209036,45,42,66,2020,0,1,6,32,0,0,0,2,0,0,6,397,417.8,106.6,35.0,56.1,0,0,0,0,23,0.58,1.00,1.58,31.51,4.5,4.2
260,2024/25,209036,45,47,116,3059,3,2,11,42,3,0,0,7,1,0,11,492,827.0,237.6,247.0,131.0,0,0,0,268,34,1.87,2.01,3.88,41.55,4.5,4.7
399,2017/18,121160,55,57,158,3195,0,0,16,26,0,2,0,1,0,58,10,666,546.2,10.0,0.0,55.6,0,0,0,0,0,0.00,0.00,0.00,0.00,5.5,5.7
399,2018/19,121160,55,57,169,3420,0,1,20,23,0,0,0,2,0,58,6,700,535.2,33.0,0.0,56.8,0,0,0,0,0,0.00,0.00,0.00,0.00,5.5,5.7
399,2019/20,121160,60,61,133,3071,0,0,16,31,0,0,0,3,1,68,2,645,608.6,16.0,0.0,62.3,0,0,0,0,0,0.00,0.00,0.00,0.00,6.0,6.1
399,2020/21,121160,60,61,160,3240,0,1,19,28,0,1,0,3,0,66,3,696,586.0,10.0,0.0,59.6,0,0,0,0,0,0.00,0.00,0.00,0.00,6.0,6.1
399,2021/22,121160,60,62,155,3330,0,0,20,26,0,0,0,3,0,60,4,701,561.2,0.0,0.0,56.1,0,0,0,0,0,0.00,0.00,0.00,0.00,6.0,6.2
399,2022/23,121160,55,54,121,3150,0,1,11,32,0,0,0,3,0,46,8,581,508.4,13.1,0.0,52.1,0,0,0,0,35,0.00,0.22,0.22,28.08,5.5,5.4
399,2023/24,121160,55,55,112,2785,0,0,11,27,0,0,0,5,0,57,5,569,551.8,10.0,0.0,56.0,0,0,0,0,33,0.00,0.03,0.03,27.43,5.5,5.5
399,2024/25,121160,55,53,111,2320,0,4,10,26,0,0,0,4,0,54,9,400,567.0,43.0,0.0,60.9,0,0,0,0,26,0.00,0.16,0.16,29.50,5.5,5.3
401,2013/14,122074,40,40,0,0,0,0,0,0,0,0,0,0,0,0,0,0,0.0,0.0,0.0,0.0,0,0,0,0,0,0.00,0.00,0.00,0.00,4.0,4.0
401,2018/19,122074,45,42,15,630,0,0,0,20,0,1,0,1,0,20,0,114,195.0,0.0,0.0,19.4,0,0,0,0,0,0.00,0.00,0.00,0.00,4.5,4.2
401,2020/21,122074,45,43,0,0,0,0,0,0,0,0,0,0,0,0,0,0,0.0,0.0,0.0,0.0,0,0,0,0,0,0.00,0.00,0.00,0.00,4.5,4.3
401,2021/22,122074,40,40,0,0,0,0,0,0,0,0,0,0,0,0,0,0,0.0,0.0,0.0,0.0,0,0,0,0,0,0.00,0.00,0.00,0.00,4.0,4.0
401,2022/23,122074,40,40,0,0,0,0,0,0,0,0,0,0,0,0,0,0,0.0,0.0,0.0,0.0,0,0,0,0,0,0.00,0.00,0.00,0.00,4.0,4.0
401,2023/24,122074,40,40,-1,0,0,0,0,0,0,0,0,1,0,0,0,-3,0.0,0.0,0.0,0.0,0,0,0,0,0,0.00,0.00,0.00,0.00,4.0,4.0
401,2024/25,122074,40,39,0,0,0,0,0,0,0,0,0,0,0,0,0,0,0.0,0.0,0.0,0.0,0,0,0,0,0,0.00,0.00,0.00,0.00,4.0,3.9
402,2020/21,448514,50,50,54,1400,1,1,3,23,0,0,0,1,0,0,6,264,243.2,234.5,196.0,67.4,0,0,0,0,0,0.00,0.00,0.00,0.00,5.0,5.0
402,2021/22,448514,45,41,87,1826,1,4,7,26,0,0,0,4,0,0,10,367,390.8,323.2,174.0,89.1,0,0,0,0,0,0.00,0.00,0.00,0.00,4.5,4.1
402,2022/23,448514,45,41,41,1067,1,0,4,18,1,0,0,4,0,0,0,194,200.4,131.1,156.0,48.9,0,0,0,0,9,1.26,0.84,2.10,18.36,4.5,4.1
402,2023/24,448514,45,46,77,2327,2,3,3,43,0,0,0,7,0,0,6,365,448.4,376.9,253.0,107.7,0,0,0,0,29,3.12,1.81,4.93,45.79,4.5,4.6
402,2024/25,448514,45,51,125,3112,4,7,7,67,0,0,0,5,1,0,13,447,778.4,694.3,435.0,191.0,0,0,0,187,37,2.69,3.98,6.67,53.27,4.5,5.1
403,2023/24,477424,50,52,123,2327,4,2,9,23,0,0,0,3,0,0,12,549,544.4,362.2,389.0,129.7,0,0,0,0,26,3.14,2.09,5.23,23.88,5.0,5.2
403,2024/25,477424,60,65,153,3278,5,0,13,41,0,0,0,2,0,0,15,623,847.0,501.7,497.0,185.0,0,0,0,233,36,4.60,2.92,7.52,44.27,6.0,6.5
404,2022/23,211975,50,51,82,2284,0,1,7,23,0,0,0,2,0,0,5,460,385.6,146.5,180.0,71.4,0,0,0,0,24,1.14,0.99,2.13,21.70,5.0,5.1
404,2023/24,211975,50,50,112,2512,2,0,11,23,0,0,0,2,1,0,8,560,536.4,298.7,137.0,97.4,0,0,0,0,28,1.77,1.79,3.56,25.72,5.0,5.0
404,2024/25,211975,55,53,61,2012,0,0,6,28,0,0,0,3,0,0,1,307,339.8,249.8,100.0,68.9,0,0,0,98,23,1.57,1.30,2.87,29.72,5.5,5.3
405,2012/13,126184,40,40,4,92,0,0,0,1,0,0,0,0,0,0,0,0,0.0,0.0,0.0,0.0,0,0,0,0,0,0.00,0.00,0.00,0.00,4.0,4.0
405,2013/14,126184,45,42,1,12,0,0,0,0,0,0,0,0,0,0,0,1,0.0,0.0,0.0,0.0,0,0,0,0,0,0.00,0.00,0.00,0.00,4.5,4.2
405,2014/15,126184,45,43,1,18,0,0,0,0,0,0,0,0,0,0,0,2,0.0,0.0,0.0,0.0,0,0,0,0,0,0.00,0.00,0.00,0.00,4.5,4.3
405,2015/16,126184,45,44,73,1874,1,1,7,25,0,0,0,4,1,0,7,378,0.0,0.0,0.0,0.0,0,0,0,0,0,0.00,0.00,0.00,0.00,4.5,4.4
405,2016/17,126184,45,39,55,834,3,1,3,20,0,0,0,1,0,0,8,267,373.2,55.5,147.0,57.5,0,0,0,0,0,0.00,0.00,0.00,0.00,4.5,3.9
405,2017/18,126184,50,50,102,3352,2,3,6,59,0,0,0,5,0,0,8,642,932.4,115.1,287.0,133.5,0,0,0,0,0,0.00,0.00,0.00,0.00,5.0,5.0
405,2018/19,126184,50,51,120,3411,4,1,10,70,0,0,0,3,0,0,8,716,1002.0,125.9,440.0,156.8,0,0,0,0,0,0.00,0.00,0.00,0.00,5.0,5.1
405,2019/20,126184,50,48,79,2503,2,2,4,46,0,0,0,2,0,0,6,499,691.2,92.7,326.0,111.0,0,0,0,0,0,0.00,0.00,0.00,0.00,5.0,4.8
405,2020/21,126184,55,54,29,797,1,0,3,13,0,0,0,4,0,0,1,150,156.0,46.9,44.0,24.7,0,0,0,0,0,0.00,0.00,0.00,0.00,5.5,5.4
405,2021/22,126184,50,47,54,919,2,0,5,3,0,0,0,0,0,0,0,234,245.0,58.9,75.0,37.9,0,0,0,0,0,0.00,0.00,0.00,0.00,5.0,4.7
405,2022/23,126184,50,50,92,1871,1,0,9,15,0,0,0,2,0,0,9,419,405.2,175.9,150.0,73.3,0,0,0,0,22,1.55,1.30,2.85,16.48,5.0,5.0
405,2023/24,126184,50,50,99,2039,2,3,6,20,0,0,0,0,0,0,6,483,447.2,197.7,249.0,89.7,0,0,0,0,24,2.47,1.14,3.61,21.14,5.0,5.0
405,2024/25,126184,55,53,25,677,0,0,3,11,0,0,0,0,0,0,0,121,104.6,33.7,20.0,15.9,0,0,0,36,8,0.22,0.17,0.39,13.44,5.5,5.3
406,2024/25,578153,50,50,14,503,0,0,2,6,1,0,0,1,0,0,0,78,102.0,33.9,4.0,14.1,0,0,0,40,6,0.02,0.09,0.11,6.98,5.0,5.0
407,2022/23,465351,50,48,80,2467,1,1,11,38,0,0,0,2,1,0,5,338,371.4,406.6,314.0,109.3,0,0,0,0,30,2.41,1.38,3.79,41.19,5.0,4.8
407,2023/24,465351,50,47,32,831,0,2,2,13,0,0,0,0,1,0,1,118,146.0,221.3,150.0,51.8,0,0,0,0,9,0.89,1.71,2.60,10.39,5.0,4.7
407,2024/25,465351,50,49,81,1670,1,7,9,19,0,0,0,4,0,0,6,373,370.4,422.4,206.0,99.9,0,0,0,84,19,1.11,3.32,4.43,24.87,5.0,4.9
408,2020/21,171314,55,59,142,2843,1,1,17,21,1,0,0,4,0,0,12,656,651.6,91.0,218.0,96.3,0,0,0,0,0,0.00,0.00,0.00,0.00,5.5,5.9
408,2021/22,171314,60,62,141,2401,2,5,14,18,0,0,0,5,0,0,12,622,581.2,225.2,268.0,107.6,0,0,0,0,0,0.00,0.00,0.00,0.00,6.0,6.2
408,2022/23,171314,60,60,80,1997,0,0,9,16,0,0,0,3,0,0,1,432,416.8,83.7,124.0,62.5,0,0,0,0,22,1.36,0.34,1.70,17.36,6.0,6.0
408,2023/24,171314,55,55,88,2557,0,0,9,28,1,0,0,0,0,0,3,513,578.4,208.5,225.0,101.5,0,0,0,0,28,1.38,1.93,3.31,25.12,5.5,5.5
408,2024/25,171314,55,55,90,2269,0,0,11,21,1,0,0,4,0,0,7,410,478.2,173.8,150.0,80.2,0,0,0,127,25,1.54,1.20,2.74,29.48,5.5,5.5
409,2012/13,97299,45,45,0,0,0,0,0,0,0,0,0,0,0,0,0,0,0.0,0.0,0.0,0.0,0,0,0,0,0,0.00,0.00,0.00,0.00,4.5,4.5
409,2013/14,97299,45,42,59,1372,0,0,6,19,0,0,0,1,0,0,6,102,0.0,0.0,0.0,0.0,0,0,0,0,0,0.00,0.00,0.00,0.00,4.5,4.2
409,2014/15,97299,55,52,82,2043,1,0,7,25,0,0,0,1,0,0,11,476,0.0,0.0,0.0,0.0,0,0,0,0,0,0.00,0.00,0.00,0.00,5.5,5.2
409,2015/16,97299,55,54,82,2779,0,0,8,45,0,0,0,3,0,0,4,616,0.0,0.0,0.0,0.0,0,0,0,0,0,0.00,0.00,0.00,0.00,5.5,5.4
409,2016/17,97299,50,46,59,2014,0,0,4,29,0,0,0,1,0,0,4,435,441.4,78.0,174.0,69.7,0,0,0,0,0,0.00,0.00,0.00,0.00,5.0,4.6
409,2017/18,97299,55,53,70,1301,0,0,9,11,0,0,0,0,0,0,5,334,283.4,26.3,120.0,43.2,0,0,0,0,0,0.00,0.00,0.00,0.00,5.5,5.3
409,2018/19,97299,55,52,83,1761,0,0,9,15,0,0,0,1,0,0,9,431,376.6,115.5,49.0,54.1,0,0,0,0,0,0.00,0.00,0.00,0.00,5.5,5.2
409,2019/20,97299,55,53,34,1118,0,0,3,16,0,0,0,0,0,0,0,231,216.4,53.0,66.0,33.7,0,0,0,0,0,0.00,0.00,0.00,0.00,5.5,5.3
409,2020/21,97299,50,51,128,1933,4,0,14,12,0,0,0,0,1,0,11,531,520.0,79.8,192.0,79.0,0,0,0,0,0,0.00,0.00,0.00,0.00,5.0,5.1
409,2021/22,97299,55,52,70,1117,1,0,9,6,0,0,0,0,0,0,4,290,219.8,79.7,145.0,44.4,0,0,0,0,0,0.00,0.00,0.00,0.00,5.5,5.2
409,2022/23,97299,55,56,93,1844,2,2,7,17,1,0,0,2,0,0,13,422,396.0,164.1,135.0,69.6,0,0,0,0,21,1.03,0.97,2.00,13.56,5.5,5.6
409,2023/24,97299,55,53,53,1061,1,0,5,9,0,0,0,2,0,0,3,239,188.4,128.4,70.0,38.7,0,0,0,0,12,1.06,0.40,1.46,12.27,5.5,5.3
409,2024/25,97299,55,53,29,544,2,0,1,11,0,0,0,1,0,0,2,92,155.6,49.8,70.0,27.4,0,0,0,31,6,0.60,0.17,0.77,5.95,5.5,5.3
410,2022/23,477064,40,38,29,900,0,0,2,8,0,0,0,1,0,0,0,168,129.4,189.3,44.0,36.3,0,0,0,0,10,0.21,1.63,1.84,8.90,4.0,3.8
410,2023/24,477064,45,42,52,804,2,0,4,9,0,0,0,1,0,0,2,215,148.0,195.9,114.0,45.8,0,0,0,0,8,0.63,1.25,1.88,8.73,4.5,4.2
410,2024/25,477064,45,43,66,1888,1,2,5,27,0,0,0,3,1,0,1,285,293.8,218.6,139.0,65.0,0,0,0,90,21,1.32,1.01,2.33,27.60,4.5,4.3
411,2022/23,472769,45,45,0,0,0,0,0,0,0,0,0,0,0,0,0,0,0.0,0.0,0.0,0.0,0,0,0,0,0,0.00,0.00,0.00,0.00,4.5,4.5
411,2024/25,472769,50,49,31,525,2,0,3,3,0,0,0,0,0,0,4,118,133.4,76.2,112.0,32.2,0,0,0,24,6,1.28,0.68,1.96,5.49,5.0,4.9
412,2024/25,616222,45,45,1,1,0,0,0,0,0,0,0,0,0,0,0,4,3.2,0.0,0.0,0.3,0,0,0,1,0,0.00,0.00,0.00,0.00,4.5,4.5
413,2024/25,438234,70,74,73,1174,7,1,8,12,0,0,0,0,0,0,12,326,318.0,246.7,410.0,97.3,0,0,0,60,14,5.41,1.71,7.12,14.48,7.0,7.4
414,2017/18,209244,50,47,8,45,0,1,0,1,0,0,0,0,0,0,0,31,29.2,32.1,10.0,7.1,0,0,0,0,0,0.00,0.00,0.00,0.00,5.0,4.7
414,2018/19,209244,50,45,25,328,1,0,2,0,0,0,0,0,0,0,3,93,85.0,133.8,208.0,42.6,0,0,0,0,0,0.00,0.00,0.00,0.00,5.0,4.5
414,2019/20,209244,55,55,69,888,5,2,4,7,0,0,0,0,0,0,4,261,312.2,301.6,466.0,108.1,0,0,0,0,0,0.00,0.00,0.00,0.00,5.5,5.5
414,2020/21,209244,65,61,135,1607,9,8,6,16,0,0,0,0,0,0,17,479,580.8,545.8,734.0,186.0,0,0,0,0,0,0.00,0.00,0.00,0.00,6.5,6.1
414,2021/22,209244,80,79,137,2125,9,6,13,16,0,0,0,1,0,0,11,483,580.8,716.4,954.0,225.5,0,0,0,0,0,0.00,0.00,0.00,0.00,8.0,7.9
414,2022/23,209244,80,80,142,1832,11,7,5,16,0,0,0,1,0,0,15,517,684.8,707.4,717.0,210.9,0,0,0,0,22,5.75,4.73,10.48,17.62,8.0,8.0
414,2023/24,209244,75,85,230,2860,19,8,14,27,0,0,0,2,0,0,31,866,1154.8,1157.8,1172.0,348.8,0,0,0,0,33,10.17,6.95,17.12,28.51,7.5,8.5
414,2024/25,209244,95,91,105,1771,7,3,6,24,0,0,0,2,0,0,10,454,448.0,749.0,449.0,164.2,0,0,0,91,20,5.17,5.33,10.49,29.11,9.5,9.1
415,2024/25,510281,65,60,106,1760,1,11,8,25,0,0,0,3,0,0,15,442,415.2,682.9,671.0,177.3,0,0,0,119,21,5.02,6.10,11.12,21.39,6.5,6.0
416,2017/18,165809,80,72,112,1514,6,5,9,10,0,0,0,0,0,0,8,440,475.6,508.7,464.0,144.4,0,0,0,0,0,0.00,0.00,0.00,0.00,8.0,7.2
416,2018/19,165809,75,78,154,2849,7,8,15,22,0,0,0,3,0,0,17,649,796.4,1026.3,1069.0,289.6,0,0,0,0,0,0.00,0.00,0.00,0.00,7.5,7.8
416,2019/20,165809,80,76,116,2021,6,7,9,24,0,0,0,5,0,0,7,526,626.2,773.2,927.0,232.5,0,0,0,0,0,0.00,0.00,0.00,0.00,8.0,7.6
416,2020/21,165809,75,74,94,2063,2,7,11,18,0,0,0,5,0,0,9,413,399.6,476.2,463.0,134.1,0,0,0,0,0,0.00,0.00,0.00,0.00,7.5,7.4
416,2021/22,165809,70,70,155,2856,8,8,16,23,0,0,0,6,0,0,15,663,739.4,876.1,958.0,257.9,0,0,0,0,0,0.00,0.00,0.00,0.00,7.0,7.0
416,2022/23,165809,70,67,106,2196,4,6,7,24,0,0,0,5,0,0,9,427,492.0,515.0,424.0,143.1,0,0,0,0,24,2.09,3.83,5.92,23.24,7.0,6.7
416,2023/24,165809,65,62,141,2576,6,9,10,26,0,0,0,8,0,0,20,604,747.4,959.5,570.0,228.0,0,0,0,0,29,3.54,8.05,11.59,26.40,6.5,6.2
416,2024/25,165809,65,61,110,2667,4,4,10,36,0,0,0,7,0,0,13,568,603.0,800.4,532.0,193.6,0,0,0,223,29,3.84,4.56,8.40,39.68,6.5,6.1
418,2023/24,248875,65,64,98,1585,3,10,1,19,0,0,0,3,0,0,13,391,524.2,640.2,875.0,203.9,0,0,0,0,18,2.57,5.85,8.42,16.21,6.5,6.4
418,2024/25,248875,65,62,88,1506,3,6,8,14,0,0,0,1,0,0,3,425,453.8,515.9,528.0,150.0,0,0,0,101,16,1.32,3.81,5.13,15.18,6.5,6.2
420,2016/17,59859,55,49,41,704,3,1,3,8,0,0,0,0,0,0,2,196,186.8,209.6,199.0,59.6,0,0,0,0,0,0.00,0.00,0.00,0.00,5.5,4.9
420,2017/18,59859,55,54,82,1504,4,2,6,15,0,0,0,3,0,0,9,376,381.4,406.4,408.0,119.3,0,0,0,0,0,0.00,0.00,0.00,0.00,5.5,5.4
420,2018/19,59859,55,54,113,2129,6,3,13,15,0,0,0,3,0,0,10,528,548.8,819.7,447.0,181.6,0,0,0,0,0,0.00,0.00,0.00,0.00,5.5,5.4
420,2019/20,59859,55,51,65,2012,2,1,7,28,0,0,1,7,0,0,4,382,408.4,592.3,374.0,137.5,0,0,0,0,0,0.00,0.00,0.00,0.00,5.5,5.1
420,2020/21,59859,55,55,157,2025,13,4,12,16,0,0,1,1,0,0,22,620,754.6,688.4,712.0,215.7,0,0,0,0,0,0.00,0.00,0.00,0.00,5.5,5.5
420,2021/22,59859,75,71,124,1851,8,5,14,10,0,0,0,1,0,0,10,488,549.2,613.8,798.0,196.3,0,0,0,0,0,0.00,0.00,0.00,0.00,7.5,7.1
420,2022/23,59859,75,74,132,2351,8,6,10,20,0,0,1,0,0,0,9,518,596.2,636.9,597.0,182.7,0,0,0,0,27,7.83,4.37,12.20,20.31,7.5,7.4
420,2024/25,59859,65,63,97,2218,1,7,10,28,0,0,0,1,0,0,5,460,387.0,781.3,273.0,144.2,0,0,0,176,25,3.21,4.43,7.63,35.69,6.5,6.3
421,2019/20,220566,55,53,92,2480,3,2,14,27,0,0,0,8,0,0,5,516,599.2,532.6,193.0,132.3,0,0,0,0,0,0.00,0.00,0.00,0.00,5.5,5.3
421,2020/21,220566,55,53,91,2747,2,2,13,27,0,0,0,6,0,0,5,531,640.6,546.3,335.0,152.4,0,0,0,0,0,0.00,0.00,0.00,0.00,5.5,5.3
421,2021/22,220566,55,55,127,2884,7,2,17,22,0,0,0,5,0,0,9,618,758.2,541.4,444.0,174.8,0,0,0,0,0,0.00,0.00,0.00,0.00,5.5,5.5
421,2022/23,220566,60,56,108,2911,2,6,11,26,0,0,0,5,0,0,7,606,716.0,555.9,493.0,176.9,0,0,0,0,34,4.53,3.49,8.02,25.24,6.0,5.6
421,2023/24,220566,55,56,159,2931,8,10,14,26,0,0,0,8,1,0,19,737,1043.8,894.8,484.0,242.3,0,0,0,0,34,3.99,6.15,10.14,29.89,5.5,5.6
421,2024/25,220566,65,62,3,72,0,0,0,1,0,0,0,0,0,0,0,21,12.2,17.5,0.0,3.0,0,0,0,11,1,0.00,0.09,0.09,0.33,6.5,6.2
422,2018/19,91651,60,57,64,1725,0,2,9,19,0,0,0,3,0,0,2,343,315.4,468.8,311.0,109.9,0,0,0,0,0,0.00,0.00,0.00,0.00,6.0,5.7
422,2019/20,91651,55,53,68,2065,1,3,4,37,0,0,0,8,0,0,6,461,497.0,458.5,186.0,114.0,0,0,0,0,0,0.00,0.00,0.00,0.00,5.5,5.3
422,2020/21,91651,55,53,54,1809,0,1,9,26,0,0,0,4,0,0,0,332,332.4,384.8,153.0,87.0,0,0,0,0,0,0.00,0.00,0.00,0.00,5.5,5.3
422,2021/22,91651,50,49,76,1552,2,5,8,11,0,0,0,4,0,0,7,348,409.6,407.4,198.0,101.5,0,0,0,0,0,0.00,0.00,0.00,0.00,5.0,4.9
422,2022/23,91651,50,49,53,1699,1,2,4,25,0,0,0,8,0,0,2,289,295.8,365.8,114.0,77.9,0,0,0,0,17,1.79,2.04,3.83,24.00,5.0,4.9
422,2023/24,91651,50,46,59,1539,1,0,9,14,0,0,0,4,0,0,2,316,265.0,365.9,129.0,76.0,0,0,0,0,16,1.24,1.66,2.90,13.55,5.0,4.6
422,2024/25,91651,55,54,109,2194,6,3,10,29,0,0,0,5,1,0,13,542,606.4,579.3,204.0,139.1,0,0,0,228,25,1.91,3.21,5.11,31.50,5.5,5.4
423,2024/25,465694,60,60,31,760,1,1,6,7,0,0,0,3,0,0,0,123,137.2,78.7,62.0,27.5,0,0,0,76,9,0.45,0.48,0.93,8.99,6.0,6.0
425,2024/25,575204,60,58,1,5,0,0,0,0,0,0,0,0,0,0,0,2,2.2,0.4,0.0,0.3,0,0,0,2,0,0.00,0.01,0.01,0.45,6.0,5.8
429,2020/21,155405,50,49,67,2428,1,2,9,34,0,0,0,10,0,0,2,396,535.4,539.3,82.0,115.8,0,0,0,0,0,0.00,0.00,0.00,0.00,5.0,4.9
429,2021/22,155405,50,47,39,1594,0,1,3,25,0,0,0,4,0,0,1,209,270.8,151.0,99.0,52.4,0,0,0,0,0,0.00,0.00,0.00,0.00,5.0,4.7
429,2022/23,155405,50,48,14,291,0,0,1,3,0,0,0,1,0,0,0,68,50.0,54.4,22.0,12.7,0,0,0,0,2,0.28,0.11,0.39,5.05,5.0,4.8
429,2023/24,155405,50,47,10,394,0,0,0,13,0,0,0,1,1,0,0,27,35.6,23.3,31.0,9.1,0,0,0,0,3,0.22,0.11,0.33,10.75,5.0,4.7
429,2024/25,155405,50,48,27,1231,0,0,1,30,0,0,0,4,1,0,0,167,181.8,116.2,41.0,33.8,0,0,0,163,14,0.45,0.46,0.91,27.21,5.0,4.8
430,2022/23,223094,115,124,272,2767,36,9,13,26,0,0,0,5,0,0,40,1040,1390.0,371.0,1825.0,358.1,0,0,0,0,33,28.54,3.11,31.65,25.24,11.5,12.4
430,2023/24,223094,140,143,217,2553,27,8,11,25,0,0,1,1,0,0,29,792,1094.6,367.2,1581.0,303.3,0,0,0,0,29,29.57,2.18,31.75,25.65,14.0,14.3
430,2024/25,223094,150,149,181,2736,22,3,10,38,0,0,1,2,0,0,26,795,946.0,359.4,1511.0,281.8,0,0,0,73,31,21.90,2.04,23.94,41.27,15.0,14.9
794,2024/25,494307,40,40,0,0,0,0,0,0,0,0,0,0,0,0,0,0,0.0,0.0,0.0,0.0,0,0,0,0,0,0.00,0.00,0.00,0.00,4.0,4.0
119,2021/22,446008,55,52,119,2905,4,7,9,47,0,0,0,4,0,0,6,310,459.8,520.6,967.0,193.7,0,0,0,0,0,0.00,0.00,0.00,0.00,5.5,5.2
119,2022/23,446008,60,57,150,2905,9,9,10,39,0,0,0,5,0,0,19,556,692.6,808.6,895.0,239.5,0,0,0,0,36,9.48,5.53,15.01,41.96,6.0,5.7
119,2023/24,446008,65,68,127,1957,9,7,5,31,0,0,0,2,0,0,12,364,554.2,572.1,576.0,170.1,0,0,0,0,22,9.70,5.67,15.37,28.31,6.5,6.8
119,2024/25,446008,70,83,236,3415,20,9,9,55,0,0,1,3,0,0,29,948,1236.8,1107.5,1060.0,340.8,0,0,0,273,38,12.52,9.24,21.75,55.40,7.0,8.3
431,2023/24,451302,40,39,0,0,0,0,0,0,0,0,0,0,0,0,0,0,0.0,0.0,0.0,0.0,0,0,0,0,0,0.00,0.00,0.00,0.00,4.0,3.9
431,2024/25,451302,45,43,8,360,0,0,1,10,0,0,0,0,0,8,0,22,80.0,0.0,0.0,7.9,0,0,0,0,4,0.00,0.00,0.00,6.93,4.5,4.3
432,2023/24,202641,50,50,133,3420,0,0,9,58,0,0,0,5,0,149,10,741,1167.8,33.2,0.0,120.2,0,0,0,0,38,0.00,0.08,0.08,69.64,5.0,5.0
432,2024/25,202641,50,49,120,3060,0,0,9,44,0,1,0,0,0,90,8,443,733.0,13.0,0.0,74.7,0,0,0,0,34,0.00,0.20,0.20,47.79,5.0,4.9
433,2024/25,588555,40,40,0,0,0,0,0,0,0,0,0,0,0,0,0,0,0.0,0.0,0.0,0.0,0,0,0,0,0,0.00,0.00,0.00,0.00,4.0,4.0
434,2006/07,21205,48,48,0,0,0,0,0,0,0,0,0,0,0,0,0,0,0.0,0.0,0.0,0.0,0,0,0,0,0,0.00,0.00,0.00,0.00,4.8,4.8
434,2007/08,21205,40,40,0,0,0,0,0,0,0,0,0,0,0,0,0,0,0.0,0.0,0.0,0.0,0,0,0,0,0,0.00,0.00,0.00,0.00,4.0,4.0
434,2014/15,21205,45,47,150,3420,0,0,10,53,0,2,0,1,0,127,11,615,0.0,0.0,0.0,0.0,0,0,0,0,0,0.00,0.00,0.00,0.00,4.5,4.7
434,2016/17,21205,45,51,149,3150,0,0,10,48,0,1,0,1,0,142,21,741,1001.6,30.3,0.0,103.2,0,0,0,0,0,0.00,0.00,0.00,0.00,4.5,5.1
434,2017/18,21205,50,47,8,305,0,0,0,4,0,0,0,0,0,8,0,48,53.4,0.0,0.0,5.3,0,0,0,0,0,0.00,0.00,0.00,0.00,5.0,4.7
434,2018/19,21205,50,48,58,1710,0,0,4,27,0,0,0,3,0,63,4,323,442.8,20.1,4.0,46.6,0,0,0,0,0,0.00,0.00,0.00,0.00,5.0,4.8
434,2019/20,21205,45,43,59,1794,0,0,4,35,1,0,0,0,0,67,3,346,507.4,0.3,0.0,50.7,0,0,0,0,0,0.00,0.00,0.00,0.00,4.5,4.3
434,2020/21,21205,45,45,0,0,0,0,0,0,0,0,0,0,0,0,0,0,0.0,0.0,0.0,0.0,0,0,0,0,0,0.00,0.00,0.00,0.00,4.5,4.5
434,2021/22,21205,40,39,0,0,0,0,0,0,0,0,0,0,0,0,0,0,0.0,0.0,0.0,0.0,0,0,0,0,0,0.00,0.00,0.00,0.00,4.0,3.9
434,2022/23,21205,40,38,0,0,0,0,0,0,0,0,0,0,0,0,0,0,0.0,0.0,0.0,0.0,0,0,0,0,0,0.00,0.00,0.00,0.00,4.0,3.8
434,2023/24,21205,40,39,0,0,0,0,0,0,0,0,0,0,0,0,0,0,0.0,0.0,0.0,0.0,0,0,0,0,0,0.00,0.00,0.00,0.00,4.0,3.9
434,2024/25,21205,40,39,0,0,0,0,0,0,0,0,0,0,0,0,0,0,0.0,0.0,0.0,0.0,0,0,0,0,0,0.00,0.00,0.00,0.00,4.0,3.9
435,2023/24,461537,40,40,0,0,0,0,0,0,0,0,0,0,0,0,0,0,0.0,0.0,0.0,0.0,0,0,0,0,0,0.00,0.00,0.00,0.00,4.0,4.0
435,2024/25,461537,40,40,0,0,0,0,0,0,0,0,0,0,0,0,0,0,0.0,0.0,0.0,0.0,0,0,0,0,0,0.00,0.00,0.00,0.00,4.0,4.0
436,2024/25,209365,50,48,68,2119,2,0,4,36,0,0,0,3,0,0,3,312,518.4,88.7,303.0,91.5,0,0,0,175,25,2.48,0.25,2.73,38.53,5.0,4.8
437,2022/23,221820,45,44,81,2113,1,0,9,33,0,0,0,6,0,0,6,481,571.8,110.4,82.0,76.7,0,0,0,0,24,0.46,1.02,1.48,32.52,4.5,4.4
437,2023/24,221820,50,47,15,643,0,1,1,12,1,0,0,3,0,0,0,134,144.4,45.7,4.0,19.4,0,0,0,0,8,0.00,0.08,0.08,11.65,5.0,4.7
437,2024/25,221820,45,43,68,1751,2,1,6,27,0,0,0,7,0,0,5,293,426.6,153.9,158.0,73.8,0,0,0,134,20,1.33,1.21,2.54,30.17,4.5,4.3
438,2024/25,230001,45,42,88,2836,0,1,7,43,0,0,0,3,0,0,5,410,619.4,332.7,123.0,107.5,0,0,0,241,34,0.69,1.87,2.56,46.26,4.5,4.2
440,2018/19,216051,55,53,27,1009,0,2,1,18,0,0,0,3,0,0,0,171,184.4,259.0,94.0,53.7,0,0,0,0,0,0.00,0.00,0.00,0.00,5.5,5.3
440,2019/20,216051,50,49,4,65,0,0,0,1,0,0,0,0,0,0,0,10,10.4,4.3,6.0,1.9,0,0,0,0,0,0.00,0.00,0.00,0.00,5.0,4.9
440,2020/21,216051,50,48,0,0,0,0,0,0,0,0,0,0,0,0,0,0,0.0,0.0,0.0,0.0,0,0,0,0,0,0.00,0.00,0.00,0.00,5.0,4.8
440,2021/22,216051,45,42,54,1797,0,0,5,29,0,0,0,4,0,0,5,382,411.0,286.1,126.0,82.2,0,0,0,0,0,0.00,0.00,0.00,0.00,4.5,4.2
440,2022/23,216051,45,48,102,2152,1,2,10,34,0,0,0,6,0,0,19,502,483.8,421.4,283.0,118.8,0,0,0,0,24,2.49,1.53,4.02,34.27,4.5,4.8
440,2023/24,216051,50,52,111,3174,2,3,8,55,0,0,0,4,1,0,13,662,738.6,590.8,212.0,154.4,0,0,0,0,35,1.67,2.38,4.05,64.76,5.0,5.2
440,2024/25,216051,50,50,95,2812,0,4,8,45,0,0,0,5,0,0,9,352,493.2,434.2,264.0,118.6,0,0,0,178,31,1.96,2.35,4.31,46.95,5.0,5.0
441,2024/25,596777,45,45,18,840,0,0,2,12,0,0,0,3,1,0,1,108,106.4,175.3,112.0,39.4,0,0,0,54,10,0.43,1.27,1.70,10.26,4.5,4.5
442,2014/15,95658,45,41,1,94,0,0,0,3,0,0,0,1,0,0,0,20,0.0,0.0,0.0,0.0,0,0,0,0,0,0.00,0.00,0.00,0.00,4.5,4.1
442,2016/17,95658,45,44,71,2307,2,3,4,53,0,0,0,5,0,0,5,483,707.6,157.2,439.0,130.6,0,0,0,0,0,0.00,0.00,0.00,0.00,4.5,4.4
442,2017/18,95658,50,55,117,3420,2,4,9,60,0,0,0,7,0,0,10,716,955.8,254.3,478.0,168.8,0,0,0,0,0,0.00,0.00,0.00,0.00,5.0,5.5
442,2018/19,95658,55,54,92,2596,3,1,6,41,0,0,0,6,1,0,10,533,715.8,165.3,462.0,134.3,0,0,0,0,0,0.00,0.00,0.00,0.00,5.5,5.4
442,2019/20,95658,55,53,123,3420,1,0,13,36,0,0,0,6,0,0,5,681,772.0,214.6,371.0,136.2,0,0,0,0,0,0.00,0.00,0.00,0.00,5.5,5.3
442,2020/21,95658,55,55,124,3047,2,2,13,36,0,0,0,11,0,0,8,632,701.4,133.6,428.0,126.3,0,0,0,0,0,0.00,0.00,0.00,0.00,5.5,5.5
442,2021/22,95658,55,54,69,2513,1,0,7,43,1,0,0,7,1,0,4,451,571.0,77.2,316.0,96.5,0,0,0,0,0,0.00,0.00,0.00,0.00,5.5,5.4
442,2022/23,95658,50,47,39,762,0,0,5,7,0,0,0,4,0,0,2,201,193.0,20.8,55.0,26.9,0,0,0,0,8,0.34,0.04,0.38,10.79,5.0,4.7
442,2023/24,95658,45,43,73,1650,2,4,4,29,0,0,0,3,0,0,6,351,493.4,90.9,192.0,77.7,0,0,0,0,18,1.94,0.97,2.91,36.68,4.5,4.3
442,2024/25,95658,50,49,48,1751,1,0,3,27,0,0,0,7,0,0,3,217,411.4,111.5,237.0,76.1,0,0,0,159,19,1.82,0.25,2.07,26.83,5.0,4.9
443,2012/13,106760,40,40,66,1949,0,0,6,21,0,0,0,2,0,0,2,0,0.0,0.0,0.0,0.0,0,0,0,0,0,0.00,0.00,0.00,0.00,4.0,4.0
443,2013/14,106760,45,51,123,2990,0,2,14,38,0,0,0,4,0,0,10,173,0.0,0.0,0.0,0.0,0,0,0,0,0,0.00,0.00,0.00,0.00,4.5,5.1
443,2014/15,106760,60,57,34,1121,0,0,2,14,0,0,0,1,1,0,4,217,0.0,0.0,0.0,0.0,0,0,0,0,0,0.00,0.00,0.00,0.00,6.0,5.7
443,2015/16,106760,55,53,27,450,0,1,3,3,0,0,0,1,0,0,4,135,0.0,0.0,0.0,0.0,0,0,0,0,0,0.00,0.00,0.00,0.00,5.5,5.3
443,2016/17,106760,55,52,45,688,0,3,4,6,0,0,0,1,0,0,4,202,139.2,160.5,64.0,36.5,0,0,0,0,0,0.00,0.00,0.00,0.00,5.5,5.2
443,2017/18,106760,50,48,48,787,0,0,7,2,0,0,0,2,0,0,4,216,142.6,127.0,144.0,41.5,0,0,0,0,0,0.00,0.00,0.00,0.00,5.0,4.8
443,2018/19,106760,50,51,91,2591,1,5,6,39,0,0,0,11,0,0,11,489,586.2,505.6,287.0,138.1,0,0,0,0,0,0.00,0.00,0.00,0.00,5.0,5.1
443,2019/20,106760,55,54,67,1730,0,0,8,15,0,0,0,7,0,0,2,381,344.2,321.2,187.0,85.1,0,0,0,0,0,0.00,0.00,0.00,0.00,5.5,5.4
443,2020/21,106760,50,55,124,2653,1,5,10,33,1,0,0,8,0,0,22,640,596.0,1085.9,243.0,192.8,0,0,0,0,0,0.00,0.00,0.00,0.00,5.0,5.5
443,2021/22,106760,55,50,46,1600,0,3,3,24,0,0,0,8,0,0,3,276,292.0,586.1,54.0,93.3,0,0,0,0,0,0.00,0.00,0.00,0.00,5.5,5.0
443,2022/23,106760,50,53,124,2552,1,4,12,35,0,0,0,8,0,0,20,626,572.8,547.7,118.0,124.2,0,0,0,0,30,1.09,2.90,3.99,37.85,5.0,5.3
443,2023/24,106760,55,52,31,960,0,1,4,13,0,0,0,6,0,0,0,195,197.2,199.3,29.0,42.6,0,0,0,0,12,0.05,0.89,0.94,20.17,5.5,5.2
443,2024/25,106760,50,49,5,346,0,0,0,5,1,0,0,1,0,0,0,38,48.2,68.2,11.0,12.7,0,0,0,14,4,0.03,0.77,0.80,3.81,5.0,4.9
444,2024/25,550864,45,43,22,1160,0,0,1,24,0,0,0,5,0,0,0,90,207.4,55.8,54.0,31.8,0,0,0,93,12,0.70,0.15,0.85,19.35,4.5,4.3
445,2023/24,577974,40,40,0,0,0,0,0,0,0,0,0,0,0,0,0,0,0.0,0.0,0.0,0.0,0,0,0,0,0,0.00,0.00,0.00,0.00,4.0,4.0
445,2024/25,577974,40,40,4,345,0,0,0,9,0,0,0,0,0,0,0,1,40.0,26.5,15.0,8.2,0,0,0,18,4,0.07,0.07,0.14,6.30,4.0,4.0
446,2024/25,547676,40,40,2,166,0,0,0,5,0,0,0,0,0,0,0,16,37.4,4.9,2.0,4.4,0,0,0,17,2,0.00,0.02,0.02,2.94,4.0,4.0
447,2024/25,606745,40,40,10,169,0,0,1,1,0,0,0,1,0,0,2,47,43.4,12.9,8.0,6.4,0,0,0,18,2,0.12,0.01,0.13,1.69,4.0,4.0
448,2022/23,222690,45,42,62,1391,0,0,7,14,0,0,0,6,0,0,8,287,223.6,148.8,79.0,45.3,0,0,0,0,14,0.23,0.71,0.94,19.21,4.5,4.2
448,2023/24,222690,45,43,0,0,0,0,0,0,0,0,0,0,0,0,0,0,0.0,0.0,0.0,0.0,0,0,0,0,0,0.00,0.00,0.00,0.00,4.5,4.3
448,2024/25,222690,45,44,2,99,0,0,0,1,0,0,0,1,0,0,0,2,5.2,13.9,0.0,1.7,0,0,0,4,2,0.00,0.02,0.02,0.78,4.5,4.4
449,2019/20,141746,80,90,117,1187,8,8,9,6,0,0,0,2,0,0,18,366,551.8,479.3,361.0,139.2,0,0,0,0,0,0.00,0.00,0.00,0.00,8.0,9.0
449,2020/21,141746,105,113,244,3101,18,14,13,36,0,0,1,6,0,0,36,870,1292.6,1414.9,1253.0,396.2,0,0,0,0,0,0.00,0.00,0.00,0.00,10.5,11.3
449,2021/22,141746,120,116,151,3110,10,7,8,54,0,0,2,10,0,0,15,626,906.6,1291.9,910.0,311.2,0,0,0,0,0,0.00,0.00,0.00,0.00,12.0,11.6
449,2022/23,141746,100,95,176,3317,8,9,18,39,0,0,0,6,0,0,23,748,1004.2,1603.7,982.0,359.3,0,0,0,0,37,9.33,10.70,20.03,49.13,10.0,9.5
449,2023/24,141746,85,85,166,3118,10,9,7,52,0,0,1,9,0,0,24,729,1101.6,1663.0,748.0,351.3,0,0,0,0,35,9.73,10.23,19.96,63.99,8.5,8.5
449,2024/25,141746,85,84,174,3017,8,12,10,47,0,0,0,3,2,0,28,810,1017.8,1407.7,587.0,300.8,0,0,0,359,35,9.93,7.89,17.82,45.85,8.5,8.4
450,2022/23,430871,55,53,39,961,2,0,5,12,0,0,0,1,0,0,6,122,143.0,95.1,217.0,45.1,0,0,0,0,12,1.72,0.17,1.89,16.76,5.5,5.3
450,2023/24,430871,55,55,135,2438,12,7,6,46,0,0,0,9,0,0,15,520,786.0,409.8,872.0,206.4,0,0,0,0,29,9.49,2.97,12.46,48.51,5.5,5.5
450,2024/25,430871,65,70,178,2596,15,7,7,54,0,0,0,4,0,0,41,838,936.2,847.8,940.0,272.2,0,0,0,200,29,8.73,5.29,14.02,44.53,6.5,7.0
451,2015/16,176297,45,47,55,855,5,2,6,7,0,0,0,0,0,0,8,184,0.0,0.0,0.0,0.0,0,0,0,0,0,0.00,0.00,0.00,0.00,4.5,4.7
451,2016/17,176297,70,64,76,1712,5,3,7,15,0,0,0,3,0,0,2,287,316.2,411.4,734.0,145.5,0,0,0,0,0,0.00,0.00,0.00,0.00,7.0,6.4
451,2017/18,176297,75,73,104,1799,7,5,10,16,0,0,0,3,0,0,11,387,470.8,412.1,838.0,171.7,0,0,0,0,0,0.00,0.00,0.00,0.00,7.5,7.3
451,2018/19,176297,70,73,128,2331,10,7,6,35,0,0,0,3,1,0,14,425,650.0,542.3,1064.0,224.6,0,0,0,0,0,0.00,0.00,0.00,0.00,7.0,7.3
451,2019/20,176297,85,89,177,2645,17,8,9,29,0,0,2,3,0,0,31,665,887.0,563.7,1265.0,271.7,0,0,0,0,0,0.00,0.00,0.00,0.00,8.5,8.9
451,2020/21,176297,95,96,174,2917,11,11,12,39,0,0,0,4,0,0,9,535,793.2,682.1,1127.0,260.3,0,0,0,0,0,0.00,0.00,0.00,0.00,9.5,9.6
451,2021/22,176297,95,94,63,1224,4,2,2,28,0,0,0,2,0,0,0,171,233.8,155.4,406.0,79.4,0,0,0,0,0,0.00,0.00,0.00,0.00,9.5,9.4
451,2022/23,176297,65,72,205,2880,17,7,13,39,0,0,0,2,0,0,21,530,892.2,462.5,1466.0,282.2,0,0,0,0,32,15.27,2.86,18.13,43.46,6.5,7.2
451,2023/24,176297,90,84,108,2264,7,3,7,37,0,0,0,2,0,0,0,330,453.2,358.6,672.0,148.3,0,0,0,0,26,7.13,2.80,9.93,48.29,9.0,8.4
451,2024/25,176297,70,66,95,1414,6,4,7,15,0,0,0,2,0,0,9,333,398.4,451.1,369.0,122.1,0,0,0,69,16,4.67,3.43,8.10,21.68,7.0,6.6
452,2020/21,493250,55,54,8,165,0,1,0,3,0,0,0,0,0,0,0,34,38.0,31.2,9.0,7.8,0,0,0,0,0,0.00,0.00,0.00,0.00,5.5,5.4
452,2021/22,493250,50,50,0,0,0,0,0,0,0,0,0,0,0,0,0,0,0.0,0.0,0.0,0.0,0,0,0,0,0,0.00,0.00,0.00,0.00,5.0,5.0
452,2022/23,493250,45,44,0,0,0,0,0,0,0,0,0,0,0,0,0,0,0.0,0.0,0.0,0.0,0,0,0,0,0,0.00,0.00,0.00,0.00,4.5,4.4
452,2023/24,493250,45,44,23,385,1,1,1,6,0,0,0,1,0,0,3,68,117.0,123.8,114.0,35.2,0,0,0,0,3,0.53,0.47,1.00,7.66,4.5,4.4
452,2024/25,493250,50,53,129,1898,8,8,7,30,0,0,0,5,0,0,17,569,634.0,687.2,615.0,193.8,0,0,0,176,20,4.71,3.98,8.69,31.71,5.0,5.3
454,2022/23,467169,75,73,82,1803,4,2,12,21,0,0,0,5,0,0,4,262,322.0,421.0,633.0,137.1,0,0,0,0,23,6.65,2.42,9.07,25.37,7.5,7.3
454,2023/24,467169,70,68,47,1311,1,1,3,26,0,0,0,5,0,0,0,184,247.8,327.7,347.0,91.8,0,0,0,0,15,3.38,1.83,5.21,25.18,7.0,6.8
454,2024/25,467169,60,57,8,135,0,0,0,2,0,0,0,0,0,0,0,37,35.0,50.7,74.0,15.8,0,0,0,19,0,0.60,0.21,0.81,2.05,6.0,5.7
455,2019/20,184341,60,60,137,2865,7,6,9,44,0,0,0,3,0,0,11,510,641.2,814.0,974.0,242.8,0,0,0,0,0,0.00,0.00,0.00,0.00,6.0,6.0
455,2020/21,184341,70,73,147,2887,6,7,14,32,0,0,0,2,0,0,16,599,770.4,1336.9,954.0,306.3,0,0,0,0,0,0.00,0.00,0.00,0.00,7.0,7.3
455,2021/22,184341,75,77,169,2358,11,11,11,25,0,0,0,4,0,0,16,597,823.8,944.9,995.0,276.3,0,0,0,0,0,0.00,0.00,0.00,0.00,7.5,7.7
455,2022/23,184341,80,72,82,1644,3,4,8,21,0,0,0,4,0,0,8,277,331.4,463.1,376.0,117.2,0,0,0,0,20,1.97,2.81,4.78,23.53,8.0,7.2
455,2023/24,184341,70,68,23,509,1,0,1,13,0,0,0,2,0,0,0,93,105.8,107.6,64.0,27.9,0,0,0,0,5,0.37,0.37,0.74,9.95,7.0,6.8
455,2024/25,184341,65,63,25,613,1,0,3,11,0,0,0,3,0,0,0,74,104.0,140.0,218.0,45.6,0,0,0,42,8,3.37,0.57,3.94,8.24,6.5,6.3
457,2022/23,61256,50,49,87,2122,4,3,10,22,0,0,0,7,2,0,10,389,644.0,418.8,299.0,136.3,0,0,0,0,24,3.49,3.82,7.31,29.30,5.0,4.9
457,2023/24,61256,55,53,58,1981,1,3,5,34,0,0,0,7,0,0,0,323,628.4,247.9,323.0,119.9,0,0,0,0,24,3.64,1.20,4.84,40.58,5.5,5.3
457,2024/25,61256,50,46,48,1489,1,0,6,20,0,0,0,5,0,0,3,300,433.2,348.2,265.0,104.8,0,0,0,258,18,1.80,1.99,3.79,24.00,5.0,4.6
458,2022/23,516895,45,45,1,10,0,0,0,0,0,0,0,0,0,0,0,2,5.8,0.8,6.0,1.3,0,0,0,0,0,0.00,0.07,0.07,0.25,4.5,4.5
458,2023/24,516895,45,44,77,1927,3,1,7,31,0,0,0,3,0,0,8,327,413.4,256.7,134.0,80.6,0,0,0,0,24,0.87,1.35,2.22,42.97,4.5,4.4
458,2024/25,516895,55,52,42,1646,0,0,5,27,0,0,0,5,0,0,0,229,196.6,250.8,137.0,58.8,0,0,0,167,19,0.84,1.78,2.62,25.23,5.5,5.2
459,2024/25,232112,50,49,49,1777,1,2,4,33,1,0,0,11,0,0,1,318,313.6,195.9,113.0,62.1,0,0,0,245,22,1.00,0.67,1.67,29.54,5.0,4.9
460,2023/24,490881,45,45,0,0,0,0,0,0,0,0,0,0,0,0,0,0,0.0,0.0,0.0,0.0,0,0,0,0,0,0.00,0.00,0.00,0.00,4.5,4.5
460,2024/25,490881,45,45,6,174,0,0,0,2,0,0,0,0,0,0,0,40,40.4,29.9,8.0,7.9,0,0,0,35,0,0.08,0.37,0.45,3.09,4.5,4.5
461,2024/25,556639,45,45,0,0,0,0,0,0,0,0,0,0,0,0,0,0,0.0,0.0,0.0,0.0,0,0,0,0,0,0.00,0.00,0.00,0.00,4.5,4.5
462,2024/25,547037,45,45,0,0,0,0,0,0,0,0,0,0,0,0,0,0,0.0,0.0,0.0,0.0,0,0,0,0,0,0.00,0.00,0.00,0.00,4.5,4.5
463,2024/25,618873,45,45,0,0,0,0,0,0,0,0,0,0,0,0,0,0,0.0,0.0,0.0,0.0,0,0,0,0,0,0.00,0.00,0.00,0.00,4.5,4.5
464,2024/25,559684,45,45,0,0,0,0,0,0,0,0,0,0,0,0,0,0,0.0,0.0,0.0,0.0,0,0,0,0,0,0.00,0.00,0.00,0.00,4.5,4.5
465,2023/24,497894,70,71,112,2156,10,2,6,35,0,0,0,2,0,0,14,362,480.6,345.8,648.0,147.0,0,0,0,0,25,6.97,0.96,7.93,40.64,7.0,7.1
465,2024/25,497894,70,69,78,1998,4,1,6,31,0,0,0,2,0,0,8,246,187.0,254.7,432.0,86.3,0,0,0,46,23,5.10,1.14,6.24,30.44,7.0,6.9
466,2024/25,458249,70,65,64,1385,3,2,3,24,0,0,0,2,0,0,6,216,222.6,212.0,351.0,78.0,0,0,0,89,14,4.64,1.04,5.68,24.84,7.0,6.5
467,2024/25,596047,45,45,7,160,0,0,0,5,0,0,0,1,0,0,0,21,8.2,5.1,46.0,5.4,0,0,0,12,1,0.66,0.03,0.69,3.70,4.5,4.5
468,2023/24,575034,45,45,3,13,0,0,0,0,0,0,0,0,0,0,0,6,2.0,0.0,0.0,0.2,0,0,0,0,0,0.00,0.00,0.00,0.32,4.5,4.5
468,2024/25,575034,45,45,0,0,0,0,0,0,0,0,0,0,0,0,0,0,0.0,0.0,0.0,0.0,0,0,0,0,0,0.00,0.00,0.00,0.00,4.5,4.5
788,2024/25,576637,40,40,0,0,0,0,0,0,0,0,0,0,0,0,0,0,0.0,0.0,0.0,0.0,0,0,0,0,0,0.00,0.00,0.00,0.00,4.0,4.0
52,2020/21,232653,45,45,28,611,0,0,2,10,0,0,0,0,0,0,0,75,72.8,91.7,126.0,28.9,0,0,0,0,0,0.00,0.00,0.00,0.00,4.5,4.5
52,2021/22,232653,45,47,109,2465,6,1,12,35,0,0,0,6,0,0,9,402,538.2,334.0,432.0,130.7,0,0,0,0,0,0.00,0.00,0.00,0.00,4.5,4.7
52,2022/23,232653,55,51,135,2634,6,8,11,33,1,0,0,5,0,0,13,470,653.4,537.8,456.0,164.7,0,0,0,0,31,5.07,2.89,7.96,40.50,5.5,5.1
52,2023/24,232653,60,59,29,848,1,1,0,12,0,0,0,2,0,0,0,101,124.0,159.3,182.0,46.7,0,0,0,0,8,2.09,1.38,3.47,12.85,6.0,5.9
52,2024/25,232653,55,54,66,1616,1,4,5,26,0,0,0,2,1,0,3,265,235.4,307.9,245.0,78.7,0,0,0,133,19,1.59,2.18,3.77,23.99,5.5,5.4
135,2021/22,216646,60,57,92,1268,7,2,3,22,0,0,0,0,0,0,6,277,348.0,133.1,402.0,87.6,0,0,0,0,0,0.00,0.00,0.00,0.00,6.0,5.7
135,2022/23,216646,55,53,111,1587,7,4,7,17,0,0,0,3,0,0,6,292,366.2,185.3,424.0,96.8,0,0,0,0,16,5.65,1.08,6.73,21.64,5.5,5.3
135,2023/24,216646,60,57,131,2488,12,4,11,40,0,0,0,7,0,0,15,457,592.8,384.0,769.0,173.2,0,0,0,0,29,10.54,1.82,12.36,37.55,6.0,5.7
135,2024/25,216646,60,69,185,2921,18,6,9,45,0,0,0,5,0,0,32,739,849.4,400.0,1181.0,242.4,0,0,0,138,34,18.58,2.20,20.77,45.12,6.0,6.9
469,2016/17,98747,40,39,0,0,0,0,0,0,0,0,0,0,0,0,0,0,0.0,0.0,0.0,0.0,0,0,0,0,0,0.00,0.00,0.00,0.00,4.0,3.9
469,2017/18,98747,45,50,152,3114,0,0,11,35,0,1,0,3,0,113,19,701,862.4,40.0,0.0,90.1,0,0,0,0,0,0.00,0.00,0.00,0.00,4.5,5.0
469,2018/19,98747,50,48,0,0,0,0,0,0,0,0,0,0,0,0,0,0,0.0,0.0,0.0,0.0,0,0,0,0,0,0.00,0.00,0.00,0.00,5.0,4.8
469,2019/20,98747,45,52,170,3420,0,0,15,50,0,1,0,1,0,120,23,789,900.0,30.3,2.0,93.1,0,0,0,0,0,0.00,0.00,0.00,0.00,4.5,5.2
469,2020/21,98747,55,55,144,2880,0,0,11,37,0,0,0,1,0,114,20,652,846.6,20.0,2.0,86.8,0,0,0,0,0,0.00,0.00,0.00,0.00,5.5,5.5
469,2021/22,98747,55,53,130,3240,0,0,9,47,0,0,0,1,0,120,12,683,902.8,20.0,0.0,92.4,0,0,0,0,0,0.00,0.00,0.00,0.00,5.5,5.3
469,2022/23,98747,50,54,157,3261,0,0,14,32,0,2,0,3,1,87,14,678,709.6,20.0,0.0,72.9,0,0,0,0,37,0.00,0.01,0.01,39.44,5.0,5.4
469,2023/24,98747,55,53,57,1345,0,0,6,16,0,0,0,1,0,43,1,279,323.0,0.0,4.0,32.7,0,0,0,0,15,0.02,0.00,0.02,15.92,5.5,5.3
469,2024/25,98747,50,50,102,2520,0,0,8,35,0,1,0,2,0,88,2,384,666.0,10.0,0.0,67.4,0,0,0,0,28,0.00,0.00,0.00,34.94,5.0,5.0
471,2020/21,81441,45,43,0,0,0,0,0,0,0,0,0,0,0,0,0,0,0.0,0.0,0.0,0.0,0,0,0,0,0,0.00,0.00,0.00,0.00,4.5,4.3
471,2021/22,81441,40,39,0,0,0,0,0,0,0,0,0,0,0,0,0,0,0.0,0.0,0.0,0.0,0,0,0,0,0,0.00,0.00,0.00,0.00,4.0,3.9
471,2022/23,81441,40,40,0,0,0,0,0,0,0,0,0,0,0,0,0,0,0.0,0.0,0.0,0.0,0,0,0,0,0,0.00,0.00,0.00,0.00,4.0,4.0
471,2023/24,81441,40,39,0,0,0,0,0,0,0,0,0,0,0,0,0,0,0.0,0.0,0.0,0.0,0,0,0,0,0,0.00,0.00,0.00,0.00,4.0,3.9
472,2023/24,111452,45,45,12,450,0,0,1,12,0,0,0,0,0,10,0,79,101.8,10.0,0.0,11.2,0,0,0,0,5,0.00,0.01,0.01,7.48,4.5,4.5
472,2024/25,111452,45,42,0,0,0,0,0,0,0,0,0,0,0,0,0,0,0.0,0.0,0.0,0.0,0,0,0,0,0,0.00,0.00,0.00,0.00,4.5,4.2
473,2021/22,487838,45,45,0,0,0,0,0,0,0,0,0,0,0,0,0,0,0.0,0.0,0.0,0.0,0,0,0,0,0,0.00,0.00,0.00,0.00,4.5,4.5
473,2022/23,487838,45,43,19,653,0,0,1,11,0,0,0,1,0,0,3,118,134.4,225.8,127.0,48.8,0,0,0,0,8,0.83,1.46,2.29,13.29,4.5,4.3
473,2023/24,487838,45,42,38,773,1,0,2,12,0,0,0,2,0,0,3,171,194.8,69.1,85.0,34.9,0,0,0,0,8,0.35,0.72,1.07,13.10,4.5,4.2
473,2024/25,487838,45,47,102,2188,0,7,8,31,0,0,0,3,0,0,11,443,561.6,561.2,128.0,125.3,0,0,0,145,24,0.43,3.73,4.16,29.73,4.5,4.7
474,2018/19,119471,50,45,93,2000,4,1,7,23,0,0,0,12,0,0,9,403,669.4,148.6,220.0,103.8,0,0,0,0,0,0.00,0.00,0.00,0.00,5.0,4.5
474,2019/20,119471,50,50,55,1669,2,1,4,38,0,0,0,5,0,0,2,297,440.6,58.3,179.0,67.8,0,0,0,0,0,0.00,0.00,0.00,0.00,5.0,5.0
474,2020/21,119471,50,48,30,1255,1,0,2,21,0,0,0,4,1,0,1,160,251.0,9.0,116.0,37.6,0,0,0,0,0,0.00,0.00,0.00,0.00,5.0,4.8
474,2021/22,119471,45,41,88,2158,2,2,6,32,0,0,0,4,0,0,10,383,465.2,115.9,234.0,81.7,0,0,0,0,0,0.00,0.00,0.00,0.00,4.5,4.1
474,2022/23,119471,45,51,139,3207,1,3,15,28,1,0,0,7,0,0,6,617,680.8,264.7,523.0,147.1,0,0,0,0,36,4.63,2.05,6.68,36.65,4.5,5.1
474,2023/24,119471,50,56,123,3055,4,3,9,58,0,0,0,5,0,0,12,629,826.6,166.7,278.0,127.4,0,0,0,0,35,2.47,1.41,3.87,58.64,5.0,5.6
474,2024/25,119471,55,55,118,2935,4,2,11,42,0,0,0,9,1,0,4,440,743.2,111.5,346.0,119.6,0,0,0,239,33,3.94,1.01,4.95,37.26,5.5,5.5
475,2022/23,220237,45,45,129,3127,0,2,13,30,0,0,0,2,0,0,8,666,583.0,120.3,303.0,101.0,0,0,0,0,35,2.75,1.09,3.84,38.00,4.5,4.5
475,2023/24,220237,45,45,51,1375,2,2,3,29,1,0,0,2,0,0,4,298,386.8,62.9,104.0,55.5,0,0,0,0,15,0.62,0.54,1.16,31.58,4.5,4.5
475,2024/25,220237,45,44,18,412,0,0,2,4,0,0,0,1,0,0,0,95,110.4,28.4,96.0,23.6,0,0,0,46,6,0.59,0.22,0.81,5.07,4.5,4.4
476,2013/14,78916,40,40,8,607,0,0,0,18,0,0,0,0,0,0,0,25,0.0,0.0,0.0,0.0,0,0,0,0,0,0.00,0.00,0.00,0.00,4.0,4.0
476,2018/19,78916,45,45,0,0,0,0,0,0,0,0,0,0,0,0,0,0,0.0,0.0,0.0,0.0,0,0,0,0,0,0.00,0.00,0.00,0.00,4.5,4.5
476,2019/20,78916,45,45,86,2879,0,0,9,42,0,0,0,5,0,0,3,480,602.8,311.9,128.0,104.2,0,0,0,0,0,0.00,0.00,0.00,0.00,4.5,4.5
476,2020/21,78916,45,42,64,2057,1,0,6,28,1,0,0,5,0,0,1,330,389.0,183.1,214.0,78.2,0,0,0,0,0,0.00,0.00,0.00,0.00,4.5,4.2
476,2021/22,78916,45,44,92,2461,1,1,9,30,0,0,0,8,0,0,6,454,594.0,83.8,264.0,94.0,0,0,0,0,0,0.00,0.00,0.00,0.00,4.5,4.4
476,2022/23,78916,45,45,129,3109,1,0,14,30,0,0,0,5,0,0,6,584,555.0,230.4,265.0,105.3,0,0,0,0,35,2.12,1.28,3.40,36.33,4.5,4.5
476,2023/24,78916,45,47,97,2725,2,2,8,45,0,0,0,4,0,0,4,493,656.4,153.8,286.0,109.7,0,0,0,0,32,3.35,1.12,4.47,46.22,4.5,4.7
476,2024/25,78916,45,46,115,3330,1,1,13,45,2,0,0,11,0,0,9,476,736.6,123.6,297.0,115.8,0,0,0,286,37,1.97,1.09,3.06,45.22,4.5,4.6
477,2020/21,441191,40,40,0,0,0,0,0,0,0,0,0,0,0,0,0,0,0.0,0.0,0.0,0.0,0,0,0,0,0,0.00,0.00,0.00,0.00,4.0,4.0
477,2021/22,441191,40,42,80,2200,1,2,7,42,0,0,0,2,0,0,7,440,437.2,327.4,221.0,98.8,0,0,0,0,0,0.00,0.00,0.00,0.00,4.0,4.2
477,2022/23,441191,45,44,2,26,0,0,0,0,0,0,0,0,0,0,0,13,14.2,0.3,0.0,1.5,0,0,0,0,0,0.00,0.00,0.00,1.41,4.5,4.4
477,2023/24,441191,45,40,45,1302,1,0,2,27,0,0,0,1,0,0,4,253,292.0,193.9,96.0,58.4,0,0,0,0,12,0.38,0.83,1.21,28.63,4.5,4.0
477,2024/25,441191,45,46,105,2835,0,1,10,40,0,0,0,1,0,0,6,476,567.4,406.2,127.0,110.1,0,0,0,182,32,0.33,2.70,3.03,37.83,4.5,4.6
478,2014/15,77794,50,48,118,3415,0,4,10,53,1,0,0,2,0,0,11,693,0.0,0.0,0.0,0.0,0,0,0,0,0,0.00,0.00,0.00,0.00,5.0,4.8
478,2015/16,77794,55,49,26,459,1,1,1,4,0,0,0,1,0,0,3,119,0.0,0.0,0.0,0.0,0,0,0,0,0,0.00,0.00,0.00,0.00,5.5,4.9
478,2016/17,77794,50,47,51,568,0,5,3,3,0,0,0,1,0,0,7,202,183.8,185.6,35.0,40.6,0,0,0,0,0,0.00,0.00,0.00,0.00,5.0,4.7
478,2017/18,77794,55,52,113,1912,0,7,9,21,0,0,0,1,0,0,18,539,459.0,617.5,78.0,115.6,0,0,0,0,0,0.00,0.00,0.00,0.00,5.5,5.2
478,2018/19,77794,60,60,118,2275,1,5,10,23,1,0,0,2,0,0,16,573,601.6,827.0,121.0,155.0,0,0,0,0,0,0.00,0.00,0.00,0.00,6.0,6.0
478,2019/20,77794,55,55,0,0,0,0,0,0,0,0,0,0,0,0,0,0,0.0,0.0,0.0,0.0,0,0,0,0,0,0.00,0.00,0.00,0.00,5.5,5.5
478,2021/22,77794,50,49,28,429,2,0,1,5,0,0,0,0,0,0,3,101,164.8,128.3,14.0,30.8,0,0,0,0,0,0.00,0.00,0.00,0.00,5.0,4.9
478,2022/23,77794,50,60,198,3342,1,9,16,31,1,0,0,5,0,0,39,941,908.2,1824.0,123.0,285.8,0,0,0,0,38,0.85,12.03,12.88,38.41,5.0,6.0
478,2023/24,77794,65,66,111,2235,1,10,6,43,0,0,0,5,0,0,20,589,719.0,1028.5,102.0,185.2,0,0,0,0,26,0.65,6.97,7.62,40.26,6.5,6.6
478,2024/25,77794,60,56,72,1299,0,3,6,18,0,0,0,1,0,0,8,287,319.4,406.8,33.0,76.1,0,0,0,95,14,0.12,1.44,1.56,17.05,6.0,5.6
479,2019/20,111773,45,43,37,1015,0,1,3,23,0,0,0,0,0,0,2,187,184.4,28.8,39.0,25.2,0,0,0,0,0,0.00,0.00,0.00,0.00,4.5,4.3
479,2020/21,111773,45,42,45,1286,1,1,5,27,0,0,0,4,0,0,0,222,240.4,87.7,88.0,41.6,0,0,0,0,0,0.00,0.00,0.00,0.00,4.5,4.2
479,2021/22,111773,45,43,58,1636,0,1,6,20,0,0,0,5,0,0,3,262,270.4,102.7,54.0,42.9,0,0,0,0,0,0.00,0.00,0.00,0.00,4.5,4.3
479,2022/23,111773,45,43,1,1,0,0,0,0,0,0,0,0,0,0,0,3,0.0,0.0,0.0,0.0,0,0,0,0,0,0.00,0.00,0.00,0.10,4.5,4.3
479,2023/24,111773,45,44,33,909,0,0,3,15,0,0,0,2,0,0,1,187,164.2,145.4,28.0,33.8,0,0,0,0,8,0.20,0.76,0.96,12.94,4.5,4.4
479,2024/25,111773,45,43,17,334,0,0,1,2,0,0,0,2,0,0,0,55,59.2,19.7,13.0,9.3,0,0,0,26,2,0.04,0.04,0.08,6.50,4.5,4.3
480,2015/16,101148,45,42,44,1155,2,0,3,23,0,0,0,0,1,0,2,218,0.0,0.0,0.0,0.0,0,0,0,0,0,0.00,0.00,0.00,0.00,4.5,4.2
480,2017/18,101148,45,49,116,2927,3,0,9,31,0,0,0,5,0,0,9,567,800.0,77.2,234.0,111.5,0,0,0,0,0,0.00,0.00,0.00,0.00,4.5,4.9
480,2018/19,101148,50,47,95,2745,0,1,10,36,0,0,0,4,0,0,8,539,632.4,46.8,113.0,79.6,0,0,0,0,0,0.00,0.00,0.00,0.00,5.0,4.7
480,2019/20,101148,45,42,73,2076,1,0,8,31,0,0,0,5,0,0,3,358,403.0,28.1,125.0,55.7,0,0,0,0,0,0.00,0.00,0.00,0.00,4.5,4.2
480,2020/21,101148,45,42,44,1625,2,0,2,32,0,0,0,4,0,0,3,229,345.2,38.1,161.0,54.7,0,0,0,0,0,0.00,0.00,0.00,0.00,4.5,4.2
480,2021/22,101148,45,44,47,2055,1,1,3,44,2,0,0,5,0,0,2,284,418.4,46.4,280.0,74.2,0,0,0,0,0,0.00,0.00,0.00,0.00,4.5,4.4
480,2022/23,101148,45,43,3,214,0,0,0,5,0,0,0,4,0,0,0,22,42.6,0.9,13.0,5.4,0,0,0,0,2,0.11,0.01,0.12,4.34,4.5,4.3
480,2023/24,101148,40,37,46,1077,1,0,5,15,0,0,0,4,0,0,3,212,233.0,35.4,69.0,33.8,0,0,0,0,13,0.74,0.12,0.86,18.08,4.0,3.7
480,2024/25,101148,45,45,0,0,0,0,0,0,0,0,0,0,0,0,0,0,0.0,0.0,0.0,0.0,0,0,0,0,0,0.00,0.00,0.00,0.00,4.5,4.5
481,2023/24,545477,40,39,2,11,0,0,0,0,0,0,0,0,0,0,0,6,2.6,1.0,0.0,0.3,0,0,0,0,0,0.00,0.00,0.00,0.08,4.0,3.9
481,2024/25,545477,40,40,0,0,0,0,0,0,0,0,0,0,0,0,0,0,0.0,0.0,0.0,0.0,0,0,0,0,0,0.00,0.00,0.00,0.00,4.0,4.0
482,2021/22,441024,40,40,1,6,0,0,0,1,0,0,0,0,0,0,0,4,2.0,1.0,0.0,0.3,0,0,0,0,0,0.00,0.00,0.00,0.00,4.0,4.0
482,2022/23,441024,40,38,0,0,0,0,0,0,0,0,0,0,0,0,0,0,0.0,0.0,0.0,0.0,0,0,0,0,0,0.00,0.00,0.00,0.00,4.0,3.8
482,2023/24,441024,40,40,0,0,0,0,0,0,0,0,0,0,0,0,0,0,0.0,0.0,0.0,0.0,0,0,0,0,0,0.00,0.00,0.00,0.00,4.0,4.0
483,2024/25,578512,40,40,0,0,0,0,0,0,0,0,0,0,0,0,0,0,0.0,0.0,0.0,0.0,0,0,0,0,0,0.00,0.00,0.00,0.00,4.0,4.0
484,2013/14,169359,40,40,0,0,0,0,0,0,0,0,0,0,0,0,0,0,0.0,0.0,0.0,0.0,0,0,0,0,0,0.00,0.00,0.00,0.00,4.0,4.0
484,2014/15,169359,40,39,7,226,0,0,0,3,0,0,0,0,0,0,0,41,0.0,0.0,0.0,0.0,0,0,0,0,0,0.00,0.00,0.00,0.00,4.0,3.9
484,2015/16,169359,40,37,61,1067,0,2,7,10,0,0,0,1,0,0,6,264,0.0,0.0,0.0,0.0,0,0,0,0,0,0.00,0.00,0.00,0.00,4.0,3.7
484,2016/17,169359,45,41,12,373,0,0,1,4,0,0,0,0,0,0,0,80,64.6,87.9,12.0,16.5,0,0,0,0,0,0.00,0.00,0.00,0.00,4.5,4.1
484,2017/18,169359,45,43,2,166,0,0,0,6,0,0,0,0,0,0,0,35,42.2,38.6,0.0,8.1,0,0,0,0,0,0.00,0.00,0.00,0.00,4.5,4.3
484,2018/19,169359,45,42,36,1185,1,3,0,25,0,0,0,2,0,0,3,229,314.2,366.8,181.0,86.2,0,0,0,0,0,0.00,0.00,0.00,0.00,4.5,4.2
484,2019/20,169359,45,43,80,2291,1,3,5,40,0,0,0,4,0,0,10,433,503.8,432.9,130.0,106.9,0,0,0,0,0,0.00,0.00,0.00,0.00,4.5,4.3
484,2020/21,169359,45,50,138,3404,0,4,16,44,0,0,0,7,0,0,9,710,690.4,607.0,122.0,142.2,0,0,0,0,0,0.00,0.00,0.00,0.00,4.5,5.0
484,2021/22,169359,50,47,101,2871,1,2,9,47,1,0,0,3,0,0,7,530,587.4,635.1,184.0,140.7,0,0,0,0,0,0.00,0.00,0.00,0.00,5.0,4.7
484,2022/23,169359,50,47,35,600,0,0,3,6,0,0,0,1,0,0,2,157,112.4,142.4,8.0,26.3,0,0,0,0,6,0.01,0.67,0.68,6.79,5.0,4.7
484,2023/24,169359,45,42,2,77,0,0,0,4,0,0,0,1,0,0,0,15,9.2,11.9,0.0,2.2,0,0,0,0,1,0.00,0.01,0.01,1.77,4.5,4.2
484,2024/25,169359,40,39,2,20,0,0,0,0,0,0,0,0,0,0,0,7,5.0,5.6,0.0,1.0,0,0,0,1,0,0.00,0.07,0.07,0.26,4.0,3.9
485,2019/20,232826,45,45,17,436,0,1,0,6,0,0,0,0,0,0,1,63,76.0,98.4,44.0,21.8,0,0,0,0,0,0.00,0.00,0.00,0.00,4.5,4.5
485,2020/21,232826,45,43,3,87,0,0,0,0,0,0,0,0,0,0,0,11,14.4,12.7,4.0,3.1,0,0,0,0,0,0.00,0.00,0.00,0.00,4.5,4.3
485,2021/22,232826,45,47,100,2277,4,3,7,40,0,0,0,4,0,0,9,325,460.4,523.0,632.0,161.6,0,0,0,0,0,0.00,0.00,0.00,0.00,4.5,4.7
485,2022/23,232826,55,51,68,1574,4,0,4,18,0,0,0,7,0,0,5,186,311.2,226.6,550.0,108.8,0,0,0,0,16,4.73,1.29,6.02,25.18,5.5,5.1
485,2023/24,232826,55,64,183,2896,11,16,12,48,0,0,0,10,1,0,14,594,822.6,843.7,905.0,256.7,0,0,0,0,34,10.03,5.40,15.42,51.73,5.5,6.4
485,2024/25,232826,75,74,124,2428,6,6,10,33,0,0,1,2,0,0,9,476,537.0,777.3,655.0,196.8,0,0,0,143,28,8.19,4.80,12.99,32.62,7.5,7.4
486,2020/21,449434,45,45,11,155,1,0,0,2,0,0,0,0,0,0,2,32,51.6,19.7,29.0,10.0,0,0,0,0,0,0.00,0.00,0.00,0.00,4.5,4.5
486,2021/22,449434,50,48,59,1208,2,3,4,17,0,0,0,0,0,0,2,193,206.2,172.1,303.0,68.2,0,0,0,0,0,0.00,0.00,0.00,0.00,5.0,4.8
486,2022/23,449434,50,46,23,417,0,1,2,2,0,0,0,0,0,0,0,53,52.4,78.8,162.0,28.7,0,0,0,0,5,0.65,0.98,1.63,4.79,5.0,4.6
486,2023/24,449434,50,49,119,2424,5,9,2,47,0,0,0,1,0,0,5,386,536.4,441.6,618.0,159.2,0,0,0,0,25,6.20,4.04,10.24,39.39,5.0,4.9
486,2024/25,449434,55,55,153,2496,6,11,12,35,0,0,0,1,0,0,15,535,627.0,785.4,582.0,199.8,0,0,0,135,31,4.81,5.12,9.93,38.74,5.5,5.5
487,2017/18,201666,45,45,3,8,0,0,0,0,0,0,0,0,0,0,0,8,0.2,1.0,6.0,0.6,0,0,0,0,0,0.00,0.00,0.00,0.00,4.5,4.5
487,2018/19,201666,55,55,43,1001,1,3,1,16,0,0,0,0,0,0,1,139,172.8,242.0,534.0,94.8,0,0,0,0,0,0.00,0.00,0.00,0.00,5.5,5.5
487,2019/20,201666,60,58,133,2075,6,10,9,24,0,0,0,0,0,0,9,394,525.0,517.4,893.0,193.7,0,0,0,0,0,0.00,0.00,0.00,0.00,6.0,5.8
487,2020/21,201666,70,66,126,1944,9,5,7,25,0,0,0,0,0,0,13,348,556.4,359.0,810.0,172.7,0,0,0,0,0,0.00,0.00,0.00,0.00,7.0,6.6
487,2021/22,201666,70,65,137,2095,6,12,8,30,0,0,0,2,0,0,10,377,546.2,425.3,1000.0,196.8,0,0,0,0,0,0.00,0.00,0.00,0.00,7.0,6.5
487,2022/23,201666,70,66,138,2709,13,2,6,51,0,0,0,3,0,0,0,379,612.8,322.9,942.0,187.7,0,0,0,0,32,9.07,2.33,11.40,50.76,7.0,6.6
487,2023/24,201666,65,62,64,788,5,3,2,10,0,0,0,2,0,0,3,205,279.2,181.5,334.0,79.5,0,0,0,0,7,3.78,1.90,5.68,10.48,6.5,6.2
487,2024/25,201666,65,59,130,1746,9,5,6,23,0,0,0,0,0,0,13,442,522.2,407.1,701.0,163.1,0,0,0,90,17,6.45,4.40,10.85,24.32,6.5,5.9
488,2021/22,208706,50,50,67,1031,5,1,4,13,0,0,0,4,0,0,11,245,407.6,190.9,323.0,92.3,0,0,0,0,0,0.00,0.00,0.00,0.00,5.0,5.0
488,2022/23,208706,60,55,107,2727,4,5,12,25,0,0,0,7,0,0,5,438,630.8,646.1,286.0,156.6,0,0,0,0,32,2.82,3.72,6.54,29.82,6.0,5.5
488,2023/24,208706,60,58,153,3264,7,9,10,60,0,0,0,8,0,0,15,691,968.4,948.7,489.0,241.0,0,0,0,0,37,4.91,6.20,11.11,58.64,6.0,5.8
488,2024/25,208706,65,62,135,3273,5,6,13,44,0,0,0,7,0,0,10,661,723.0,796.0,454.0,197.5,0,0,0,350,38,4.34,5.32,9.66,43.41,6.5,6.2
489,2017/18,114243,55,50,51,1137,1,2,2,25,0,0,0,0,0,0,2,171,161.8,159.7,227.0,54.7,0,0,0,0,0,0.00,0.00,0.00,0.00,5.5,5.0
489,2018/19,114243,50,47,16,296,0,1,1,8,0,0,0,0,0,0,0,50,53.6,31.1,22.0,10.7,0,0,0,0,0,0.00,0.00,0.00,0.00,5.0,4.7
489,2019/20,114243,50,47,0,0,0,0,0,0,0,0,0,0,0,0,0,0,0.0,0.0,0.0,0.0,0,0,0,0,0,0.00,0.00,0.00,0.00,5.0,4.7
489,2020/21,114243,50,49,69,1617,2,3,3,33,0,0,0,3,0,0,7,252,363.4,280.8,289.0,93.2,0,0,0,0,0,0.00,0.00,0.00,0.00,5.0,4.9
489,2021/22,114243,50,46,62,1457,1,4,2,35,0,0,0,4,0,0,0,215,267.8,282.0,281.0,82.8,0,0,0,0,0,0.00,0.00,0.00,0.00,5.0,4.6
489,2022/23,114243,45,42,78,1230,4,2,3,12,0,0,0,0,0,0,2,240,275.0,302.5,410.0,98.9,0,0,0,0,14,3.46,2.95,6.41,16.13,4.5,4.2
489,2023/24,114243,50,48,82,1184,3,8,5,21,0,0,0,1,0,0,4,312,377.8,453.4,270.0,110.0,0,0,0,0,14,2.23,3.35,5.58,18.42,5.0,4.8
489,2024/25,114243,55,52,159,2356,8,13,11,31,0,0,0,4,0,0,11,601,713.4,625.2,519.0,185.6,0,0,0,168,31,5.89,6.14,12.03,28.19,5.5,5.2
490,2019/20,180974,60,55,78,2678,2,2,9,46,0,0,0,7,0,0,3,236,330.8,433.4,641.0,140.5,0,0,0,0,0,0.00,0.00,0.00,0.00,6.0,5.5
490,2020/21,180974,60,57,74,1979,4,2,3,36,0,0,0,3,0,0,5,258,357.0,250.1,612.0,122.2,0,0,0,0,0,0.00,0.00,0.00,0.00,6.0,5.7
490,2021/22,180974,60,59,83,2554,4,2,7,46,0,0,0,8,0,0,7,323,529.6,386.6,583.0,149.5,0,0,0,0,0,0.00,0.00,0.00,0.00,6.0,5.9
490,2022/23,180974,60,60,115,2660,6,5,11,26,0,0,0,12,0,0,10,458,603.4,413.1,655.0,167.3,0,0,0,0,30,7.11,1.90,9.01,32.27,6.0,6.0
490,2023/24,180974,60,58,45,1276,2,1,3,23,0,0,0,6,0,0,3,209,295.2,314.9,206.0,81.6,0,0,0,0,15,2.82,1.09,3.91,25.30,6.0,5.8
490,2024/25,180974,60,60,99,2394,4,4,10,32,0,0,0,10,0,0,11,374,469.8,389.3,465.0,132.7,0,0,0,282,29,3.74,2.17,5.91,31.79,6.0,6.0
491,2023/24,432422,55,52,16,437,1,0,1,5,0,0,0,2,0,0,0,86,81.8,105.0,50.0,23.8,0,0,0,0,5,0.62,0.47,1.09,6.66,5.5,5.2
491,2024/25,432422,55,55,106,2625,4,2,11,34,0,0,0,5,0,0,10,536,539.4,496.3,299.0,133.5,0,0,0,303,28,4.46,2.77,7.23,33.18,5.5,5.5
494,2017/18,200089,45,45,3,81,0,0,0,2,0,0,0,0,0,0,0,8,8.2,5.8,4.0,1.8,0,0,0,0,0,0.00,0.00,0.00,0.00,4.5,4.5
494,2018/19,200089,45,45,4,63,0,0,1,1,0,0,0,0,0,0,0,4,1.0,2.5,23.0,2.7,0,0,0,0,0,0.00,0.00,0.00,0.00,4.5,4.5
494,2019/20,200089,50,47,41,838,1,1,1,16,0,0,0,2,0,0,0,150,176.8,165.9,212.0,55.2,0,0,0,0,0,0.00,0.00,0.00,0.00,5.0,4.7
494,2020/21,200089,50,49,79,1210,8,0,4,18,0,0,1,1,0,0,5,254,436.6,137.2,401.0,97.3,0,0,0,0,0,0.00,0.00,0.00,0.00,5.0,4.9
494,2021/22,200089,60,53,79,2037,2,3,6,37,0,0,0,0,0,0,3,248,320.4,243.2,449.0,101.3,0,0,0,0,0,0.00,0.00,0.00,0.00,6.0,5.3
494,2022/23,200089,50,47,123,2556,3,7,12,26,0,0,0,1,0,0,11,415,520.8,547.0,680.0,174.9,0,0,0,0,31,7.30,4.29,11.59,29.62,5.0,4.7
494,2023/24,200089,55,53,18,415,1,0,1,9,0,0,0,0,0,0,0,60,89.8,92.5,106.0,28.8,0,0,0,0,5,0.88,0.57,1.45,8.03,5.5,5.3
494,2024/25,200089,50,47,46,1065,0,2,4,16,0,0,0,4,0,0,0,139,172.8,273.8,197.0,63.9,0,0,0,87,11,1.65,0.93,2.58,15.01,5.0,4.7
495,2013/14,153127,45,45,0,0,0,0,0,0,0,0,0,0,0,0,0,0,0.0,0.0,0.0,0.0,0,0,0,0,0,0.00,0.00,0.00,0.00,4.5,4.5
495,2014/15,153127,45,43,0,0,0,0,0,0,0,0,0,0,0,0,0,0,0.0,0.0,0.0,0.0,0,0,0,0,0,0.00,0.00,0.00,0.00,4.5,4.3
495,2017/18,153127,45,43,41,1365,1,0,3,25,0,0,0,7,0,0,0,171,273.6,164.7,144.0,58.2,0,0,0,0,0,0.00,0.00,0.00,0.00,4.5,4.3
495,2018/19,153127,45,43,69,1857,1,4,7,25,0,0,0,3,1,0,5,306,412.0,298.8,232.0,94.4,0,0,0,0,0,0.00,0.00,0.00,0.00,4.5,4.3
495,2019/20,153127,45,44,73,2220,1,4,8,36,0,0,0,4,1,0,3,309,368.6,227.6,189.0,78.5,0,0,0,0,0,0.00,0.00,0.00,0.00,4.5,4.4
495,2020/21,153127,50,46,40,1942,0,0,4,33,0,0,0,8,0,0,0,211,278.0,117.7,155.0,55.3,0,0,0,0,0,0.00,0.00,0.00,0.00,5.0,4.6
495,2021/22,153127,45,45,28,1000,1,0,0,25,0,0,0,5,0,0,3,124,187.6,33.6,66.0,28.3,0,0,0,0,0,0.00,0.00,0.00,0.00,4.5,4.5
495,2023/24,153127,45,44,0,0,0,0,0,0,0,0,0,0,0,0,0,0,0.0,0.0,0.0,0.0,0,0,0,0,0,0.00,0.00,0.00,0.00,4.5,4.4
495,2024/25,153127,45,44,0,0,0,0,0,0,0,0,0,0,0,0,0,0,0.0,0.0,0.0,0.0,0,0,0,0,0,0.00,0.00,0.00,0.00,4.5,4.4
496,2022/23,564510,45,45,0,0,0,0,0,0,0,0,0,0,0,0,0,0,0.0,0.0,0.0,0.0,0,0,0,0,0,0.00,0.00,0.00,0.00,4.5,4.5
496,2023/24,564510,45,45,0,0,0,0,0,0,0,0,0,0,0,0,0,0,0.0,0.0,0.0,0.0,0,0,0,0,0,0.00,0.00,0.00,0.00,4.5,4.5
496,2024/25,564510,45,44,0,0,0,0,0,0,0,0,0,0,0,0,0,0,0.0,0.0,0.0,0.0,0,0,0,0,0,0.00,0.00,0.00,0.00,4.5,4.4
497,2022/23,547719,45,45,1,14,0,0,0,0,0,0,0,0,0,0,0,2,0.0,0.4,1.0,0.0,0,0,0,0,0,0.08,0.00,0.08,0.87,4.5,4.5
497,2023/24,547719,45,45,44,1203,1,3,1,29,0,0,0,1,0,0,1,232,237.4,192.8,136.0,56.7,0,0,0,0,14,1.22,1.08,2.30,30.20,4.5,4.5
497,2024/25,547719,50,50,21,304,1,0,0,4,0,0,0,0,0,0,1,88,87.4,33.5,45.0,16.7,0,0,0,38,1,0.57,0.30,0.87,5.68,5.0,5.0
498,2021/22,461484,45,44,0,0,0,0,0,0,0,0,0,0,0,0,0,0,0.0,0.0,0.0,0.0,0,0,0,0,0,0.00,0.00,0.00,0.00,4.5,4.4
498,2023/24,461484,45,45,3,12,0,0,0,0,0,0,0,1,0,0,0,9,0.8,1.1,0.0,0.1,0,0,0,0,0,0.00,0.00,0.00,0.24,4.5,4.5
498,2024/25,461484,45,45,0,0,0,0,0,0,0,0,0,0,0,0,0,0,0.0,0.0,0.0,0.0,0,0,0,0,0,0.00,0.00,0.00,0.00,4.5,4.5
500,2020/21,538207,45,45,0,0,0,0,0,0,0,0,0,0,0,0,0,0,0.0,0.0,0.0,0.0,0,0,0,0,0,0.00,0.00,0.00,0.00,4.5,4.5
500,2023/24,538207,45,42,25,778,0,1,0,23,0,0,0,4,0,0,0,27,27.0,24.9,200.0,24.4,0,0,0,0,9,1.64,0.15,1.79,20.19,4.5,4.2
500,2024/25,538207,50,49,19,124,1,0,0,3,0,0,0,0,0,0,1,59,42.4,25.1,37.0,10.5,0,0,0,9,0,0.16,0.05,0.21,3.18,5.0,4.9
501,2024/25,599303,45,45,0,0,0,0,0,0,0,0,0,0,0,0,0,0,0.0,0.0,0.0,0.0,0,0,0,0,0,0.00,0.00,0.00,0.00,4.5,4.5
674,2016/17,225321,40,40,0,0,0,0,0,0,0,0,0,0,0,0,0,0,0.0,0.0,0.0,0.0,0,0,0,0,0,0.00,0.00,0.00,0.00,4.0,4.0
674,2017/18,225321,40,40,0,0,0,0,0,0,0,0,0,0,0,0,0,0,0.0,0.0,0.0,0.0,0,0,0,0,0,0.00,0.00,0.00,0.00,4.0,4.0
674,2019/20,225321,45,44,126,3330,0,1,5,62,0,1,0,0,0,128,13,680,973.8,24.0,0.0,99.7,0,0,0,0,0,0.00,0.00,0.00,0.00,4.5,4.4
674,2020/21,225321,50,46,123,3420,0,0,5,63,0,0,0,1,0,146,12,685,1023.0,20.0,4.0,104.7,0,0,0,0,0,0.00,0.00,0.00,0.00,5.0,4.6
674,2021/22,225321,45,51,135,3060,0,0,12,39,0,0,0,1,0,90,14,641,690.2,1.0,0.0,69.0,0,0,0,0,0,0.00,0.00,0.00,0.00,4.5,5.1
674,2022/23,225321,50,48,143,3420,0,0,14,43,0,0,0,1,0,94,9,664,764.8,0.0,0.0,76.5,0,0,0,0,38,0.00,0.02,0.02,42.31,5.0,4.8
674,2023/24,225321,50,45,20,540,0,0,2,5,0,0,0,0,0,9,0,90,73.2,0.0,0.0,7.3,0,0,0,0,6,0.00,0.01,0.01,5.81,5.0,4.5
674,2024/25,225321,45,44,97,2700,0,0,3,66,0,2,0,2,0,125,11,315,980.6,0.1,0.0,98.3,0,0,0,0,30,0.00,0.04,0.04,66.34,4.5,4.4
753,2006/07,19236,40,38,0,0,0,0,0,0,0,0,0,0,0,0,0,0,0.0,0.0,0.0,0.0,0,0,0,0,0,0.00,0.00,0.00,0.00,4.0,3.8
753,2007/08,19236,40,40,0,0,0,0,0,0,0,0,0,0,0,0,0,0,0.0,0.0,0.0,0.0,0,0,0,0,0,0.00,0.00,0.00,0.00,4.0,4.0
753,2008/09,19236,45,43,0,0,0,0,0,0,0,0,0,0,0,0,0,0,0.0,0.0,0.0,0.0,0,0,0,0,0,0.00,0.00,0.00,0.00,4.5,4.3
753,2011/12,19236,40,42,97,3319,0,0,3,65,0,1,0,1,1,140,0,0,0.0,0.0,0.0,0.0,0,0,0,0,0,0.00,0.00,0.00,0.00,4.0,4.2
753,2012/13,19236,45,44,67,1341,0,0,6,21,0,1,0,0,0,54,2,0,0.0,0.0,0.0,0.0,0,0,0,0,0,0.00,0.00,0.00,0.00,4.5,4.4
753,2013/14,19236,50,51,135,3420,0,0,12,62,0,0,0,2,0,125,8,186,0.0,0.0,0.0,0.0,0,0,0,0,0,0.00,0.00,0.00,0.00,5.0,5.1
753,2015/16,19236,45,41,69,2430,0,0,3,44,0,0,0,0,0,69,1,409,0.0,0.0,0.0,0.0,0,0,0,0,0,0.00,0.00,0.00,0.00,4.5,4.1
753,2018/19,19236,45,42,7,90,0,0,1,0,0,0,0,0,0,3,0,25,26.6,0.0,0.0,2.7,0,0,0,0,0,0.00,0.00,0.00,0.00,4.5,4.2
753,2019/20,19236,45,42,0,0,0,0,0,0,0,0,0,0,0,0,0,0,0.0,0.0,0.0,0.0,0,0,0,0,0,0.00,0.00,0.00,0.00,4.5,4.2
753,2020/21,19236,45,43,4,91,0,0,0,1,0,0,0,0,0,3,0,19,25.4,0.0,0.0,2.5,0,0,0,0,0,0.00,0.00,0.00,0.00,4.5,4.3
753,2021/22,19236,45,43,3,135,0,0,0,3,0,0,0,0,0,4,0,20,34.2,0.0,0.0,3.4,0,0,0,0,0,0.00,0.00,0.00,0.00,4.5,4.3
753,2024/25,19236,40,39,0,0,0,0,0,0,0,0,0,0,0,0,0,0,0.0,0.0,0.0,0.0,0,0,0,0,0,0.00,0.00,0.00,0.00,4.0,3.9
12,2016/17,206325,55,53,0,0,0,0,0,0,0,0,0,0,0,0,0,0,0.0,0.0,0.0,0.0,0,0,0,0,0,0.00,0.00,0.00,0.00,5.5,5.3
12,2017/18,206325,50,50,16,530,0,0,3,3,0,0,0,1,0,0,0,104,116.4,145.9,21.0,28.3,0,0,0,0,0,0.00,0.00,0.00,0.00,5.0,5.0
12,2018/19,206325,50,47,44,1151,0,3,9,4,0,0,0,1,0,0,1,230,279.2,278.6,77.0,63.5,0,0,0,0,0,0.00,0.00,0.00,0.00,5.0,4.7
12,2019/20,206325,55,52,49,1271,0,0,6,15,0,0,0,0,1,0,1,295,232.0,375.8,102.0,71.2,0,0,0,0,0,0.00,0.00,0.00,0.00,5.5,5.2
12,2020/21,206325,55,55,69,1473,0,0,8,14,0,0,0,0,0,0,5,353,272.0,295.7,134.0,70.3,0,0,0,0,0,0.00,0.00,0.00,0.00,5.5,5.5
12,2021/22,206325,55,53,59,1044,0,4,5,9,0,0,0,0,0,0,4,284,259.4,282.1,111.0,65.4,0,0,0,0,0,0.00,0.00,0.00,0.00,5.5,5.3
12,2022/23,206325,50,50,99,2122,1,2,10,28,0,0,0,3,0,0,8,500,405.0,387.7,190.0,98.3,0,0,0,0,26,1.32,2.39,3.71,26.67,5.0,5.0
12,2023/24,206325,50,50,104,1717,1,2,9,15,0,0,0,2,0,0,16,468,395.4,474.8,133.0,100.4,0,0,0,0,20,0.60,2.65,3.25,12.33,5.0,5.0
12,2024/25,206325,50,48,40,518,0,1,4,1,0,0,0,1,0,0,2,141,83.4,92.8,66.0,24.1,0,0,0,21,5,0.65,0.52,1.17,3.21,5.0,4.8
400,2022/23,88248,40,37,23,270,0,0,2,1,0,0,0,0,0,14,5,90,116.8,0.0,0.0,11.7,0,0,0,0,3,0.00,0.00,0.00,4.12,4.0,3.7
400,2023/24,88248,40,36,22,632,0,0,1,7,0,0,0,0,0,20,2,114,171.2,0.0,0.0,17.3,0,0,0,0,5,0.00,0.00,0.00,7.17,4.0,3.6
400,2024/25,88248,55,52,35,1099,0,0,3,18,0,0,0,1,0,33,0,144,292.6,0.0,0.0,29.4,0,0,0,0,12,0.00,0.00,0.00,19.12,5.5,5.2
426,2021/22,432714,45,44,2,18,0,0,0,0,0,0,0,0,0,0,0,3,0.0,0.2,0.0,0.0,0,0,0,0,0,0.00,0.00,0.00,0.00,4.5,4.4
426,2022/23,432714,45,45,0,0,0,0,0,0,0,0,0,0,0,0,0,0,0.0,0.0,0.0,0.0,0,0,0,0,0,0.00,0.00,0.00,0.00,4.5,4.5
426,2023/24,432714,45,44,77,1815,3,4,2,65,0,0,0,2,0,0,0,259,333.8,394.4,333.0,106.0,0,0,0,0,20,2.98,2.16,5.14,39.34,4.5,4.4
426,2024/25,432714,50,46,31,340,3,0,0,6,0,0,0,1,0,0,0,102,113.0,64.6,136.0,30.7,0,0,0,16,3,2.80,0.80,3.60,5.25,5.0,4.6
502,2023/24,85633,45,45,34,1440,0,0,1,27,0,0,0,1,0,37,1,206,293.2,10.0,0.0,30.3,0,0,0,0,16,0.00,0.09,0.09,20.50,4.5,4.5
502,2024/25,85633,45,52,150,3420,0,1,13,46,0,0,0,4,0,120,11,521,942.2,20.2,0.0,96.7,0,0,0,0,38,0.00,0.26,0.26,50.17,4.5,5.2
503,2024/25,475123,45,41,0,0,0,0,0,0,0,0,0,0,0,0,0,0,0.0,0.0,0.0,0.0,0,0,0,0,0,0.00,0.00,0.00,0.00,4.5,4.1
504,2022/23,224068,40,38,0,0,0,0,0,0,0,0,0,0,0,0,0,0,0.0,0.0,0.0,0.0,0,0,0,0,0,0.00,0.00,0.00,0.00,4.0,3.8
504,2023/24,224068,40,37,41,1530,0,0,2,28,0,0,0,2,0,55,0,278,379.6,0.0,0.0,37.9,0,0,0,0,17,0.00,0.00,0.00,25.43,4.0,3.7
504,2024/25,224068,40,39,0,0,0,0,0,0,0,0,0,0,0,0,0,0,0.0,0.0,0.0,0.0,0,0,0,0,0,0.00,0.00,0.00,0.00,4.0,3.9
505,2024/25,227444,45,52,145,3330,5,2,13,45,0,0,0,4,0,0,2,499,805.2,107.9,361.0,127.2,0,0,0,310,37,4.05,0.73,4.78,48.95,4.5,5.2
506,2023/24,575476,45,45,58,2790,0,2,3,56,1,0,0,5,0,0,1,451,678.4,115.0,164.0,95.8,0,0,0,0,32,1.78,0.64,2.42,42.99,4.5,4.5
506,2024/25,575476,45,47,130,3188,2,0,12,44,0,0,0,6,0,0,18,541,927.2,211.2,201.0,134.0,0,0,0,376,36,1.47,1.15,2.62,47.42,4.5,4.7
507,2015/16,159506,40,40,0,0,0,0,0,0,0,0,0,0,0,0,0,0,0.0,0.0,0.0,0.0,0,0,0,0,0,0.00,0.00,0.00,0.00,4.0,4.0
507,2016/17,159506,50,45,3,26,0,0,0,0,0,0,0,0,0,0,0,9,4.8,0.9,17.0,2.3,0,0,0,0,0,0.00,0.00,0.00,0.00,5.0,4.5
507,2020/21,159506,45,43,102,2664,2,1,8,36,0,0,0,3,0,0,8,477,483.6,248.8,144.0,87.7,0,0,0,0,0,0.00,0.00,0.00,0.00,4.5,4.3
507,2023/24,159506,45,45,45,1690,1,1,2,39,0,0,0,3,0,0,2,289,312.0,181.7,49.0,54.4,0,0,0,0,20,0.34,1.01,1.35,29.01,4.5,4.5
507,2024/25,159506,45,53,128,2996,2,1,12,39,0,0,0,5,0,0,15,483,578.2,282.3,80.0,94.1,0,0,0,206,35,0.63,2.25,2.88,40.59,4.5,5.3
508,2019/20,215136,40,40,14,228,0,0,1,2,0,0,0,1,0,0,3,53,49.4,53.3,98.0,20.0,0,0,0,0,0,0.00,0.00,0.00,0.00,4.0,4.0
508,2020/21,215136,40,38,11,247,0,0,1,1,0,0,0,1,0,0,0,51,42.0,47.8,34.0,12.2,0,0,0,0,0,0.00,0.00,0.00,0.00,4.0,3.8
508,2021/22,215136,40,38,4,7,0,1,0,0,0,0,0,0,0,0,0,17,18.2,11.1,2.0,3.1,0,0,0,0,0,0.00,0.00,0.00,0.00,4.0,3.8
508,2022/23,215136,40,38,54,1872,1,1,4,41,0,0,0,7,0,0,1,284,372.2,257.3,209.0,84.0,0,0,0,0,20,1.24,1.22,2.46,39.55,4.0,3.8
508,2023/24,215136,45,43,39,1630,0,1,1,33,0,0,0,4,0,0,2,224,393.4,195.2,139.0,72.8,0,0,0,0,18,0.74,1.54,2.28,23.05,4.5,4.3
508,2024/25,215136,45,45,109,2588,1,3,10,31,0,0,0,7,0,0,8,435,628.4,305.3,244.0,118.0,0,0,0,251,28,2.29,1.54,3.83,38.50,4.5,4.5
511,2024/25,485047,45,45,36,891,0,0,3,14,0,0,0,5,0,0,2,125,205.2,10.8,22.0,24.0,0,0,0,112,6,0.18,0.03,0.21,14.21,4.5,4.5
512,2022/23,204822,45,44,0,0,0,0,0,0,0,0,0,0,0,0,0,0,0.0,0.0,0.0,0.0,0,0,0,0,0,0.00,0.00,0.00,0.00,4.5,4.4
512,2023/24,204822,45,44,0,0,0,0,0,0,0,0,0,0,0,0,0,0,0.0,0.0,0.0,0.0,0,0,0,0,0,0.00,0.00,0.00,0.00,4.5,4.4
512,2024/25,204822,45,45,0,0,0,0,0,0,0,0,0,0,0,0,0,0,0.0,0.0,0.0,0.0,0,0,0,0,0,0.00,0.00,0.00,0.00,4.5,4.5
513,2024/25,549067,40,40,0,0,0,0,0,0,0,0,0,0,0,0,0,0,0.0,0.0,0.0,0.0,0,0,0,0,0,0.00,0.00,0.00,0.00,4.0,4.0
514,2018/19,90585,45,47,120,3168,4,0,8,43,0,0,0,2,1,0,10,635,954.2,146.9,279.0,137.7,0,0,0,0,0,0.00,0.00,0.00,0.00,4.5,4.7
514,2019/20,90585,50,49,97,1980,0,1,12,15,0,0,0,1,1,0,10,470,477.0,85.8,119.0,68.4,0,0,0,0,0,0.00,0.00,0.00,0.00,5.0,4.9
514,2020/21,90585,55,54,68,1879,1,1,6,29,0,0,0,2,0,0,4,364,414.0,46.1,182.0,64.2,0,0,0,0,0,0.00,0.00,0.00,0.00,5.5,5.4
514,2021/22,90585,50,49,17,900,0,0,1,20,0,0,0,1,0,0,0,165,195.4,18.1,29.0,24.3,0,0,0,0,0,0.00,0.00,0.00,0.00,5.0,4.9
514,2022/23,90585,45,41,37,684,0,1,3,10,0,0,0,2,0,0,7,147,155.0,11.8,41.0,21.0,0,0,0,0,9,0.05,0.27,0.32,10.37,4.5,4.1
514,2023/24,90585,45,45,58,1437,2,1,3,26,0,0,0,1,1,0,7,275,480.0,100.5,200.0,78.1,0,0,0,0,18,1.56,0.77,2.33,26.30,4.5,4.5
514,2024/25,90585,45,42,6,146,0,0,0,1,0,0,0,1,0,0,0,26,51.0,0.4,17.0,6.8,0,0,0,23,1,0.07,0.00,0.07,2.68,4.5,4.2
515,2018/19,222531,45,43,37,645,0,1,4,12,0,0,0,1,0,0,0,113,73.2,181.1,72.0,32.5,0,0,0,0,0,0.00,0.00,0.00,0.00,4.5,4.3
515,2019/20,222531,50,47,11,125,0,1,0,2,0,0,0,0,0,0,0,39,6.6,44.1,12.0,6.3,0,0,0,0,0,0.00,0.00,0.00,0.00,5.0,4.7
515,2020/21,222531,50,49,22,407,1,0,0,6,0,0,0,1,0,0,3,87,85.0,112.8,114.0,31.3,0,0,0,0,0,0.00,0.00,0.00,0.00,5.0,4.9
515,2021/22,222531,45,45,1,7,0,0,0,0,0,0,0,1,0,0,0,0,0.0,0.7,24.0,2.1,0,0,0,0,0,0.00,0.00,0.00,0.00,4.5,4.5
515,2022/23,222531,55,55,145,3151,5,12,8,61,0,0,0,6,0,0,11,479,611.4,980.2,628.0,221.8,0,0,0,0,36,6.77,6.06,12.83,57.88,5.5,5.5
515,2023/24,222531,60,57,142,3156,5,12,5,59,0,0,0,9,0,0,13,563,703.2,1155.2,495.0,235.6,0,0,0,0,35,6.65,6.79,13.44,49.08,6.0,5.7
515,2024/25,222531,65,65,154,2806,7,11,13,34,0,0,0,9,1,0,18,594,680.4,793.7,632.0,210.6,0,0,0,227,34,6.31,4.68,10.99,41.21,6.5,6.5
516,2017/18,209046,45,45,2,27,0,0,0,1,0,0,0,0,0,0,0,11,8.8,1.7,27.0,3.8,0,0,0,0,0,0.00,0.00,0.00,0.00,4.5,4.5
516,2018/19,209046,45,42,18,388,0,1,2,5,0,0,0,0,0,0,1,83,89.2,143.2,133.0,36.2,0,0,0,0,0,0.00,0.00,0.00,0.00,4.5,4.2
516,2019/20,209046,60,51,53,849,1,5,2,14,0,0,0,1,0,0,3,197,235.2,341.4,325.0,89.9,0,0,0,0,0,0.00,0.00,0.00,0.00,6.0,5.1
516,2020/21,209046,60,57,59,1050,2,3,6,5,0,0,0,0,0,0,2,239,291.8,471.5,336.0,109.9,0,0,0,0,0,0.00,0.00,0.00,0.00,6.0,5.7
516,2021/22,209046,55,53,49,958,1,4,6,8,0,0,0,1,0,0,1,163,175.4,326.9,326.0,82.7,0,0,0,0,0,0.00,0.00,0.00,0.00,5.5,5.3
516,2022/23,209046,55,53,0,0,0,0,0,0,0,0,0,0,0,0,0,0,0.0,0.0,0.0,0.0,0,0,0,0,0,0.00,0.00,0.00,0.00,5.5,5.3
516,2023/24,209046,50,47,109,1846,8,2,2,41,0,0,0,0,0,0,14,371,489.0,514.2,444.0,145.0,0,0,0,0,20,2.65,2.02,4.67,28.38,5.0,4.7
516,2024/25,209046,55,51,103,2190,5,3,11,23,0,0,0,2,0,0,7,454,445.6,663.9,405.0,151.0,0,0,0,139,25,2.52,2.54,5.06,27.79,5.5,5.1
517,2020/21,215379,45,45,1,3,0,0,0,0,0,0,0,0,0,0,0,3,0.0,0.3,2.0,0.2,0,0,0,0,0,0.00,0.00,0.00,0.00,4.5,4.5
517,2021/22,215379,45,45,0,0,0,0,0,0,0,0,0,0,0,0,0,0,0.0,0.0,0.0,0.0,0,0,0,0,0,0.00,0.00,0.00,0.00,4.5,4.5
517,2022/23,215379,45,43,30,395,0,1,1,7,0,0,0,0,0,0,2,93,98.8,129.9,186.0,41.5,0,0,0,0,3,1.14,1.45,2.59,6.03,4.5,4.3
517,2023/24,215379,45,42,42,1018,0,2,5,14,0,0,0,3,0,0,3,144,187.4,223.7,201.0,61.1,0,0,0,0,10,1.63,1.25,2.88,12.49,4.5,4.2
517,2024/25,215379,50,50,107,2726,2,6,13,37,0,0,0,10,0,0,8,526,638.8,605.2,308.0,155.6,0,0,0,407,33,2.04,3.51,5.55,40.36,5.0,5.0
518,2024/25,510500,60,59,52,835,3,2,1,16,0,0,0,5,0,0,0,212,221.8,182.9,239.0,64.6,0,0,0,99,5,2.13,1.87,4.00,12.56,6.0,5.9
519,2023/24,250199,50,50,67,1489,2,2,6,27,0,0,0,4,0,0,6,276,340.4,176.2,187.0,70.6,0,0,0,0,19,1.30,1.14,2.44,21.20,5.0,5.0
519,2024/25,250199,50,48,54,1954,0,1,7,27,0,0,0,9,0,0,0,292,410.2,247.2,237.0,89.4,0,0,0,293,23,1.58,1.58,3.16,31.90,5.0,4.8
520,2022/23,243345,50,47,22,578,1,0,1,14,0,0,0,2,0,0,0,88,107.8,56.4,47.0,21.1,0,0,0,0,6,0.34,0.19,0.53,14.13,5.0,4.7
520,2023/24,243345,50,49,0,0,0,0,0,0,0,0,0,0,0,0,0,0,0.0,0.0,0.0,0.0,0,0,0,0,0,0.00,0.00,0.00,0.00,5.0,4.9
520,2024/25,243345,50,50,0,0,0,0,0,0,0,0,0,0,0,0,0,0,0.0,0.0,0.0,0.0,0,0,0,0,0,0.00,0.00,0.00,0.00,5.0,5.0
521,2023/24,210462,50,49,25,1031,0,0,4,16,0,0,0,6,0,0,0,89,168.8,112.9,43.0,32.5,0,0,0,0,13,0.67,0.40,1.07,14.75,5.0,4.9
521,2024/25,210462,45,43,20,584,0,1,2,6,0,0,0,3,0,0,0,107,130.6,80.3,21.0,23.2,0,0,0,93,7,0.02,0.21,0.23,8.41,4.5,4.3
522,2022/23,204968,50,50,53,1833,0,3,5,36,0,0,0,5,0,0,0,177,215.0,103.3,233.0,54.5,0,0,0,0,21,1.99,0.43,2.42,29.34,5.0,5.0
522,2023/24,204968,50,48,59,1979,1,1,1,38,0,0,0,6,0,0,1,235,330.4,133.8,258.0,72.1,0,0,0,0,21,2.78,0.59,3.37,31.96,5.0,4.8
522,2024/25,204968,50,48,67,1901,2,2,6,27,0,0,0,10,0,0,3,306,344.4,241.1,265.0,85.4,0,0,0,242,18,2.41,0.47,2.88,27.84,5.0,4.8
523,2024/25,569014,45,43,2,28,0,0,0,0,0,0,0,0,0,0,0,9,5.2,0.3,0.0,0.6,0,0,0,5,0,0.00,0.00,0.00,0.31,4.5,4.3
525,2008/09,60689,40,40,2,17,0,0,0,0,0,0,0,0,0,0,0,0,0.0,0.0,0.0,0.0,0,0,0,0,0,0.00,0.00,0.00,0.00,4.0,4.0
525,2010/11,60689,45,41,1,9,0,0,0,0,0,0,0,0,0,0,0,0,0.0,0.0,0.0,0.0,0,0,0,0,0,0.00,0.00,0.00,0.00,4.5,4.1
525,2014/15,60689,45,43,11,114,1,0,0,3,0,0,0,0,0,0,0,26,0.0,0.0,0.0,0.0,0,0,0,0,0,0.00,0.00,0.00,0.00,4.5,4.3
525,2017/18,60689,65,62,104,1621,10,1,10,11,0,0,0,1,0,0,20,314,442.0,203.5,692.0,133.8,0,0,0,0,0,0.00,0.00,0.00,0.00,6.5,6.2
525,2018/19,60689,65,63,131,2580,10,3,7,49,0,0,0,2,0,0,17,379,475.8,310.3,911.0,167.9,0,0,0,0,0,0.00,0.00,0.00,0.00,6.5,6.3
525,2019/20,60689,65,62,136,2436,14,1,11,33,1,0,0,1,0,0,21,384,552.2,299.6,1070.0,190.8,0,0,0,0,0,0.00,0.00,0.00,0.00,6.5,6.2
525,2020/21,60689,65,66,138,2741,12,3,9,43,0,0,0,0,0,0,16,395,595.8,323.2,1129.0,204.0,0,0,0,0,0,0.00,0.00,0.00,0.00,6.5,6.6
525,2021/22,60689,70,63,91,2694,5,0,6,41,0,0,0,1,0,0,8,228,274.8,265.4,784.0,130.5,0,0,0,0,0,0.00,0.00,0.00,0.00,7.0,6.3
525,2022/23,60689,60,56,53,807,3,0,4,9,0,0,0,0,0,0,7,163,145.2,82.1,169.0,39.3,0,0,0,0,9,2.71,0.37,3.08,11.80,6.0,5.6
525,2023/24,60689,50,47,131,1801,14,1,2,34,0,0,0,0,0,0,22,456,598.2,281.1,795.0,167.4,0,0,0,0,20,11.71,0.92,12.63,27.19,5.0,4.7
525,2024/25,60689,60,72,200,2958,20,3,15,37,0,0,0,1,0,0,41,744,838.4,320.0,900.0,205.6,0,0,0,96,35,13.42,1.59,15.01,40.64,6.0,7.2
527,2022/23,210156,60,56,100,1395,10,1,5,29,0,0,0,2,0,0,16,320,416.2,140.1,405.0,95.6,0,0,0,0,17,6.86,0.29,7.15,26.43,6.0,5.6
527,2023/24,210156,65,63,67,1036,6,3,3,21,0,0,0,2,0,0,5,247,303.2,134.4,308.0,74.2,0,0,0,0,12,4.85,0.90,5.75,15.61,6.5,6.3
527,2024/25,210156,60,55,32,398,1,0,1,10,0,0,0,0,0,0,0,89,67.0,40.9,118.0,21.9,0,0,0,31,3,2.15,0.12,2.27,6.65,6.0,5.5
675,2016/17,107265,40,40,0,0,0,0,0,0,0,0,0,0,0,0,0,0,0.0,0.0,0.0,0.0,0,0,0,0,0,0.00,0.00,0.00,0.00,4.0,4.0
675,2018/19,107265,45,43,47,1080,0,0,3,18,0,1,0,0,0,33,4,206,239.2,0.0,0.0,23.8,0,0,0,0,0,0.00,0.00,0.00,0.00,4.5,4.3
675,2019/20,107265,45,42,29,900,0,0,2,25,0,0,0,0,0,30,3,166,219.4,0.0,0.0,22.1,0,0,0,0,0,0.00,0.00,0.00,0.00,4.5,4.2
675,2020/21,107265,45,43,0,0,0,0,0,0,0,0,0,0,0,0,0,0,0.0,0.0,0.0,0.0,0,0,0,0,0,0.00,0.00,0.00,0.00,4.5,4.3
675,2021/22,107265,40,40,31,810,0,0,1,22,0,1,0,0,0,35,3,177,305.4,0.0,0.0,30.6,0,0,0,0,0,0.00,0.00,0.00,0.00,4.0,4.0
693,2021/22,503301,45,45,0,0,0,0,0,0,0,0,0,0,0,0,0,0,0.0,0.0,0.0,0.0,0,0,0,0,0,0.00,0.00,0.00,0.00,4.5,4.5
693,2022/23,503301,45,42,1,22,0,0,0,0,0,0,0,0,0,0,0,2,1.0,1.8,4.0,0.7,0,0,0,0,0,0.00,0.02,0.02,0.63,4.5,4.2
693,2024/25,503301,55,52,88,2585,3,3,3,61,0,0,0,5,0,0,6,352,383.2,487.5,443.0,131.5,0,0,0,162,30,2.93,2.46,5.39,51.04,5.5,5.2
529,2013/14,74854,40,40,0,0,0,0,0,0,0,0,0,0,0,0,0,0,0.0,0.0,0.0,0.0,0,0,0,0,0,0.00,0.00,0.00,0.00,4.0,4.0
529,2019/20,74854,45,43,3,180,0,0,0,6,0,0,0,0,0,5,0,23,28.0,0.0,0.0,2.8,0,0,0,0,0,0.00,0.00,0.00,0.00,4.5,4.3
529,2020/21,74854,45,43,0,0,0,0,0,0,0,0,0,0,0,0,0,0,0.0,0.0,0.0,0.0,0,0,0,0,0,0.00,0.00,0.00,0.00,4.5,4.3
533,2021/22,220684,40,40,0,0,0,0,0,0,0,0,0,0,0,0,0,0,0.0,0.0,0.0,0.0,0,0,0,0,0,0.00,0.00,0.00,0.00,4.0,4.0
535,2019/20,461195,40,40,0,0,0,0,0,0,0,0,0,0,0,0,0,0,0.0,0.0,0.0,0.0,0,0,0,0,0,0.00,0.00,0.00,0.00,4.0,4.0
536,2021/22,477547,40,40,2,148,0,0,0,5,0,0,0,0,0,0,0,29,45.6,12.8,2.0,6.1,0,0,0,0,0,0.00,0.00,0.00,0.00,4.0,4.0
536,2022/23,477547,40,39,0,0,0,0,0,0,0,0,0,0,0,0,0,0,0.0,0.0,0.0,0.0,0,0,0,0,0,0.00,0.00,0.00,0.00,4.0,3.9
537,2020/21,492066,45,45,1,37,0,0,0,0,0,0,0,0,0,0,0,4,2.6,0.9,2.0,0.6,0,0,0,0,0,0.00,0.00,0.00,0.00,4.5,4.5
543,2023/24,535818,50,50,97,2220,6,1,4,38,0,0,0,3,0,0,8,330,477.6,507.8,751.0,173.4,0,0,0,0,25,4.19,3.26,7.45,36.64,5.0,5.0
543,2024/25,535818,55,51,60,1081,2,3,2,23,0,0,0,0,0,0,0,207,212.4,261.9,337.0,80.9,0,0,0,84,12,2.47,2.73,5.20,18.94,5.5,5.1
545,2013/14,124165,40,40,1,46,0,0,0,4,0,0,0,1,0,0,0,1,0.0,0.0,0.0,0.0,0,0,0,0,0,0.00,0.00,0.00,0.00,4.0,4.0
545,2015/16,124165,45,42,1,5,0,0,0,0,0,0,0,0,0,0,0,3,0.0,0.0,0.0,0.0,0,0,0,0,0,0.00,0.00,0.00,0.00,4.5,4.2
545,2019/20,124165,55,50,3,24,0,0,0,2,0,0,0,0,0,0,0,12,4.4,0.6,0.0,0.5,0,0,0,0,0,0.00,0.00,0.00,0.00,5.5,5.0
548,2022/23,461199,45,45,0,0,0,0,0,0,0,0,0,0,0,0,0,0,0.0,0.0,0.0,0.0,0,0,0,0,0,0.00,0.00,0.00,0.00,4.5,4.5
550,2020/21,215460,45,42,14,344,0,0,0,5,0,0,0,0,0,0,0,43,55.0,71.5,91.0,21.8,0,0,0,0,0,0.00,0.00,0.00,0.00,4.5,4.2
550,2021/22,215460,45,45,0,0,0,0,0,0,0,0,0,0,0,0,0,0,0.0,0.0,0.0,0.0,0,0,0,0,0,0.00,0.00,0.00,0.00,4.5,4.5
556,2021/22,458297,40,40,0,0,0,0,0,0,0,0,0,0,0,0,0,0,0.0,0.0,0.0,0.0,0,0,0,0,0,0.00,0.00,0.00,0.00,4.0,4.0
668,2016/17,84450,55,52,85,2483,2,3,10,32,0,0,0,5,2,0,7,506,488.8,626.2,193.0,130.8,0,0,0,0,0,0.00,0.00,0.00,0.00,5.5,5.2
668,2017/18,84450,55,51,109,3259,1,8,12,50,0,0,0,10,0,0,3,593,753.4,822.8,378.0,195.3,0,0,0,0,0,0.00,0.00,0.00,0.00,5.5,5.1
668,2018/19,84450,55,52,90,2498,4,3,7,37,0,0,0,10,0,0,8,452,634.6,674.0,215.0,152.6,0,0,0,0,0,0.00,0.00,0.00,0.00,5.5,5.2
668,2019/20,84450,55,51,73,2586,1,2,10,31,0,0,0,10,0,0,2,408,486.2,298.5,110.0,89.9,0,0,0,0,0,0.00,0.00,0.00,0.00,5.5,5.1
668,2020/21,84450,55,52,70,2519,1,2,10,27,0,0,0,7,1,0,1,396,456.0,327.6,154.0,94.0,0,0,0,0,0,0.00,0.00,0.00,0.00,5.5,5.2
668,2021/22,84450,50,48,60,2327,1,2,6,38,0,0,0,10,1,0,3,334,395.4,522.9,262.0,118.2,0,0,0,0,0,0.00,0.00,0.00,0.00,5.0,4.8
668,2022/23,84450,50,48,153,2992,7,8,13,35,0,0,0,4,0,0,15,634,715.0,675.5,556.0,194.8,0,0,0,0,36,4.65,3.89,8.54,36.52,5.0,4.8
668,2023/24,84450,60,60,0,0,0,0,0,0,0,0,0,0,0,0,0,0,0.0,0.0,0.0,0.0,0,0,0,0,0,0.00,0.00,0.00,0.00,6.0,6.0
678,2016/17,105717,50,47,34,972,0,1,3,24,0,0,0,1,0,0,7,253,219.8,126.7,18.0,36.4,0,0,0,0,0,0.00,0.00,0.00,0.00,5.0,4.7
678,2017/18,105717,45,42,68,1867,0,3,6,29,0,0,0,5,0,0,2,352,385.0,295.1,128.0,80.7,0,0,0,0,0,0.00,0.00,0.00,0.00,4.5,4.2
678,2018/19,105717,45,42,49,1757,0,2,4,29,0,0,0,2,0,0,0,311,434.4,212.0,55.0,70.3,0,0,0,0,0,0.00,0.00,0.00,0.00,4.5,4.2
678,2019/20,105717,45,41,26,930,0,1,2,18,0,0,0,4,1,0,3,166,240.8,128.6,53.0,42.4,0,0,0,0,0,0.00,0.00,0.00,0.00,4.5,4.1
678,2020/21,105717,45,43,42,1006,0,2,4,15,0,0,0,2,0,0,4,209,187.4,200.5,62.0,45.0,0,0,0,0,0,0.00,0.00,0.00,0.00,4.5,4.3
678,2021/22,105717,45,44,29,645,1,1,1,12,0,0,0,1,0,0,3,145,178.2,57.2,39.0,27.5,0,0,0,0,0,0.00,0.00,0.00,0.00,4.5,4.4
678,2022/23,105717,45,45,0,0,0,0,0,0,0,0,0,0,0,0,0,0,0.0,0.0,0.0,0.0,0,0,0,0,0,0.00,0.00,0.00,0.00,4.5,4.5
735,2015/16,110504,55,54,28,375,2,1,2,2,0,0,0,0,0,0,1,96,0.0,0.0,0.0,0.0,0,0,0,0,0,0.00,0.00,0.00,0.00,5.5,5.4
735,2016/17,110504,55,54,0,0,0,0,0,0,0,0,0,0,0,0,0,0,0.0,0.0,0.0,0.0,0,0,0,0,0,0.00,0.00,0.00,0.00,5.5,5.4
735,2020/21,110504,60,58,135,2315,7,7,11,31,0,0,0,1,0,0,7,407,528.4,530.6,917.0,197.6,0,0,0,0,0,0.00,0.00,0.00,0.00,6.0,5.8
735,2021/22,110504,60,57,13,212,0,1,0,3,0,0,0,0,0,0,0,41,21.0,10.6,90.0,11.8,0,0,0,0,0,0.00,0.00,0.00,0.00,6.0,5.7
735,2022/23,110504,50,49,20,226,2,0,1,1,0,0,0,1,0,0,1,57,82.0,30.7,79.0,19.0,0,0,0,0,1,0.75,0.12,0.87,1.65,5.0,4.9
735,2023/24,110504,50,50,2,10,0,0,0,0,0,0,0,0,0,0,0,6,3.0,0.0,0.0,0.3,0,0,0,0,0,0.00,0.00,0.00,0.77,5.0,5.0
565,2023/24,184254,50,53,112,3420,0,0,7,61,0,0,0,2,0,110,9,730,974.2,0.0,0.0,97.4,0,0,0,0,38,0.00,0.00,0.00,63.58,5.0,5.3
565,2024/25,184254,50,48,66,2160,0,0,4,37,0,0,0,1,0,68,2,293,587.8,0.0,0.0,58.5,0,0,0,0,24,0.00,0.00,0.00,33.60,5.0,4.8
566,2019/20,214572,40,40,0,0,0,0,0,0,0,0,0,0,0,0,0,0,0.0,0.0,0.0,0.0,0,0,0,0,0,0.00,0.00,0.00,0.00,4.0,4.0
566,2021/22,214572,40,40,0,0,0,0,0,0,0,0,0,0,0,0,0,0,0.0,0.0,0.0,0.0,0,0,0,0,0,0.00,0.00,0.00,0.00,4.0,4.0
566,2022/23,214572,40,39,0,0,0,0,0,0,0,0,0,0,0,0,0,0,0.0,0.0,0.0,0.0,0,0,0,0,0,0.00,0.00,0.00,0.00,4.0,3.9
566,2023/24,214572,40,39,0,0,0,0,0,0,0,0,0,0,0,0,0,0,0.0,0.0,0.0,0.0,0,0,0,0,0,0.00,0.00,0.00,0.00,4.0,3.9
566,2024/25,214572,40,40,1,90,0,0,0,2,0,0,0,0,0,2,0,7,20.0,0.0,0.0,2.0,0,0,0,0,1,0.00,0.00,0.00,2.53,4.0,4.0
567,2024/25,485055,45,41,17,540,0,0,1,11,0,0,0,0,0,24,0,86,208.2,10.1,0.0,21.7,0,0,0,0,6,0.00,0.01,0.01,11.80,4.5,4.1
568,2022/23,441164,50,48,59,1132,3,3,2,26,0,0,0,0,0,0,5,253,330.4,403.7,175.0,90.9,0,0,0,0,13,1.81,2.29,4.10,19.42,5.0,4.8
568,2023/24,441164,50,59,136,3090,3,8,7,54,0,0,0,3,0,0,20,720,839.0,877.4,365.0,208.5,0,0,0,0,35,2.92,6.18,9.10,58.42,5.0,5.9
568,2024/25,441164,55,52,98,2606,2,6,6,47,0,0,0,5,0,0,6,456,778.4,932.9,200.0,191.2,0,0,0,192,28,1.63,4.71,6.34,49.37,5.5,5.2
569,2021/22,221632,50,48,63,1844,1,0,5,25,0,0,0,8,0,0,10,385,498.8,98.9,102.0,69.9,0,0,0,0,0,0.00,0.00,0.00,0.00,5.0,4.8
569,2022/23,221632,50,49,66,2363,0,2,8,41,0,0,0,9,1,0,3,447,546.2,136.2,91.0,77.3,0,0,0,0,26,1.50,1.02,2.52,34.11,5.0,4.9
569,2023/24,221632,45,51,107,2790,5,0,7,46,1,0,0,7,1,0,15,591,841.8,161.9,252.0,125.9,0,0,0,0,33,3.25,1.41,4.66,52.55,4.5,5.1
569,2024/25,221632,50,49,49,1416,1,1,3,22,0,0,0,3,0,0,3,245,343.2,113.1,232.0,69.0,0,0,0,111,18,1.52,0.81,2.33,19.31,5.0,4.9
570,2019/20,135720,45,42,9,275,0,1,1,8,0,0,0,0,1,0,0,46,58.4,26.0,6.0,8.9,0,0,0,0,0,0.00,0.00,0.00,0.00,4.5,4.2
570,2024/25,135720,45,44,16,842,0,0,1,18,0,0,0,0,0,0,0,104,242.0,34.4,72.0,34.9,0,0,0,97,9,0.40,0.12,0.52,17.19,4.5,4.4
571,2012/13,115556,40,44,99,3052,1,2,8,48,0,0,0,5,0,0,6,0,0.0,0.0,0.0,0.0,0,0,0,0,0,0.00,0.00,0.00,0.00,4.0,4.4
571,2013/14,115556,50,48,99,2874,2,1,6,46,0,0,0,3,0,0,12,179,0.0,0.0,0.0,0.0,0,0,0,0,0,0.00,0.00,0.00,0.00,5.0,4.8
571,2014/15,115556,50,44,31,895,0,1,2,12,0,0,0,3,0,0,2,160,0.0,0.0,0.0,0.0,0,0,0,0,0,0.00,0.00,0.00,0.00,5.0,4.4
571,2015/16,115556,45,40,52,1291,0,2,5,16,0,0,0,3,0,0,2,269,0.0,0.0,0.0,0.0,0,0,0,0,0,0.00,0.00,0.00,0.00,4.5,4.0
571,2016/17,115556,50,50,90,1739,1,3,8,13,0,0,0,1,0,0,5,443,452.0,449.6,156.0,105.8,0,0,0,0,0,0.00,0.00,0.00,0.00,5.0,5.0
571,2017/18,115556,55,58,143,2323,2,7,12,20,0,0,0,3,0,0,14,615,610.0,698.8,201.0,151.0,0,0,0,0,0,0.00,0.00,0.00,0.00,5.5,5.8
571,2018/19,115556,60,56,66,1837,0,0,6,26,0,0,0,2,0,0,5,361,388.2,256.6,176.0,82.3,0,0,0,0,0,0.00,0.00,0.00,0.00,6.0,5.6
571,2019/20,115556,55,53,41,1430,0,0,4,19,0,0,0,6,0,0,2,223,279.8,172.4,94.0,54.4,0,0,0,0,0,0.00,0.00,0.00,0.00,5.5,5.3
571,2020/21,115556,50,45,52,1340,0,2,4,16,0,0,0,1,0,0,1,253,232.8,136.8,65.0,43.4,0,0,0,0,0,0.00,0.00,0.00,0.00,5.0,4.5
571,2021/22,115556,45,45,105,2537,1,2,12,30,0,0,0,6,0,0,3,490,501.4,203.5,254.0,96.2,0,0,0,0,0,0.00,0.00,0.00,0.00,4.5,4.5
571,2022/23,115556,50,47,99,2284,2,3,9,33,0,0,0,4,0,0,3,470,434.0,291.8,172.0,89.9,0,0,0,0,26,1.01,1.47,2.48,26.59,5.0,4.7
571,2023/24,115556,45,43,34,1085,1,2,1,21,0,0,0,2,0,0,0,216,294.8,81.0,124.0,50.3,0,0,0,0,12,2.34,0.57,2.91,22.43,4.5,4.3
571,2024/25,115556,45,43,28,1329,0,0,3,26,0,0,0,5,0,0,0,154,343.6,42.1,49.0,43.7,0,0,0,127,14,0.27,0.50,0.77,25.79,4.5,4.3
572,2023/24,493125,45,42,14,424,0,0,1,7,0,0,0,1,0,0,0,82,95.4,7.4,6.0,11.0,0,0,0,0,4,0.14,0.01,0.15,8.20,4.5,4.2
572,2024/25,493125,45,43,24,1250,0,0,2,29,0,0,0,1,0,0,0,96,256.4,58.1,47.0,36.2,0,0,0,87,14,0.13,0.16,0.29,28.59,4.5,4.3
573,2022/23,232859,45,41,4,5,0,0,0,0,0,0,0,0,0,0,0,10,0.2,1.3,20.0,2.2,0,0,0,0,0,0.06,0.00,0.06,0.47,4.5,4.1
573,2023/24,232859,40,40,0,0,0,0,0,0,0,0,0,0,0,0,0,0,0.0,0.0,0.0,0.0,0,0,0,0,0,0.00,0.00,0.00,0.00,4.0,4.0
573,2024/25,232859,45,44,51,1790,1,2,3,39,1,0,0,2,1,0,6,216,433.0,226.6,100.0,76.1,0,0,0,133,19,0.58,1.41,1.99,34.79,4.5,4.4
574,2023/24,487053,45,49,79,2391,2,3,5,43,0,0,0,5,1,0,8,402,534.8,357.9,279.0,117.3,0,0,0,0,28,2.42,2.36,4.78,48.70,4.5,4.9
574,2024/25,487053,50,48,43,1923,0,1,2,35,1,0,0,2,0,0,0,233,354.8,256.5,132.0,74.5,0,0,0,131,24,0.31,1.22,1.53,33.28,5.0,4.8
575,2023/24,491279,45,44,81,2341,3,0,5,38,0,0,0,5,0,0,10,501,561.6,56.7,85.0,70.5,0,0,0,0,27,0.61,0.33,0.94,37.56,4.5,4.4
575,2024/25,491279,45,45,32,1014,0,2,2,17,0,0,0,4,0,0,2,139,212.0,39.4,57.0,30.9,0,0,0,66,12,0.54,0.70,1.24,13.28,4.5,4.5
576,2023/24,548308,40,40,0,0,0,0,0,0,0,0,0,0,0,0,0,0,0.0,0.0,0.0,0.0,0,0,0,0,0,0.00,0.00,0.00,0.00,4.0,4.0
576,2024/25,548308,40,40,0,0,0,0,0,0,0,0,0,0,0,0,0,0,0.0,0.0,0.0,0.0,0,0,0,0,0,0.00,0.00,0.00,0.00,4.0,4.0
579,2015/16,85971,80,75,70,1107,4,1,6,12,0,0,0,0,0,0,11,230,0.0,0.0,0.0,0.0,0,0,0,0,0,0.00,0.00,0.00,0.00,8.0,7.5
579,2016/17,85971,75,72,174,2063,14,9,10,18,0,0,0,2,0,0,13,512,753.4,642.3,1161.0,255.6,0,0,0,0,0,0.00,0.00,0.00,0.00,7.5,7.2
579,2017/18,85971,80,83,178,2292,12,8,14,18,0,0,0,0,0,0,16,544,725.8,588.2,1177.0,249.1,0,0,0,0,0,0.00,0.00,0.00,0.00,8.0,8.3
579,2018/19,85971,85,86,159,2033,12,8,10,23,0,0,0,2,1,0,17,489,690.6,508.0,1002.0,219.9,0,0,0,0,0,0.00,0.00,0.00,0.00,8.5,8.6
579,2019/20,85971,95,97,169,2478,11,13,7,32,0,0,1,0,2,0,18,544,800.6,606.1,1144.0,254.6,0,0,0,0,0,0.00,0.00,0.00,0.00,9.5,9.7
579,2020/21,85971,90,96,228,3119,17,11,13,36,0,0,0,0,0,0,26,777,1052.2,1049.9,1046.0,315.2,0,0,0,0,0,0.00,0.00,0.00,0.00,9.0,9.6
579,2021/22,85971,100,112,258,3009,23,10,18,30,0,0,0,2,0,0,27,819,1201.8,1051.5,1296.0,355.4,0,0,0,0,0,0.00,0.00,0.00,0.00,10.0,11.2
579,2022/23,85971,120,115,152,2886,10,6,9,55,0,0,0,2,0,0,8,471,732.6,852.0,919.0,250.2,0,0,0,0,33,9.80,4.56,14.36,42.74,12.0,11.5
579,2023/24,85971,90,100,213,2934,17,10,8,51,1,0,0,1,0,0,25,707,993.2,921.9,1131.0,304.7,0,0,0,0,34,11.49,7.87,19.36,53.77,9.0,10.0
579,2024/25,85971,100,97,129,2106,7,10,4,35,0,0,1,1,0,0,12,543,629.6,734.9,707.0,207.2,0,0,0,123,24,7.25,4.97,12.22,37.99,10.0,9.7
581,2018/19,172780,65,66,137,2831,7,7,8,44,0,0,1,3,1,0,12,619,801.4,1515.0,769.0,308.4,0,0,0,0,0,0.00,0.00,0.00,0.00,6.5,6.6
581,2019/20,172780,70,73,125,2624,6,5,10,26,0,0,0,4,0,0,14,548,642.4,1246.4,702.0,259.2,0,0,0,0,0,0.00,0.00,0.00,0.00,7.0,7.3
581,2020/21,172780,70,72,133,2093,8,7,10,28,0,0,0,4,0,0,12,473,588.4,770.3,668.0,202.5,0,0,0,0,0,0.00,0.00,0.00,0.00,7.0,7.2
581,2021/22,172780,70,69,181,2454,12,11,5,41,0,0,0,3,0,0,24,637,827.4,706.2,770.0,230.2,0,0,0,0,0,0.00,0.00,0.00,0.00,7.0,6.9
581,2022/23,172780,80,78,135,2479,10,9,4,54,0,0,1,10,0,0,9,520,802.4,984.9,805.0,259.7,0,0,0,0,28,8.50,5.53,14.03,47.16,8.0,7.8
581,2023/24,172780,75,78,117,2137,4,11,7,31,0,0,0,5,0,0,9,495,630.4,979.5,605.0,221.4,0,0,0,0,26,6.53,6.21,12.74,32.54,7.5,7.8
581,2024/25,172780,75,74,133,1799,9,8,6,32,0,0,0,6,0,0,15,592,683.4,702.3,495.0,187.8,0,0,0,140,21,5.54,5.92,11.46,32.39,7.5,7.4
582,2023/24,460842,65,67,137,2485,8,9,3,61,0,0,0,6,0,0,13,476,667.2,472.9,566.0,170.8,0,0,0,0,27,5.06,3.48,8.54,49.50,6.5,6.7
582,2024/25,460842,65,62,106,2589,5,4,7,46,0,0,0,2,1,0,5,373,471.6,552.5,752.0,177.5,0,0,0,189,31,6.97,2.67,9.64,43.46,6.5,6.2
583,2021/22,445044,60,63,99,1259,5,9,9,11,0,0,0,3,0,0,8,343,425.2,368.7,442.0,123.3,0,0,0,0,0,0.00,0.00,0.00,0.00,6.0,6.3
583,2022/23,445044,80,78,96,2062,2,7,8,40,0,0,0,2,0,0,5,310,410.8,639.4,514.0,156.0,0,0,0,0,23,2.68,4.76,7.44,30.15,8.0,7.8
583,2023/24,445044,70,67,130,2759,8,3,8,46,0,0,0,7,0,0,14,463,698.8,950.4,953.0,260.1,0,0,0,0,31,4.95,6.37,11.31,49.32,7.0,6.7
583,2024/25,445044,65,62,117,2386,7,4,6,41,0,0,0,3,0,0,9,426,613.6,843.8,733.0,218.7,0,0,0,193,27,4.06,4.03,8.09,42.39,6.5,6.2
584,2024/25,511499,60,58,42,908,2,2,2,20,0,0,0,2,0,0,2,151,183.8,208.3,236.0,62.3,0,0,0,65,11,2.96,1.55,4.51,17.39,6.0,5.8
585,2021/22,202993,50,49,52,1360,0,4,9,12,0,0,0,5,0,0,4,266,322.8,244.8,122.0,68.9,0,0,0,0,0,0.00,0.00,0.00,0.00,5.0,4.9
585,2022/23,202993,55,53,71,1501,5,2,6,24,0,0,0,8,0,0,7,342,489.6,180.2,236.0,90.7,0,0,0,0,17,2.26,0.68,2.94,19.71,5.5,5.3
585,2023/24,202993,55,54,32,997,1,1,1,25,0,0,0,7,0,0,0,153,193.0,174.9,156.0,52.1,0,0,0,0,13,2.01,1.05,3.06,19.98,5.5,5.4
585,2024/25,202993,50,49,49,1640,2,0,3,26,0,0,0,9,0,0,1,293,324.6,208.5,165.0,70.2,0,0,0,246,21,1.36,1.02,2.38,26.87,5.0,4.9
586,2024/25,570526,45,44,44,1200,0,2,3,25,0,0,0,3,0,0,0,216,237.2,218.7,97.0,55.0,0,0,0,165,11,0.71,0.82,1.53,24.33,4.5,4.4
587,2018/19,227127,50,46,43,1764,0,0,3,32,0,0,0,5,0,0,0,170,253.4,213.0,201.0,66.8,0,0,0,0,0,0.00,0.00,0.00,0.00,5.0,4.6
587,2019/20,227127,50,50,39,1253,1,0,4,18,0,0,0,4,0,0,0,207,238.8,110.6,101.0,45.1,0,0,0,0,0,0.00,0.00,0.00,0.00,5.0,5.0
587,2020/21,227127,45,44,77,3112,1,0,11,42,0,0,0,8,1,0,2,487,523.6,295.5,196.0,101.1,0,0,0,0,0,0.00,0.00,0.00,0.00,4.5,4.4
587,2021/22,227127,45,44,66,2110,1,2,7,28,0,0,0,10,0,0,9,351,429.2,169.3,126.0,72.4,0,0,0,0,0,0.00,0.00,0.00,0.00,4.5,4.4
587,2022/23,227127,50,47,27,998,0,0,1,20,0,0,0,6,0,0,0,176,129.8,137.0,24.0,29.0,0,0,0,0,10,0.17,0.37,0.54,13.91,5.0,4.7
587,2023/24,227127,50,50,44,2070,0,0,7,35,0,0,0,8,2,0,0,315,403.0,279.4,140.0,82.3,0,0,0,0,26,1.18,1.67,2.85,41.30,5.0,5.0
587,2024/25,227127,50,48,50,1396,2,0,3,28,0,0,0,7,0,0,4,258,283.8,133.8,59.0,48.0,0,0,0,193,16,0.64,0.48,1.12,26.38,5.0,4.8
588,2023/24,550839,50,50,82,2095,3,4,2,48,0,0,0,3,0,0,3,303,331.0,435.4,445.0,121.1,0,0,0,0,25,2.75,3.32,6.07,45.35,5.0,5.0
588,2024/25,550839,55,53,34,843,1,0,1,20,0,0,0,0,0,0,3,92,101.2,108.6,156.0,36.7,0,0,0,57,9,1.63,0.76,2.39,16.29,5.5,5.3
589,2022/23,235674,50,49,44,560,4,0,0,11,0,0,0,0,0,0,1,156,219.0,97.6,117.0,43.4,0,0,0,0,4,1.21,0.78,1.99,12.18,5.0,4.9
589,2023/24,235674,55,51,14,196,0,2,0,2,0,0,0,1,0,0,2,53,73.4,144.3,61.0,28.0,0,0,0,0,2,0.41,0.75,1.16,1.79,5.5,5.1
589,2024/25,235674,55,54,0,0,0,0,0,0,0,0,0,0,0,0,0,0,0.0,0.0,0.0,0.0,0,0,0,0,0,0.00,0.00,0.00,0.00,5.5,5.4
590,2021/22,436234,60,57,9,86,0,0,0,1,0,0,0,0,0,0,0,32,22.8,37.3,25.0,8.5,0,0,0,0,0,0.00,0.00,0.00,0.00,6.0,5.7
590,2022/23,436234,50,50,9,146,0,1,1,1,0,0,0,1,0,0,0,22,30.4,27.5,27.0,8.5,0,0,0,0,2,0.10,0.08,0.18,0.90,5.0,5.0
590,2023/24,436234,50,49,12,200,0,0,0,11,0,0,0,0,0,0,0,41,28.6,70.1,59.0,15.9,0,0,0,0,2,0.67,0.24,0.91,7.19,5.0,4.9
590,2024/25,436234,50,50,0,0,0,0,0,0,0,0,0,0,0,0,0,0,0.0,0.0,0.0,0.0,0,0,0,0,0,0.00,0.00,0.00,0.00,5.0,5.0
591,2021/22,547701,45,45,0,0,0,0,0,0,0,0,0,0,0,0,0,0,0.0,0.0,0.0,0.0,0,0,0,0,0,0.00,0.00,0.00,0.00,4.5,4.5
591,2022/23,547701,45,45,0,0,0,0,0,0,0,0,0,0,0,0,0,0,0.0,0.0,0.0,0.0,0,0,0,0,0,0.00,0.00,0.00,0.00,4.5,4.5
591,2024/25,547701,50,46,45,1750,0,0,2,41,1,0,0,1,0,0,0,253,254.6,71.4,15.0,34.3,0,0,0,162,19,0.03,0.19,0.22,37.33,5.0,4.6
592,2023/24,499721,45,45,2,3,0,0,0,0,0,0,0,0,0,0,0,4,1.0,0.5,0.0,0.1,0,0,0,0,0,0.00,0.00,0.00,0.05,4.5,4.5
592,2024/25,499721,45,45,19,359,0,2,0,5,0,0,0,0,0,0,0,51,33.2,45.2,34.0,11.0,0,0,0,19,3,0.20,0.56,0.76,6.87,4.5,4.5
593,2022/23,482442,45,42,14,211,0,1,0,11,0,0,0,1,0,0,0,60,55.4,26.8,4.0,8.6,0,0,0,0,2,0.06,0.03,0.09,5.80,4.5,4.2
593,2023/24,482442,45,44,86,2063,3,3,9,27,0,0,0,9,0,0,4,397,406.0,373.3,317.0,110.2,0,0,0,0,27,3.17,2.09,5.26,34.83,4.5,4.4
593,2024/25,482442,50,47,71,1901,3,2,2,38,0,0,0,6,0,0,4,365,398.4,257.2,220.0,87.2,0,0,0,228,22,3.72,0.78,4.50,36.38,5.0,4.7
594,2024/25,623095,45,45,0,0,0,0,0,0,0,0,0,0,0,0,0,0,0.0,0.0,0.0,0.0,0,0,0,0,0,0.00,0.00,0.00,0.00,4.5,4.5
595,2024/25,499726,45,45,0,0,0,0,0,0,0,0,0,0,0,0,0,0,0.0,0.0,0.0,0.0,0,0,0,0,0,0.00,0.00,0.00,0.00,4.5,4.5
596,2014/15,154566,50,50,0,0,0,0,0,0,0,0,0,0,0,0,0,0,0.0,0.0,0.0,0.0,0,0,0,0,0,0.00,0.00,0.00,0.00,5.0,5.0
596,2015/16,154566,50,50,0,0,0,0,0,0,0,0,0,0,0,0,0,0,0.0,0.0,0.0,0.0,0,0,0,0,0,0.00,0.00,0.00,0.00,5.0,5.0
596,2016/17,154566,50,50,0,0,0,0,0,0,0,0,0,0,0,0,0,0,0.0,0.0,0.0,0.0,0,0,0,0,0,0.00,0.00,0.00,0.00,5.0,5.0
596,2017/18,154566,50,46,38,581,1,2,3,4,0,0,0,0,0,0,2,107,123.8,199.4,350.0,66.4,0,0,0,0,0,0.00,0.00,0.00,0.00,5.0,4.6
596,2018/19,154566,50,47,15,340,0,1,0,5,0,0,0,0,0,0,0,45,79.0,96.0,154.0,33.0,0,0,0,0,0,0.00,0.00,0.00,0.00,5.0,4.7
596,2019/20,154566,55,51,69,1637,3,2,1,39,0,0,0,1,0,0,3,177,223.2,202.5,569.0,99.4,0,0,0,0,0,0.00,0.00,0.00,0.00,5.5,5.1
596,2022/23,154566,60,56,130,2865,6,10,8,52,0,0,0,2,0,0,14,339,528.8,282.1,1053.0,185.7,0,0,0,0,32,9.09,2.30,11.39,51.51,6.0,5.6
596,2023/24,154566,65,69,175,3325,19,3,10,61,0,0,1,3,0,0,20,560,902.0,479.6,1348.0,272.7,0,0,0,0,37,19.64,2.11,21.75,56.58,6.5,6.9
596,2024/25,154566,75,73,108,2199,9,5,4,43,1,0,0,0,0,0,7,404,505.8,199.8,729.0,142.1,0,0,0,89,25,10.89,1.13,12.02,40.14,7.5,7.3
597,2017/18,212319,60,58,125,2817,5,8,8,54,0,0,0,4,0,0,4,304,497.0,384.7,1217.0,209.3,0,0,0,0,0,0.00,0.00,0.00,0.00,6.0,5.8
597,2018/19,212319,65,64,153,2662,13,3,11,36,0,0,0,5,1,0,12,400,698.4,350.7,1209.0,224.5,0,0,0,0,0,0.00,0.00,0.00,0.00,6.5,6.4
597,2019/20,212319,80,82,165,3070,13,5,9,51,0,0,0,8,0,0,13,519,814.6,478.1,1233.0,252.3,0,0,0,0,0,0.00,0.00,0.00,0.00,8.0,8.2
597,2020/21,212319,80,77,123,2862,7,6,11,38,0,0,0,4,1,0,18,415,576.4,359.7,1147.0,208.3,0,0,0,0,0,0.00,0.00,0.00,0.00,8.0,7.7
597,2021/22,212319,75,76,125,2522,10,6,7,46,0,0,0,9,0,0,19,413,651.4,383.7,1010.0,203.9,0,0,0,0,0,0.00,0.00,0.00,0.00,7.5,7.6
597,2022/23,212319,85,84,54,995,1,5,3,18,0,0,0,3,0,0,2,165,209.8,221.5,435.0,86.3,0,0,0,0,12,3.43,1.46,4.89,14.99,8.5,8.4
597,2023/24,212319,70,68,122,1481,11,4,7,18,0,0,0,3,0,0,7,305,560.6,208.4,758.0,152.1,0,0,0,0,18,9.49,1.42,10.91,25.59,7.0,6.8
597,2024/25,212319,70,68,35,497,4,1,1,9,0,0,0,2,0,0,0,138,180.8,57.1,243.0,47.4,0,0,0,25,4,3.71,0.60,4.31,7.29,7.0,6.8
598,2024/25,552427,45,45,3,10,0,0,0,0,0,0,0,0,0,0,0,7,0.0,0.0,0.0,0.0,0,0,0,0,0,0.00,0.00,0.00,0.02,4.5,4.5
599,2020/21,490145,45,45,1,1,0,0,0,0,0,0,0,0,0,0,0,3,0.0,0.0,0.0,0.0,0,0,0,0,0,0.00,0.00,0.00,0.00,4.5,4.5
599,2021/22,490145,45,45,1,3,0,0,0,0,0,0,0,0,0,0,0,4,1.0,0.0,0.0,0.1,0,0,0,0,0,0.00,0.00,0.00,0.00,4.5,4.5
599,2022/23,490145,45,45,0,0,0,0,0,0,0,0,0,0,0,0,0,0,0.0,0.0,0.0,0.0,0,0,0,0,0,0.00,0.00,0.00,0.00,4.5,4.5
599,2023/24,490145,45,45,4,19,0,0,0,0,0,0,0,0,0,0,0,10,2.0,0.4,6.0,0.8,0,0,0,0,0,0.00,0.00,0.00,0.02,4.5,4.5
599,2024/25,490145,45,44,6,31,0,1,0,1,0,0,0,0,0,0,0,20,24.4,11.0,17.0,5.2,0,0,0,5,0,0.04,0.00,0.04,0.83,4.5,4.4
673,2022/23,154296,50,49,83,3108,3,0,9,43,1,0,0,14,0,0,5,379,570.2,142.8,338.0,105.5,0,0,0,0,35,2.93,0.39,3.32,56.38,5.0,4.9
673,2023/24,154296,50,50,91,2698,4,1,9,46,0,0,0,13,0,0,8,387,659.2,219.0,365.0,124.5,0,0,0,0,31,3.39,0.99,4.38,49.59,5.0,5.0
790,2024/25,611917,45,45,0,0,0,0,0,0,0,0,0,0,0,0,0,0,0.0,0.0,0.0,0.0,0,0,0,0,0,0.00,0.00,0.00,0.00,4.5,4.5
796,2020/21,232787,55,55,71,2530,2,2,5,48,0,0,0,11,0,0,3,322,437.2,320.1,276.0,103.2,0,0,0,0,0,0.00,0.00,0.00,0.00,5.5,5.5
796,2021/22,232787,55,60,140,2843,8,6,11,38,0,0,0,10,0,0,16,469,673.8,635.9,672.0,197.9,0,0,0,0,0,0.00,0.00,0.00,0.00,5.5,6.0
796,2022/23,232787,60,56,66,1608,3,1,4,23,0,0,0,9,1,0,7,279,386.2,351.5,329.0,106.5,0,0,0,0,18,2.55,1.73,4.28,30.95,6.0,5.6
796,2023/24,232787,55,54,129,3129,5,8,8,56,0,0,0,7,1,0,10,618,754.8,821.5,401.0,197.4,0,0,0,0,37,4.01,3.53,7.54,52.43,5.5,5.4
796,2024/25,232787,60,59,0,0,0,0,0,0,0,0,0,0,0,0,0,0,0.0,0.0,0.0,0.0,0,0,0,0,0,0.00,0.00,0.00,0.00,6.0,5.9
326,2015/16,159533,60,52,15,193,0,2,0,8,0,0,0,1,0,0,0,48,0.0,0.0,0.0,0.0,0,0,0,0,0,0.00,0.00,0.00,0.00,6.0,5.2
326,2016/17,159533,50,48,52,1543,0,1,6,22,0,0,0,1,0,0,2,264,283.2,320.5,176.0,77.9,0,0,0,0,0,0.00,0.00,0.00,0.00,5.0,4.8
326,2018/19,159533,55,51,44,884,1,1,1,13,0,0,0,1,0,0,2,182,223.4,271.3,265.0,75.8,0,0,0,0,0,0.00,0.00,0.00,0.00,5.5,5.1
326,2019/20,159533,50,56,130,2599,4,9,7,33,0,0,0,1,0,0,14,522,727.2,786.4,583.0,209.7,0,0,0,0,0,0.00,0.00,0.00,0.00,5.0,5.6
326,2020/21,159533,65,60,94,2640,2,4,7,41,0,0,0,4,0,0,5,359,475.4,751.0,645.0,187.2,0,0,0,0,0,0.00,0.00,0.00,0.00,6.5,6.0
326,2021/22,159533,60,56,44,1069,1,1,5,10,0,0,0,0,0,0,0,168,192.0,271.1,300.0,76.6,0,0,0,0,0,0.00,0.00,0.00,0.00,6.0,5.6
326,2022/23,159533,55,53,66,1477,2,4,2,30,0,0,0,2,0,0,0,228,270.2,388.2,261.0,91.7,0,0,0,0,12,1.38,3.22,4.60,29.49,5.5,5.3
326,2023/24,159533,50,49,36,363,2,3,0,13,0,0,0,2,0,0,1,113,164.2,108.1,140.0,41.3,0,0,0,0,1,1.49,0.88,2.37,11.28,5.0,4.9
326,2024/25,159533,50,45,95,1756,2,8,3,28,0,0,0,3,0,0,8,384,385.4,632.1,426.0,144.6,0,0,0,112,18,4.11,4.61,8.72,25.17,5.0,4.5
600,2020/21,84182,45,45,124,3240,0,0,9,48,0,0,0,2,0,116,9,637,876.2,0.0,0.0,87.4,0,0,0,0,0,0.00,0.00,0.00,0.00,4.5,4.5
600,2021/22,84182,50,47,2,90,0,0,0,1,0,0,0,0,0,2,0,11,20.4,0.0,0.0,2.0,0,0,0,0,0,0.00,0.00,0.00,0.00,5.0,4.7
600,2022/23,84182,45,43,7,307,0,0,0,7,0,0,0,0,0,9,0,42,69.4,0.0,0.0,6.8,0,0,0,0,2,0.00,0.00,0.00,7.63,4.5,4.3
600,2023/24,84182,40,42,116,2700,0,0,4,53,1,2,0,1,0,138,11,598,1023.2,0.0,0.0,102.4,0,0,0,0,31,0.00,0.00,0.00,54.72,4.0,4.2
600,2024/25,84182,45,42,69,2259,0,0,4,41,1,0,0,0,0,82,1,261,619.8,0.0,0.0,62.1,0,0,0,0,25,0.00,0.00,0.00,37.78,4.5,4.2
601,2020/21,82143,45,43,0,0,0,0,0,0,0,0,0,0,0,0,0,0,0.0,0.0,0.0,0.0,0,0,0,0,0,0.00,0.00,0.00,0.00,4.5,4.3
601,2023/24,82143,45,44,70,2648,0,0,1,79,1,0,0,2,0,133,7,531,966.0,10.0,0.0,97.7,0,0,0,0,29,0.00,0.05,0.05,62.03,4.5,4.4
601,2024/25,82143,45,42,0,0,0,0,0,0,0,0,0,0,0,0,0,0,0.0,0.0,0.0,0.0,0,0,0,0,0,0.00,0.00,0.00,0.00,4.5,4.2
602,2022/23,483364,40,39,0,0,0,0,0,0,0,0,0,0,0,0,0,0,0.0,0.0,0.0,0.0,0,0,0,0,0,0.00,0.00,0.00,0.00,4.0,3.9
604,2017/18,109533,55,52,14,278,0,1,1,4,0,0,0,0,0,0,0,68,61.8,28.7,48.0,13.8,0,0,0,0,0,0.00,0.00,0.00,0.00,5.5,5.2
604,2018/19,109533,55,52,22,660,0,0,2,11,0,0,0,0,0,0,1,130,104.6,113.8,81.0,30.0,0,0,0,0,0,0.00,0.00,0.00,0.00,5.5,5.2
604,2019/20,109533,55,54,19,1022,0,0,1,21,0,0,0,3,0,0,0,181,207.8,298.7,225.0,73.2,0,0,0,0,0,0.00,0.00,0.00,0.00,5.5,5.4
604,2020/21,109533,50,47,7,88,0,0,1,0,0,0,0,0,0,0,0,24,17.4,7.7,2.0,2.7,0,0,0,0,0,0.00,0.00,0.00,0.00,5.0,4.7
604,2021/22,109533,45,45,1,4,0,0,0,0,0,0,0,0,0,0,0,3,0.0,0.1,2.0,0.2,0,0,0,0,0,0.00,0.00,0.00,0.00,4.5,4.5
604,2022/23,109533,40,40,39,1317,1,0,2,28,0,0,0,2,0,0,2,209,233.4,204.8,183.0,62.4,0,0,0,0,16,0.80,0.77,1.57,23.26,4.0,4.0
604,2023/24,109533,45,43,82,3138,1,4,5,67,1,0,0,10,0,0,8,519,649.0,400.2,168.0,121.8,0,0,0,0,35,1.64,2.07,3.71,68.08,4.5,4.3
604,2024/25,109533,45,44,76,2108,2,1,5,41,0,0,0,5,0,0,4,219,420.4,310.9,173.0,90.4,0,0,0,145,26,1.95,2.19,4.14,37.51,4.5,4.4
605,2018/19,214048,40,40,1,1,0,0,0,0,0,0,0,0,0,0,0,3,0.0,0.0,0.0,0.0,0,0,0,0,0,0.00,0.00,0.00,0.00,4.0,4.0
605,2019/20,214048,40,39,5,184,0,0,0,2,0,0,0,0,0,0,0,24,35.2,1.2,0.0,3.7,0,0,0,0,0,0.00,0.00,0.00,0.00,4.0,3.9
605,2020/21,214048,40,38,58,1307,0,1,5,11,0,0,0,4,0,0,8,258,249.6,67.4,78.0,39.4,0,0,0,0,0,0.00,0.00,0.00,0.00,4.0,3.8
605,2021/22,214048,45,45,106,2688,1,1,10,25,0,0,0,3,0,0,5,536,587.8,68.8,207.0,86.5,0,0,0,0,0,0.00,0.00,0.00,0.00,4.5,4.5
605,2022/23,214048,45,43,109,3307,0,1,11,56,0,0,0,3,0,0,12,622,742.8,77.6,108.0,93.2,0,0,0,0,37,1.31,0.50,1.81,56.60,4.5,4.3
605,2023/24,214048,45,44,82,3420,2,0,5,65,0,0,0,7,0,0,3,592,853.6,233.1,212.0,130.2,0,0,0,0,38,1.78,1.12,2.90,67.17,4.5,4.4
605,2024/25,214048,45,43,82,3348,0,1,6,62,0,0,0,5,0,0,5,395,832.6,203.3,149.0,118.8,0,0,0,327,38,1.55,1.19,2.74,59.71,4.5,4.3
606,2017/18,233963,45,42,4,194,0,0,1,5,0,0,0,0,1,0,0,41,52.2,1.3,2.0,5.5,0,0,0,0,0,0.00,0.00,0.00,0.00,4.5,4.2
606,2018/19,233963,50,47,3,147,0,0,0,1,0,0,0,1,0,0,0,28,27.0,14.1,10.0,5.2,0,0,0,0,0,0.00,0.00,0.00,0.00,5.0,4.7
606,2019/20,233963,45,43,0,0,0,0,0,0,0,0,0,0,0,0,0,0,0.0,0.0,0.0,0.0,0,0,0,0,0,0.00,0.00,0.00,0.00,4.5,4.3
606,2021/22,233963,45,45,0,0,0,0,0,0,0,0,0,0,0,0,0,0,0.0,0.0,0.0,0.0,0,0,0,0,0,0.00,0.00,0.00,0.00,4.5,4.5
606,2023/24,233963,45,45,40,1500,1,0,3,27,2,0,0,2,0,0,3,229,300.2,41.9,112.0,45.3,0,0,0,0,16,1.19,0.09,1.28,29.36,4.5,4.5
606,2024/25,233963,45,43,45,2035,0,0,2,39,0,0,0,4,1,0,4,234,497.0,74.9,160.0,73.2,0,0,0,216,21,1.61,0.39,2.00,37.11,4.5,4.3
607,2022/23,210494,50,48,58,1594,2,0,5,28,0,0,0,4,0,0,5,320,428.2,67.9,118.0,61.4,0,0,0,0,17,2.23,0.23,2.46,28.42,5.0,4.8
607,2023/24,210494,45,44,36,1857,1,0,2,44,0,0,0,1,1,0,0,282,439.4,58.1,145.0,64.4,0,0,0,0,21,1.37,0.41,1.78,38.79,4.5,4.4
607,2024/25,210494,45,44,0,0,0,0,0,0,0,0,0,0,0,0,0,0,0.0,0.0,0.0,0.0,0,0,0,0,0,0.00,0.00,0.00,0.00,4.5,4.4
608,2023/24,536109,40,40,0,0,0,0,0,0,0,0,0,0,0,0,0,0,0.0,0.0,0.0,0.0,0,0,0,0,0,0.00,0.00,0.00,0.00,4.0,4.0
608,2024/25,536109,40,40,29,659,0,0,2,9,0,0,0,1,0,0,2,98,106.4,54.3,24.0,18.6,0,0,0,54,7,0.11,0.18,0.29,10.12,4.0,4.0
609,2024/25,462116,45,42,54,1824,0,0,5,33,0,0,0,3,0,0,1,233,373.0,37.1,35.0,44.5,0,0,0,168,20,0.36,0.06,0.42,29.86,4.5,4.2
610,2016/17,214590,45,45,0,0,0,0,0,0,0,0,0,0,0,0,0,0,0.0,0.0,0.0,0.0,0,0,0,0,0,0.00,0.00,0.00,0.00,4.5,4.5
610,2017/18,214590,45,45,15,627,0,0,2,10,0,0,0,1,0,0,0,116,207.2,60.0,2.0,26.8,0,0,0,0,0,0.00,0.00,0.00,0.00,4.5,4.5
610,2018/19,214590,40,46,120,3134,0,3,12,47,0,0,0,4,1,0,18,672,863.4,266.8,139.0,127.1,0,0,0,0,0,0.00,0.00,0.00,0.00,4.0,4.6
610,2019/20,214590,55,55,127,3070,0,4,12,33,0,0,0,8,0,0,16,659,749.2,443.3,133.0,132.8,0,0,0,0,0,0.00,0.00,0.00,0.00,5.5,5.5
610,2020/21,214590,55,58,144,3060,2,5,13,36,0,0,0,3,0,0,11,729,785.4,498.2,159.0,144.1,0,0,0,0,0,0.00,0.00,0.00,0.00,5.5,5.8
610,2021/22,214590,55,51,41,1793,0,0,3,35,0,0,0,2,0,0,3,329,371.8,237.0,123.0,73.3,0,0,0,0,0,0.00,0.00,0.00,0.00,5.5,5.1
610,2022/23,214590,45,43,67,1432,0,0,8,10,0,0,0,2,0,0,3,308,290.4,221.9,143.0,65.5,0,0,0,0,16,1.19,0.91,2.10,19.17,4.5,4.3
610,2023/24,214590,45,44,47,1778,0,2,3,34,0,0,0,4,0,0,5,323,397.8,196.5,60.0,65.5,0,0,0,0,20,0.11,1.47,1.58,38.57,4.5,4.4
610,2024/25,214590,45,45,118,3154,2,6,6,59,1,0,0,1,0,0,15,496,807.4,531.5,188.0,152.7,0,0,0,258,35,1.18,2.75,3.93,56.95,4.5,4.5
611,2022/23,518438,40,40,0,0,0,0,0,0,0,0,0,0,0,0,0,0,0.0,0.0,0.0,0.0,0,0,0,0,0,0.00,0.00,0.00,0.00,4.0,4.0
611,2023/24,518438,40,40,1,1,0,0,0,0,0,0,0,0,0,0,0,3,2.0,0.0,0.0,0.2,0,0,0,0,0,0.00,0.00,0.00,0.00,4.0,4.0
611,2024/25,518438,40,40,1,1,0,0,0,0,0,0,0,0,0,0,0,3,2.0,0.0,0.0,0.2,0,0,0,1,0,0.00,0.00,0.00,0.09,4.0,4.0
612,2022/23,224024,60,59,98,2154,4,5,6,39,0,0,0,5,0,0,8,395,504.4,471.9,474.0,145.4,0,0,0,0,27,4.39,2.62,7.01,33.84,6.0,5.9
612,2023/24,224024,60,60,100,2627,4,6,4,52,0,0,0,10,0,0,7,398,570.6,722.3,343.0,163.7,0,0,0,0,31,5.19,4.93,10.12,50.96,6.0,6.0
612,2024/25,224024,60,57,80,2374,4,1,4,50,0,0,0,10,0,0,5,375,433.2,627.7,267.0,132.6,0,0,0,271,27,5.36,3.36,8.72,43.32,6.0,5.7
613,2019/20,215439,50,48,41,1039,3,0,1,18,1,0,0,0,0,0,3,155,254.2,73.1,293.0,62.1,0,0,0,0,0,0.00,0.00,0.00,0.00,5.0,4.8
613,2020/21,215439,50,52,147,3420,10,2,11,47,1,0,0,7,1,0,16,555,889.8,271.1,925.0,208.8,0,0,0,0,0,0.00,0.00,0.00,0.00,5.0,5.2
613,2021/22,215439,60,57,114,3061,5,1,6,46,0,0,0,3,0,0,14,485,662.0,300.1,690.0,165.6,0,0,0,0,0,0.00,0.00,0.00,0.00,6.0,5.7
613,2022/23,215439,55,50,100,2811,2,4,8,42,0,0,0,3,0,0,6,364,565.6,230.1,472.0,127.1,0,0,0,0,32,4.02,1.03,5.05,43.04,5.5,5.0
613,2023/24,215439,50,49,116,2867,7,2,5,64,0,0,0,7,0,0,9,456,751.6,262.5,488.0,150.3,0,0,0,0,34,6.69,1.14,7.83,62.38,5.0,4.9
613,2024/25,215439,50,48,126,2563,9,2,7,44,0,0,0,8,0,0,15,442,672.6,231.8,643.0,154.0,0,0,0,234,30,6.60,1.27,7.87,44.29,5.0,4.8
615,2020/21,450070,45,44,0,0,0,0,0,0,0,0,0,0,0,0,0,0,0.0,0.0,0.0,0.0,0,0,0,0,0,0.00,0.00,0.00,0.00,4.5,4.4
615,2021/22,450070,45,45,6,126,0,0,0,1,0,0,0,0,0,0,0,20,18.6,32.0,36.0,8.6,0,0,0,0,0,0.00,0.00,0.00,0.00,4.5,4.5
615,2022/23,450070,45,42,74,1411,4,4,1,38,0,0,0,4,0,0,4,235,311.8,222.6,357.0,88.6,0,0,0,0,12,2.83,1.11,3.94,28.93,4.5,4.2
615,2024/25,450070,60,55,33,776,1,1,2,20,0,0,0,2,0,0,2,129,156.4,246.1,186.0,58.7,0,0,0,61,7,1.61,1.71,3.32,17.58,6.0,5.5
616,2023/24,213999,50,50,62,2375,1,1,5,45,0,0,0,11,0,0,3,345,545.8,193.1,89.0,82.7,0,0,0,0,28,1.37,0.81,2.18,49.85,5.0,5.0
616,2024/25,213999,50,50,40,1769,0,1,3,31,0,0,0,7,1,0,0,221,281.8,213.9,51.0,54.7,0,0,0,205,20,0.39,0.89,1.28,30.15,5.0,5.0
617,2021/22,149519,60,58,104,1764,9,2,5,24,0,0,1,2,0,0,9,242,434.6,260.4,620.0,131.5,0,0,0,0,0,0.00,0.00,0.00,0.00,6.0,5.8
617,2022/23,149519,60,59,14,232,0,0,0,5,0,0,0,0,0,0,0,22,27.8,30.7,71.0,12.5,0,0,0,0,2,1.26,0.12,1.38,4.77,6.0,5.9
617,2023/24,149519,55,52,13,109,1,0,0,3,0,0,0,0,0,0,0,40,44.0,48.4,54.0,14.6,0,0,0,0,1,0.40,0.02,0.42,2.82,5.5,5.2
617,2024/25,149519,50,47,1,71,0,0,0,4,0,0,0,1,0,0,0,12,11.6,3.5,7.0,2.2,0,0,0,9,1,0.16,0.00,0.16,1.79,5.0,4.7
618,2024/25,197024,50,48,36,1147,0,1,4,19,0,0,0,6,0,0,0,193,205.4,79.7,29.0,31.5,0,0,0,141,16,0.22,0.17,0.39,20.67,5.0,4.8
619,2024/25,577114,50,46,12,139,0,0,0,5,0,0,0,0,0,0,0,47,27.6,49.1,32.0,10.8,0,0,0,12,1,0.42,0.13,0.55,2.61,5.0,4.6
620,2023/24,490885,45,45,8,33,1,0,0,0,0,0,0,0,0,0,0,27,32.8,2.0,33.0,6.9,0,0,0,0,0,0.35,0.00,0.35,0.16,4.5,4.5
620,2024/25,490885,45,45,0,0,0,0,0,0,0,0,0,0,0,0,0,0,0.0,0.0,0.0,0.0,0,0,0,0,0,0.00,0.00,0.00,0.00,4.5,4.5
621,2024/25,229384,50,47,9,161,0,0,0,4,0,0,0,2,0,0,0,38,37.6,26.5,17.0,8.1,0,0,0,24,1,0.13,0.12,0.25,4.48,5.0,4.7
622,2023/24,518442,45,45,0,0,0,0,0,0,0,0,0,0,0,0,0,0,0.0,0.0,0.0,0.0,0,0,0,0,0,0.00,0.00,0.00,0.00,4.5,4.5
622,2024/25,518442,45,45,2,47,0,0,0,1,0,0,0,0,0,0,0,13,6.4,27.6,6.0,4.0,0,0,0,8,0,0.03,0.04,0.07,1.23,4.5,4.5
624,2016/17,178186,45,45,8,181,0,0,0,8,0,0,0,0,0,0,0,21,3.8,17.9,36.0,5.7,0,0,0,0,0,0.00,0.00,0.00,0.00,4.5,4.5
624,2019/20,178186,65,64,44,916,1,4,1,13,0,0,0,0,0,0,3,173,221.4,235.0,342.0,79.8,0,0,0,0,0,0.00,0.00,0.00,0.00,6.5,6.4
624,2020/21,178186,65,58,141,2556,8,6,9,33,0,0,0,0,0,0,8,434,529.8,493.5,812.0,183.7,0,0,0,0,0,0.00,0.00,0.00,0.00,6.5,5.8
624,2021/22,178186,65,69,206,2987,12,17,8,46,0,0,0,6,0,0,24,586,822.2,627.2,1223.0,267.4,0,0,0,0,0,0.00,0.00,0.00,0.00,6.5,6.9
624,2022/23,178186,85,80,145,3232,6,9,9,50,0,0,1,2,0,0,9,431,630.2,686.4,1099.0,241.8,0,0,0,0,36,9.38,6.00,15.38,47.84,8.5,8.0
624,2023/24,178186,70,76,182,3020,16,6,5,63,0,0,0,2,0,0,14,519,890.4,463.8,1130.0,247.8,0,0,0,0,34,11.96,4.90,16.86,62.39,7.0,7.6
624,2024/25,178186,75,79,193,2974,13,11,8,50,0,0,0,1,0,0,21,678,903.0,737.8,1081.0,271.9,0,0,0,211,34,8.60,6.47,15.07,51.12,7.5,7.9
625,2024/25,91889,70,67,42,783,3,2,2,18,0,0,0,2,0,0,3,152,187.2,173.3,221.0,56.8,0,0,0,39,6,2.14,0.47,2.61,14.22,7.0,6.7
626,2023/24,565431,45,45,0,0,0,0,0,0,0,0,0,0,0,0,0,0,0.0,0.0,0.0,0.0,0,0,0,0,0,0.00,0.00,0.00,0.00,4.5,4.5
659,2015/16,158534,40,40,0,0,0,0,0,0,0,0,0,0,0,0,0,0,0.0,0.0,0.0,0.0,0,0,0,0,0,0.00,0.00,0.00,0.00,4.0,4.0
659,2017/18,158534,45,40,13,188,0,2,1,4,0,0,0,0,0,0,0,73,70.4,48.3,10.0,12.9,0,0,0,0,0,0.00,0.00,0.00,0.00,4.5,4.0
659,2018/19,158534,45,42,28,374,0,3,2,4,0,0,0,1,0,0,4,112,107.4,104.9,20.0,23.1,0,0,0,0,0,0.00,0.00,0.00,0.00,4.5,4.2
659,2019/20,158534,50,44,32,944,0,1,2,12,0,0,0,1,0,0,2,194,168.2,108.6,48.0,32.2,0,0,0,0,0,0.00,0.00,0.00,0.00,5.0,4.4
659,2020/21,158534,45,47,93,2646,0,3,9,41,0,0,0,4,0,0,7,498,497.6,262.2,316.0,107.5,0,0,0,0,0,0.00,0.00,0.00,0.00,4.5,4.7
659,2021/22,158534,50,48,82,2630,1,3,6,49,0,0,0,5,0,0,7,481,481.8,376.9,425.0,128.0,0,0,0,0,0,0.00,0.00,0.00,0.00,5.0,4.8
659,2022/23,158534,45,44,56,2650,1,0,3,58,0,0,0,4,0,0,2,335,420.6,279.5,219.0,91.9,0,0,0,0,30,1.08,2.50,3.58,51.26,4.5,4.4
659,2024/25,158534,45,42,54,2918,0,3,2,77,0,0,0,5,0,0,3,240,503.8,406.8,237.0,114.4,0,0,0,153,33,0.85,2.30,3.14,76.26,4.5,4.2
671,2015/16,75115,55,53,46,771,5,0,1,15,0,0,0,0,0,0,5,161,0.0,0.0,0.0,0.0,0,0,0,0,0,0.00,0.00,0.00,0.00,5.5,5.3
671,2016/17,75115,65,60,63,1361,6,1,6,25,0,0,0,0,0,0,2,170,229.0,125.7,487.0,82.2,0,0,0,0,0,0.00,0.00,0.00,0.00,6.5,6.0
671,2017/18,75115,60,56,102,1981,8,2,6,33,0,0,0,0,0,0,13,282,392.2,288.4,799.0,147.5,0,0,0,0,0,0.00,0.00,0.00,0.00,6.0,5.6
671,2018/19,75115,60,69,168,2528,14,12,9,47,0,0,1,3,0,0,22,525,737.8,388.4,1137.0,225.0,0,0,0,0,0,0.00,0.00,0.00,0.00,6.0,6.9
671,2019/20,75115,80,74,116,2906,8,6,4,53,0,0,0,9,0,0,8,321,397.4,391.1,848.0,162.6,0,0,0,0,0,0.00,0.00,0.00,0.00,8.0,7.4
671,2020/21,75115,65,65,134,2081,12,6,5,37,0,0,0,2,0,0,22,409,557.4,230.4,761.0,154.7,0,0,0,0,0,0.00,0.00,0.00,0.00,6.5,6.5
671,2021/22,75115,75,71,75,1386,8,0,3,32,0,0,0,4,0,0,14,220,319.8,127.3,494.0,92.4,0,0,0,0,0,0.00,0.00,0.00,0.00,7.5,7.1
671,2022/23,75115,75,73,157,1870,18,6,10,16,0,0,0,4,0,0,20,526,722.2,271.3,1022.0,200.9,0,0,0,0,21,16.43,2.11,18.54,21.93,7.5,7.3
671,2023/24,75115,80,78,69,981,9,1,6,15,0,0,0,3,0,0,4,246,366.2,110.3,563.0,103.2,0,0,0,0,9,8.96,0.54,9.50,13.12,8.0,7.8
671,2024/25,75115,70,69,19,355,0,0,0,7,0,0,0,1,0,0,0,42,13.0,42.2,71.0,12.1,0,0,0,15,2,0.36,0.09,0.45,6.07,7.0,6.9
679,2024/25,467189,45,44,63,2385,0,0,1,58,0,1,0,1,0,103,1,231,827.0,0.2,0.0,82.8,0,0,0,0,27,0.00,0.02,0.02,55.09,4.5,4.4
708,2024/25,551226,50,50,95,2911,2,4,5,66,0,0,0,8,0,0,8,513,553.4,649.5,372.0,157.8,0,0,0,334,34,4.12,3.62,7.74,70.78,5.0,5.0
738,2007/08,37096,50,46,15,248,0,0,0,2,0,0,0,0,0,8,0,0,0.0,0.0,0.0,0.0,0,0,0,0,0,0.00,0.00,0.00,0.00,5.0,4.6
738,2008/09,37096,50,46,20,463,0,0,0,10,0,0,0,0,0,18,0,0,0.0,0.0,0.0,0.0,0,0,0,0,0,0.00,0.00,0.00,0.00,5.0,4.6
738,2009/10,37096,50,49,15,360,0,0,0,5,0,0,0,1,0,11,0,0,0.0,0.0,0.0,0.0,0,0,0,0,0,0.00,0.00,0.00,0.00,5.0,4.9
738,2010/11,37096,50,45,55,1260,0,1,5,14,0,0,0,0,0,33,2,0,0.0,0.0,0.0,0.0,0,0,0,0,0,0.00,0.00,0.00,0.00,5.0,4.5
738,2011/12,37096,55,53,0,0,0,0,0,0,0,0,0,0,0,0,0,0,0.0,0.0,0.0,0.0,0,0,0,0,0,0.00,0.00,0.00,0.00,5.5,5.3
738,2012/13,37096,45,42,13,360,0,0,1,3,0,0,0,0,0,7,0,0,0.0,0.0,0.0,0.0,0,0,0,0,0,0.00,0.00,0.00,0.00,4.5,4.2
738,2013/14,37096,45,42,7,90,0,0,1,0,0,0,0,0,0,5,0,8,0.0,0.0,0.0,0.0,0,0,0,0,0,0.00,0.00,0.00,0.00,4.5,4.2
738,2014/15,37096,50,53,151,3307,0,0,13,47,0,0,0,0,1,137,9,626,0.0,0.0,0.0,0.0,0,0,0,0,0,0.00,0.00,0.00,0.00,5.0,5.3
738,2015/16,37096,50,47,123,3330,0,1,9,51,0,0,0,1,0,114,4,686,0.0,0.0,0.0,0.0,0,0,0,0,0,0.00,0.00,0.00,0.00,5.0,4.7
738,2016/17,37096,50,48,116,3330,0,0,8,69,0,1,0,1,0,117,8,650,780.4,0.1,0.0,78.1,0,0,0,0,0,0.00,0.00,0.00,0.00,5.0,4.8
738,2017/18,37096,45,47,157,3420,0,0,9,56,0,3,0,0,0,137,14,772,1087.8,10.0,0.0,109.9,0,0,0,0,0,0.00,0.00,0.00,0.00,4.5,4.7
738,2018/19,37096,45,47,143,3420,0,0,7,55,0,1,0,0,0,148,15,742,1136.0,20.0,0.0,115.5,0,0,0,0,0,0.00,0.00,0.00,0.00,4.5,4.7
738,2019/20,37096,50,49,83,2117,0,0,5,34,0,1,0,1,0,72,5,414,531.2,0.0,0.0,53.2,0,0,0,0,0,0.00,0.00,0.00,0.00,5.0,4.9
738,2020/21,37096,50,50,133,3150,0,0,10,44,0,1,0,2,0,102,11,634,745.2,0.0,0.0,74.4,0,0,0,0,0,0.00,0.00,0.00,0.00,5.0,5.0
738,2021/22,37096,50,50,136,3330,0,0,8,50,0,3,0,2,0,114,9,661,918.6,0.0,0.0,91.8,0,0,0,0,0,0.00,0.00,0.00,0.00,5.0,5.0
738,2022/23,37096,50,49,127,3111,0,0,9,48,0,1,0,1,0,109,10,622,772.0,0.0,0.0,77.0,0,0,0,0,36,0.00,0.00,0.00,45.55,5.0,4.9
738,2023/24,37096,45,42,24,721,0,0,1,21,0,0,0,0,0,33,1,152,245.6,0.0,0.0,24.6,0,0,0,0,7,0.00,0.00,0.00,17.00,4.5,4.2
738,2024/25,37096,40,39,39,1160,0,0,2,21,0,0,0,2,0,50,2,143,387.8,0.3,0.0,38.7,0,0,0,0,13,0.00,0.00,0.00,22.78,4.0,3.9
747,2024/25,602903,40,40,0,0,0,0,0,0,0,0,0,0,0,0,0,0,0.0,0.0,0.0,0.0,0,0,0,0,0,0.00,0.00,0.00,0.00,4.0,4.0
815,2023/24,220362,50,49,71,2579,2,0,5,50,1,0,0,6,0,0,6,468,573.2,105.5,172.0,85.1,0,0,0,0,29,2.35,1.46,3.81,43.96,5.0,4.9
815,2024/25,220362,45,42,33,851,1,0,3,12,0,0,0,3,0,0,0,133,169.6,75.6,51.0,29.7,0,0,0,52,9,0.37,0.37,0.74,16.70,4.5,4.2
627,2012/13,101982,40,40,0,0,0,0,0,0,0,0,0,0,0,0,0,0,0.0,0.0,0.0,0.0,0,0,0,0,0,0.00,0.00,0.00,0.00,4.0,4.0
627,2013/14,101982,40,40,0,0,0,0,0,0,0,0,0,0,0,0,0,0,0.0,0.0,0.0,0.0,0,0,0,0,0,0.00,0.00,0.00,0.00,4.0,4.0
627,2015/16,101982,45,43,0,0,0,0,0,0,0,0,0,0,0,0,0,0,0.0,0.0,0.0,0.0,0,0,0,0,0,0.00,0.00,0.00,0.00,4.5,4.3
627,2020/21,101982,45,46,140,3330,0,1,6,74,0,1,0,1,0,166,19,768,1213.6,10.0,0.0,122.4,0,0,0,0,0,0.00,0.00,0.00,0.00,4.5,4.6
627,2022/23,101982,45,44,36,810,0,0,3,10,0,0,0,1,0,26,5,159,177.4,0.0,0.0,17.8,0,0,0,0,9,0.00,0.00,0.00,8.81,4.5,4.4
627,2023/24,101982,45,43,68,1796,0,0,6,27,0,0,0,1,0,41,7,310,321.4,0.0,0.0,32.2,0,0,0,0,20,0.00,0.00,0.00,27.17,4.5,4.3
627,2024/25,101982,45,41,12,630,0,0,0,17,0,0,0,0,0,23,0,42,193.8,10.0,0.0,20.4,0,0,0,0,7,0.00,0.00,0.00,12.98,4.5,4.1
628,2021/22,149065,50,52,146,3285,0,1,11,40,1,0,0,3,0,121,11,722,947.0,30.0,0.0,97.5,0,0,0,0,0,0.00,0.00,0.00,0.00,5.0,5.2
628,2022/23,149065,50,50,148,3240,0,0,11,55,0,2,0,2,0,108,18,683,862.2,0.0,0.0,86.4,0,0,0,0,36,0.00,0.00,0.00,54.63,5.0,5.0
628,2023/24,149065,50,50,107,3037,0,1,4,58,0,0,0,1,0,134,8,622,1003.4,11.0,0.0,101.6,0,0,0,0,35,0.00,0.00,0.00,59.38,5.0,5.0
628,2024/25,149065,45,44,93,2610,0,0,7,48,0,2,0,2,0,71,4,305,603.4,30.0,0.0,63.4,0,0,0,0,29,0.00,0.01,0.01,42.22,4.5,4.4
629,2022/23,79602,40,40,6,180,0,0,0,3,0,0,0,0,0,11,0,45,70.2,0.0,0.0,7.0,0,0,0,0,2,0.00,0.00,0.00,4.66,4.0,4.0
629,2023/24,79602,40,39,18,382,0,0,2,7,0,0,0,0,0,8,1,73,70.8,0.0,0.0,7.1,0,0,0,0,3,0.00,0.00,0.00,7.79,4.0,3.9
629,2024/25,79602,40,39,9,180,0,0,1,4,0,0,0,0,0,8,1,29,60.0,0.0,0.0,6.0,0,0,0,0,2,0.00,0.00,0.00,3.01,4.0,3.9
631,2024/25,516939,40,40,45,1410,1,0,4,22,0,0,0,3,0,0,1,223,395.2,57.3,67.0,52.0,0,0,0,144,16,0.90,0.32,1.22,23.12,4.0,4.0
632,2010/11,87835,40,40,0,0,0,0,0,0,0,0,0,0,0,0,0,0,0.0,0.0,0.0,0.0,0,0,0,0,0,0.00,0.00,0.00,0.00,4.0,4.0
632,2011/12,87835,40,40,1,45,0,0,0,0,0,0,0,0,0,0,0,0,0.0,0.0,0.0,0.0,0,0,0,0,0,0.00,0.00,0.00,0.00,4.0,4.0
632,2018/19,87835,45,53,144,3141,4,7,8,41,1,0,0,5,0,0,12,596,758.8,547.4,711.0,201.6,0,0,0,0,0,0.00,0.00,0.00,0.00,4.5,5.3
632,2019/20,87835,60,65,167,2836,4,8,12,31,0,0,0,1,0,0,15,590,576.2,340.5,681.0,160.0,0,0,0,0,0,0.00,0.00,0.00,0.00,6.0,6.5
632,2020/21,87835,60,56,47,1238,0,2,4,15,0,0,0,2,1,0,4,222,257.2,182.4,79.0,52.0,0,0,0,0,0,0.00,0.00,0.00,0.00,6.0,5.6
632,2021/22,87835,50,45,67,871,2,5,3,11,0,0,0,0,0,0,8,255,279.6,224.4,291.0,79.6,0,0,0,0,0,0.00,0.00,0.00,0.00,5.0,4.5
632,2022/23,87835,50,46,35,663,1,0,3,9,0,0,0,0,0,0,2,147,147.0,110.5,146.0,40.3,0,0,0,0,7,0.74,0.27,1.01,8.61,5.0,4.6
632,2023/24,87835,45,43,41,1136,1,0,1,21,0,0,0,2,0,0,1,186,237.8,168.1,122.0,52.9,0,0,0,0,9,0.89,0.86,1.75,23.16,4.5,4.3
632,2024/25,87835,45,43,75,2105,2,1,6,38,1,0,0,6,0,0,4,307,502.2,179.9,135.0,81.8,0,0,0,170,25,1.12,1.24,2.36,32.68,4.5,4.3
633,2020/21,490721,40,40,0,0,0,0,0,0,0,0,0,0,0,0,0,0,0.0,0.0,0.0,0.0,0,0,0,0,0,0.00,0.00,0.00,0.00,4.0,4.0
633,2021/22,490721,40,40,0,0,0,0,0,0,0,0,0,0,0,0,0,0,0.0,0.0,0.0,0.0,0,0,0,0,0,0.00,0.00,0.00,0.00,4.0,4.0
633,2022/23,490721,40,38,41,1307,0,1,3,29,0,0,0,1,0,0,3,239,224.0,269.2,76.0,57.2,0,0,0,0,16,0.17,1.00,1.17,22.62,4.0,3.8
633,2023/24,490721,45,44,29,727,0,0,2,16,1,0,0,1,0,0,0,136,139.4,122.1,30.0,29.0,0,0,0,0,7,0.31,0.68,0.99,12.99,4.5,4.4
633,2024/25,490721,45,45,0,0,0,0,0,0,0,0,0,0,0,0,0,0,0.0,0.0,0.0,0.0,0,0,0,0,0,0.00,0.00,0.00,0.00,4.5,4.5
634,2021/22,501837,45,44,0,0,0,0,0,0,0,0,0,0,0,0,0,0,0.0,0.0,0.0,0.0,0,0,0,0,0,0.00,0.00,0.00,0.00,4.5,4.4
634,2022/23,501837,40,39,0,0,0,0,0,0,0,0,0,0,0,0,0,0,0.0,0.0,0.0,0.0,0,0,0,0,0,0.00,0.00,0.00,0.00,4.0,3.9
634,2023/24,501837,40,40,0,0,0,0,0,0,0,0,0,0,0,0,0,0,0.0,0.0,0.0,0.0,0,0,0,0,0,0.00,0.00,0.00,0.00,4.0,4.0
634,2024/25,501837,40,38,3,441,0,0,0,12,0,0,0,2,0,0,0,24,110.2,27.3,21.0,16.0,0,0,0,45,5,0.33,0.03,0.36,5.63,4.0,3.8
635,2024/25,483081,55,51,42,794,2,0,1,20,0,0,0,0,0,0,0,183,186.6,180.2,113.0,47.6,0,0,0,47,7,0.72,0.87,1.59,16.09,5.5,5.1
636,2023/24,231480,45,45,13,819,0,0,0,18,0,0,0,1,0,0,0,124,173.8,27.1,2.0,20.3,0,0,0,0,9,0.00,0.01,0.01,20.71,4.5,4.5
636,2024/25,231480,45,43,52,1678,0,0,5,34,0,0,0,2,0,0,2,174,345.4,15.8,80.0,44.2,0,0,0,147,18,0.45,0.10,0.55,29.40,4.5,4.3
637,2021/22,510362,45,44,6,360,0,0,0,6,0,0,0,1,0,0,0,52,87.0,4.5,28.0,12.0,0,0,0,0,0,0.00,0.00,0.00,0.00,4.5,4.4
637,2022/23,510362,40,39,43,978,1,0,4,14,0,0,0,6,0,0,4,201,230.0,74.5,69.0,37.4,0,0,0,0,10,0.35,0.23,0.58,20.87,4.0,3.9
637,2023/24,510362,45,44,82,2771,1,4,4,49,0,0,0,7,0,0,6,468,550.0,117.7,167.0,83.7,0,0,0,0,31,1.62,0.63,2.25,53.46,4.5,4.4
637,2024/25,510362,45,43,79,2613,0,1,8,45,0,0,0,7,0,0,8,370,617.2,144.2,102.0,86.5,0,0,0,250,30,0.73,0.60,1.33,41.65,4.5,4.3
638,2019/20,441271,40,39,0,0,0,0,0,0,0,0,0,0,0,0,0,0,0.0,0.0,0.0,0.0,0,0,0,0,0,0.00,0.00,0.00,0.00,4.0,3.9
638,2020/21,441271,45,44,13,573,0,0,0,11,0,0,0,1,0,0,0,80,100.4,59.7,26.0,18.7,0,0,0,0,0,0.00,0.00,0.00,0.00,4.5,4.4
638,2021/22,441271,40,39,14,306,0,0,1,5,0,0,0,1,0,0,0,56,42.6,22.1,8.0,7.1,0,0,0,0,0,0.00,0.00,0.00,0.00,4.0,3.9
638,2023/24,441271,40,40,0,0,0,0,0,0,0,0,0,0,0,0,0,0,0.0,0.0,0.0,0.0,0,0,0,0,0,0.00,0.00,0.00,0.00,4.0,4.0
638,2024/25,441271,40,40,0,0,0,0,0,0,0,0,0,0,0,0,0,0,0.0,0.0,0.0,0.0,0,0,0,0,0,0.00,0.00,0.00,0.00,4.0,4.0
639,2024/25,560248,40,39,0,0,0,0,0,0,0,0,0,0,0,0,0,0,0.0,0.0,0.0,0.0,0,0,0,0,0,0.00,0.00,0.00,0.00,4.0,3.9
640,2024/25,641221,40,39,2,69,0,0,0,2,0,0,0,0,0,0,0,9,23.4,34.8,11.0,6.9,0,0,0,7,1,0.06,0.10,0.16,0.77,4.0,3.9
641,2024/25,517179,40,39,1,1,0,0,0,0,0,0,0,0,0,0,0,3,0.0,0.0,0.0,0.0,0,0,0,0,0,0.00,0.00,0.00,0.00,4.0,3.9
642,2021/22,184754,55,54,81,1811,5,1,7,22,0,0,0,2,0,0,11,288,322.2,268.3,481.0,106.7,0,0,0,0,0,0.00,0.00,0.00,0.00,5.5,5.4
642,2022/23,184754,60,57,60,1117,3,2,3,18,0,0,0,1,0,0,3,156,195.2,150.2,242.0,58.8,0,0,0,0,12,2.97,0.62,3.59,16.92,6.0,5.7
642,2023/24,184754,55,54,125,2116,12,3,3,37,0,0,0,6,0,0,10,334,534.2,259.9,614.0,140.7,0,0,0,0,25,7.53,2.84,10.37,38.86,5.5,5.4
642,2024/25,184754,65,61,37,646,2,1,0,19,0,0,0,0,0,0,0,130,111.6,72.7,84.0,26.7,0,0,0,46,5,0.79,0.35,1.14,12.57,6.5,6.1
643,2024/25,509291,50,50,61,2472,0,0,7,46,0,0,0,7,0,0,1,436,383.2,285.5,30.0,69.7,0,0,0,359,31,0.41,0.52,0.93,40.79,5.0,5.0
644,2023/24,231057,50,49,45,948,2,2,0,24,0,0,0,0,1,0,1,150,189.8,170.1,163.0,52.2,0,0,0,0,10,1.35,0.76,2.11,26.15,5.0,4.9
644,2024/25,231057,50,49,90,1666,2,7,6,31,0,0,0,3,0,0,5,332,355.6,422.8,200.0,97.2,0,0,0,131,20,1.46,2.74,4.20,26.55,5.0,4.9
646,2022/23,448089,45,45,21,649,1,0,2,18,0,0,0,5,0,0,2,84,139.8,74.3,46.0,25.8,0,0,0,0,7,0.30,0.11,0.41,14.35,4.5,4.5
646,2023/24,448089,50,49,75,2646,2,2,4,51,0,0,0,11,0,0,3,359,493.2,372.3,196.0,106.1,0,0,0,0,32,1.82,1.76,3.58,53.05,5.0,4.9
646,2024/25,448089,50,49,87,2975,3,1,6,59,0,0,0,9,1,0,7,489,513.4,428.9,231.0,117.3,0,0,0,377,35,2.94,2.61,5.55,49.50,5.0,4.9
647,2022/23,181284,60,58,29,703,1,1,2,12,0,0,0,1,0,0,1,85,89.4,139.6,223.0,45.1,0,0,0,0,8,1.20,0.45,1.65,11.99,6.0,5.8
647,2023/24,181284,55,54,0,0,0,0,0,0,0,0,0,0,0,0,0,0,0.0,0.0,0.0,0.0,0,0,0,0,0,0.00,0.00,0.00,0.00,5.5,5.4
647,2024/25,181284,55,53,62,979,2,4,3,25,0,0,0,1,0,0,2,187,215.8,213.9,217.0,64.0,0,0,0,60,10,3.28,0.92,4.20,18.83,5.5,5.3
648,2024/25,433312,50,50,50,1077,2,2,5,11,0,0,0,0,0,0,4,134,176.8,132.9,212.0,52.3,0,0,0,83,12,3.32,1.08,4.39,14.59,5.0,5.0
649,2022/23,476502,45,43,14,405,0,1,0,9,0,0,0,2,0,0,0,44,54.4,16.9,7.0,7.9,0,0,0,0,4,0.07,0.06,0.13,7.62,4.5,4.3
649,2023/24,476502,45,43,25,802,0,0,0,23,0,0,0,4,0,0,0,122,114.4,106.5,27.0,25.2,0,0,0,0,7,0.28,0.33,0.61,18.74,4.5,4.3
649,2024/25,476502,50,48,1,1,0,0,0,0,0,0,0,0,0,0,0,3,4.0,0.0,0.0,0.4,0,0,0,2,0,0.00,0.00,0.00,0.00,5.0,4.8
650,2023/24,497606,45,44,8,138,0,0,0,2,0,0,0,1,0,0,0,21,22.0,24.7,21.0,6.6,0,0,0,0,1,0.16,0.07,0.23,1.45,4.5,4.4
650,2024/25,497606,45,45,0,0,0,0,0,0,0,0,0,0,0,0,0,0,0.0,0.0,0.0,0.0,0,0,0,0,0,0.00,0.00,0.00,0.00,4.5,4.5
651,2024/25,596054,45,45,0,0,0,0,0,0,0,0,0,0,0,0,0,0,0.0,0.0,0.0,0.0,0,0,0,0,0,0.00,0.00,0.00,0.00,4.5,4.5
652,2023/24,593001,50,50,1,1,0,0,0,0,0,0,0,0,0,0,0,3,0.2,0.8,0.0,0.1,0,0,0,0,0,0.00,0.00,0.00,0.00,5.0,5.0
652,2024/25,593001,45,44,0,0,0,0,0,0,0,0,0,0,0,0,0,0,0.0,0.0,0.0,0.0,0,0,0,0,0,0.00,0.00,0.00,0.00,4.5,4.4
653,2022/23,240299,45,43,5,172,0,0,0,5,0,0,0,1,0,0,0,17,14.4,17.4,30.0,6.1,0,0,0,0,1,0.28,0.05,0.33,4.04,4.5,4.3
653,2023/24,240299,45,44,0,0,0,0,0,0,0,0,0,0,0,0,0,0,0.0,0.0,0.0,0.0,0,0,0,0,0,0.00,0.00,0.00,0.00,4.5,4.4
653,2024/25,240299,45,45,0,0,0,0,0,0,0,0,0,0,0,0,0,0,0.0,0.0,0.0,0.0,0,0,0,0,0,0.00,0.00,0.00,0.00,4.5,4.5
655,2020/21,449988,55,52,72,1352,4,3,0,29,0,0,0,2,0,0,5,198,238.2,166.1,758.0,114.9,0,0,0,0,0,0.00,0.00,0.00,0.00,5.5,5.2
655,2021/22,449988,60,56,30,562,0,1,0,7,0,0,0,0,0,0,0,43,21.0,48.3,262.0,32.0,0,0,0,0,0,0.00,0.00,0.00,0.00,6.0,5.6
655,2022/23,449988,55,55,0,0,0,0,0,0,0,0,0,0,0,0,0,0,0.0,0.0,0.0,0.0,0,0,0,0,0,0.00,0.00,0.00,0.00,5.5,5.5
655,2023/24,449988,55,52,8,259,0,0,1,8,0,0,0,2,0,0,0,7,25.2,51.6,93.0,16.9,0,0,0,0,3,1.12,0.09,1.21,7.20,5.5,5.2
655,2024/25,449988,50,50,0,0,0,0,0,0,0,0,0,0,0,0,0,0,0.0,0.0,0.0,0.0,0,0,0,0,0,0.00,0.00,0.00,0.00,5.0,5.0
656,2022/23,429414,55,53,1,45,0,0,0,0,0,0,0,0,0,0,0,-1,0.0,0.0,9.0,0.7,0,0,0,0,1,0.27,0.00,0.27,0.62,5.5,5.3
656,2023/24,429414,50,49,24,158,2,0,1,2,0,0,0,0,0,0,4,88,94.0,48.7,66.0,20.7,0,0,0,0,1,1.01,0.26,1.27,2.57,5.0,4.9
656,2024/25,429414,50,48,0,0,0,0,0,0,0,0,0,0,0,0,0,0,0.0,0.0,0.0,0.0,0,0,0,0,0,0.00,0.00,0.00,0.00,5.0,4.8
657,2023/24,589507,45,45,5,173,0,0,0,4,0,0,0,0,0,0,0,12,7.8,1.2,13.0,2.2,0,0,0,0,2,0.10,0.02,0.12,1.89,4.5,4.5
657,2024/25,589507,45,44,0,0,0,0,0,0,0,0,0,0,0,0,0,0,0.0,0.0,0.0,0.0,0,0,0,0,0,0.00,0.00,0.00,0.00,4.5,4.4
658,2022/23,531363,45,45,0,0,0,0,0,0,0,0,0,0,0,0,0,0,0.0,0.0,0.0,0.0,0,0,0,0,0,0.00,0.00,0.00,0.00,4.5,4.5
658,2023/24,531363,45,45,7,183,0,0,1,3,0,0,0,1,0,0,0,17,22.4,29.2,36.0,8.6,0,0,0,0,1,0.32,0.06,0.38,3.25,4.5,4.5
658,2024/25,531363,45,45,0,0,0,0,0,0,0,0,0,0,0,0,0,0,0.0,0.0,0.0,0.0,0,0,0,0,0,0.00,0.00,0.00,0.00,4.5,4.5
749,2024/25,647671,45,45,1,1,0,0,0,0,0,0,0,0,0,0,0,3,0.0,0.3,0.0,0.0,0,0,0,0,0,0.00,0.00,0.00,0.00,4.5,4.5
777,2023/24,514362,45,45,0,0,0,0,0,0,0,0,0,0,0,0,0,0,0.0,0.0,0.0,0.0,0,0,0,0,0,0.00,0.00,0.00,0.00,4.5,4.5
816,2016/17,209041,45,45,1,3,0,0,0,0,0,0,0,0,0,0,0,2,0.8,3.8,0.0,0.5,0,0,0,0,0,0.00,0.00,0.00,0.00,4.5,4.5
816,2018/19,209041,50,50,2,25,0,0,0,1,0,0,0,0,0,0,0,4,5.2,2.3,18.0,2.6,0,0,0,0,0,0.00,0.00,0.00,0.00,5.0,5.0
816,2019/20,209041,50,47,2,19,0,0,0,1,0,0,0,0,0,0,0,7,4.2,24.8,2.0,3.1,0,0,0,0,0,0.00,0.00,0.00,0.00,5.0,4.7
817,2013/14,155511,45,45,4,34,0,0,0,1,0,0,0,0,0,0,0,4,0.0,0.0,0.0,0.0,0,0,0,0,0,0.00,0.00,0.00,0.00,4.5,4.5
817,2014/15,155511,45,43,14,211,0,1,0,8,0,0,0,1,0,0,0,35,0.0,0.0,0.0,0.0,0,0,0,0,0,0.00,0.00,0.00,0.00,4.5,4.3
817,2015/16,155511,45,43,0,0,0,0,0,0,0,0,0,0,0,0,0,0,0.0,0.0,0.0,0.0,0,0,0,0,0,0.00,0.00,0.00,0.00,4.5,4.3
817,2021/22,155511,60,57,57,1409,2,3,4,31,0,0,0,1,0,0,3,150,179.2,180.2,575.0,92.7,0,0,0,0,0,0.00,0.00,0.00,0.00,6.0,5.7
817,2022/23,155511,55,53,54,1321,2,1,1,24,0,0,0,2,0,0,3,161,176.2,148.8,292.0,60.7,0,0,0,0,14,2.23,0.75,2.98,24.77,5.5,5.3
817,2024/25,155511,55,51,45,1246,2,3,2,35,0,0,1,4,0,0,2,145,154.4,143.7,262.0,56.0,0,0,0,47,15,3.28,0.56,3.84,33.47,5.5,5.1
